segment_id,phase,model_best_phase,model_best_score,model_best_cluster,anomaly_score,is_anomaly
Dec 28 2025-a8ae7f-1766938889.29-1766939629.0-1489-fabd2747bb42,DEPARTURE,DEPARTURE,0.29954020634799366,0.0,0.29954020634799366,False
Dec 28 2025-a417c9-1766938011.79-1766938776.88-2421-48ca5c84d37b,DEPARTURE,DEPARTURE,0.2559650446993064,0.0,0.2559650446993064,False
Dec 27 2025-acb82c-1766847765.1-1766848676.05-629-9d5e9a4de708,DEPARTURE,DEPARTURE,0.21520985098223386,0.0,0.21520985098223386,False
a384f2-0-b47915b476a0,DEPARTURE,DEPARTURE,0.0,0.0,0.0,False
Dec 28 2025-ad2efa-1766894717.5-1766895419.44-3042-b7bd1e8e7184,DEPARTURE,DEPARTURE,0.0,0.0,0.0,False
Dec 27 2025-a8e262-1766853731.36-1766854527.74-1435-aeb63fdafbba,DEPARTURE,DEPARTURE,0.24019339048575128,0.0,0.24019339048575128,False
Dec 27 2025-ac74f9-1766799848.27-1766800631.7-3675-099fd2fde5dd,DEPARTURE,DEPARTURE,0.0,0.0,0.0,False
Dec 28 2025-a7dadc-1766954174.81-1766955100.63-2658-104f09e9959d,DEPARTURE,DEPARTURE,0.25924952115298655,0.0,0.25924952115298655,False
Dec 28 2025-a948c4-1766937193.94-1766938123.59-2375-474738f0d092,DEPARTURE,DEPARTURE,0.32487061496256325,0.0,0.32487061496256325,False
Dec 28 2025-a3b414-1766889677.35-1766890393.76-270-ae7d26a1f943,DEPARTURE,DEPARTURE,0.326385791745281,0.0,0.326385791745281,False
a23525-0-558ba4932db3,DEPARTURE,DEPARTURE,0.9722519191854544,0.0,0.9722519191854544,False
Dec 27 2025-abb54f-1766800228.32-1766800935.9-1181-550b66c1ef66,DEPARTURE,DEPARTURE,0.0,0.0,0.0,False
a6a347-0-c7ae01fd3738,DEPARTURE,DEPARTURE,0.0,0.0,0.0,False
a376d6-0-35afdeaf7f8e,DEPARTURE,DEPARTURE,0.5818248404099841,0.0,0.5818248404099841,False
ac01d3-0-dc35c33bdd18,DEPARTURE,DEPARTURE,0.0,0.0,0.0,False
Dec 27 2025-a2a54c-1766843517.42-1766845213.88-1122-c5591a443964,DEPARTURE,DEPARTURE,0.0,0.0,0.0,False
a44d62-0-1dce874c5e02,DEPARTURE,DEPARTURE,0.0,0.0,0.0,False
Dec 27 2025-448466-1766876251.64-1766877114.85-1487-b13c38661986,DEPARTURE,DEPARTURE,0.2860584779099055,0.0,0.2860584779099055,False
Dec 30 2025-ac119d-1767056939.15-1767059075.0-1410-01ee53e74d3f,DEPARTURE,DEPARTURE,0.7323296281387093,0.0,0.7323296281387093,False
Dec 28 2025-ac2b6c-1766939609.07-1766940630.17-1281-1ed61ceac70b,DEPARTURE,DEPARTURE,0.28096082549935864,0.0,0.28096082549935864,False
Dec 30 2025-add80b-1767120048.26-1767120327.96-131-794a34a3ac32,DEPARTURE,DEPARTURE,0.7644472204687464,0.0,0.7644472204687464,False
Dec 28 2025-a448fc-1766884108.86-1766884810.51-3057-b31eada545d2,DEPARTURE,DEPARTURE,0.27816965966881607,0.0,0.27816965966881607,False
Dec 27 2025-a41447-1766852848.61-1766853721.89-1024-0dd472854c1a,DEPARTURE,DEPARTURE,0.0,0.0,0.0,False
a92e73-0-6a6cf170be98,DEPARTURE,DEPARTURE,0.7554389820413997,0.0,0.7554389820413997,False
Dec 27 2025-ab84ab-1766807666.87-1766808488.34-2526-10dccab9cefc,DEPARTURE,DEPARTURE,0.4112683549348242,0.0,0.4112683549348242,False
ac7074-0-27a7cd16f9e9,DEPARTURE,DEPARTURE,0.7976035511198576,0.0,0.7976035511198576,False
Dec 27 2025-ad5c38-1766849869.29-1766850764.57-786-5b7074f6e42d,DEPARTURE,DEPARTURE,0.0,0.0,0.0,False
a0a837-0-6cc3e84d832f,DEPARTURE,DEPARTURE,0.0,0.0,0.0,False
Dec 27 2025-4851b0-1766868986.81-1766869775.56-2577-e3d320978db3,DEPARTURE,DEPARTURE,0.0,0.0,0.0,False
Dec 28 2025-a37aa3-1766961850.7-1766962579.69-1950-467f59e06062,DEPARTURE,DEPARTURE,0.0,0.0,0.0,False
Dec 27 2025-ac685d-1766867668.34-1766868418.29-1350-360cb99b4557,DEPARTURE,DEPARTURE,0.0,0.0,0.0,False
abe579-0-47e44b0e322e,DEPARTURE,DEPARTURE,0.2836177214777165,0.0,0.2836177214777165,False
Dec 27 2025-a960bf-1766838494.78-1766840089.65-2851-e699eb18f721,DEPARTURE,DEPARTURE,0.6800434638500686,0.0,0.6800434638500686,False
Dec 28 2025-a3c8cb-1766942937.32-1766943688.56-2450-555546ed77cb,DEPARTURE,DEPARTURE,0.2175990013574302,0.0,0.2175990013574302,False
ac119d-0-e6f2d997b483,DEPARTURE,DEPARTURE,0.4235785677785083,0.0,0.4235785677785083,False
a894b5-0-f8ee917e4aca,DEPARTURE,DEPARTURE,0.5116028224389979,0.0,0.5116028224389979,False
a0ed34-0-1763f8aa57a9,DEPARTURE,DEPARTURE,0.9186565114167063,0.0,0.9186565114167063,False
Dec 27 2025-a9acb8-1766799804.97-1766800514.75-2717-5a5f5344f207,DEPARTURE,DEPARTURE,0.28097946955766,0.0,0.28097946955766,False
Dec 28 2025-a34215-1766939055.52-1766939794.12-279-0da1a62e7e46,DEPARTURE,DEPARTURE,0.23392006875853427,0.0,0.23392006875853427,False
Dec 27 2025-ad3c78-1766841447.57-1766842310.0-1752-4768f006b61c,DEPARTURE,DEPARTURE,0.0,0.0,0.0,False
Dec 27 2025-a44b56-1766850441.01-1766851263.46-1279-2232de079f45,DEPARTURE,DEPARTURE,0.17435473584536545,0.0,0.17435473584536545,False
a61f05-0-7a8891cf353b,DEPARTURE,DEPARTURE,0.0,0.0,0.0,False
Dec 27 2025-a45072-1766874709.42-1766875435.65-1654-cbfa094fc517,DEPARTURE,DEPARTURE,0.0,0.0,0.0,False
a597f2-0-ff0c53b0212e,DEPARTURE,DEPARTURE,0.0,0.0,0.0,False
Dec 29 2025-4bb199-1766976990.55-1766977827.32-1111-618ce0d4c70a,DEPARTURE,DEPARTURE,0.0,0.0,0.0,False
adbdc9-0-2ce6f234b37a,DEPARTURE,DEPARTURE,0.36703276756508735,0.0,0.36703276756508735,False
Dec 28 2025-a44e24-1766946994.81-1766947732.37-444-ab0aa3a117ea,DEPARTURE,DEPARTURE,0.0,0.0,0.0,False
Dec 27 2025-a3b414-1766857000.7-1766857764.28-309-3322c31f69d0,DEPARTURE,DEPARTURE,0.446140538725006,0.0,0.446140538725006,False
a48a8f-0-b081b3179897,DEPARTURE,DEPARTURE,0.0,0.0,0.0,False
acc7ae-0-9e4522a0ecb7,DEPARTURE,DEPARTURE,0.343972837277026,0.0,0.343972837277026,False
ab6851-0-a41024166463,DEPARTURE,DEPARTURE,0.0,0.0,0.0,False
a7e509-0-f225da4fc77f,DEPARTURE,DEPARTURE,0.0,0.0,0.0,False
a6fb2e-0-f21da845248d,DEPARTURE,DEPARTURE,0.3377038082361878,0.0,0.3377038082361878,False
Dec 27 2025-a600e4-1766806097.17-1766806928.76-3375-63d9bdd279ca,DEPARTURE,DEPARTURE,0.26936131667123314,0.0,0.26936131667123314,False
a7912a-0-19e31b881420,DEPARTURE,DEPARTURE,0.0,0.0,0.0,False
Dec 28 2025-a7de93-1766945217.72-1766945985.84-1744-477551d80535,DEPARTURE,DEPARTURE,0.0,0.0,0.0,False
Dec 27 2025-0d09b9-1766870921.82-1766871668.53-2728-7f5cb6b4bc1c,DEPARTURE,DEPARTURE,0.0,0.0,0.0,False
Dec 27 2025-478f43-1766799434.92-1766800239.79-960-970321b6e528,DEPARTURE,DEPARTURE,0.0,0.0,0.0,False
ac119d-0-e0a5e6d0abcd,DEPARTURE,DEPARTURE,0.0,0.0,0.0,False
a597f2-0-c3ce42846cc3,DEPARTURE,DEPARTURE,0.0,0.0,0.0,False
Dec 27 2025-ac668d-1766799638.71-1766800367.16-2035-62349cc65163,DEPARTURE,DEPARTURE,0.3536239578279642,0.0,0.3536239578279642,False
Dec 28 2025-abde0b-1766931176.87-1766932051.62-148-e06fc4972d05,DEPARTURE,DEPARTURE,0.0,0.0,0.0,False
Dec 28 2025-a0be05-1766937907.93-1766938887.61-79-4256fc8f0e63,DEPARTURE,DEPARTURE,0.0,0.0,0.0,False
Dec 27 2025-a87cbb-1766838531.46-1766839269.1-2781-5ccac733b890,DEPARTURE,DEPARTURE,0.0,0.0,0.0,False
Dec 27 2025-acad53-1766851916.82-1766852817.78-1242-7942644e941d,DEPARTURE,DEPARTURE,0.0,0.0,0.0,False
a557c3-0-b374f77da49c,DEPARTURE,DEPARTURE,0.0,0.0,0.0,False
Dec 27 2025-a15c01-1766848238.73-1766848956.44-18-fd5c494b0b24,DEPARTURE,DEPARTURE,0.0,0.0,0.0,False
Dec 28 2025-a39e6b-1766896884.5-1766897647.49-1254-2130aa173a71,DEPARTURE,DEPARTURE,0.0,0.0,0.0,False
Dec 28 2025-ac2952-1766965026.54-1766965863.36-980-b818d47ed6e6,DEPARTURE,DEPARTURE,0.2028068225626125,0.0,0.2028068225626125,False
Dec 27 2025-a7d6a8-1766842469.39-1766843284.33-2462-fcf81ac142b8,DEPARTURE,DEPARTURE,0.0,0.0,0.0,False
Dec 28 2025-ac30c0-1766895715.77-1766896429.91-2340-32d8308cfe09,DEPARTURE,DEPARTURE,0.23051890581850332,0.0,0.23051890581850332,False
ad4b54-0-374e25f5418d,DEPARTURE,DEPARTURE,0.3083889250808131,0.0,0.3083889250808131,False
a45592-0-df7458dccbab,DEPARTURE,DEPARTURE,0.0,0.0,0.0,False
Dec 28 2025-a4462e-1766883377.26-1766884139.43-561-f6ed08ce6045,DEPARTURE,DEPARTURE,0.0,0.0,0.0,False
Dec 28 2025-ac5ab7-1766891512.19-1766892419.6-2224-1dc4a7a880e6,DEPARTURE,DEPARTURE,0.2640447634501517,0.0,0.2640447634501517,False
a35d79-0-16355a8692f5,DEPARTURE,DEPARTURE,0.3352276281789308,0.0,0.3352276281789308,False
acd68a-0-a12e1c9765b6,DEPARTURE,DEPARTURE,0.3147404322429246,0.0,0.3147404322429246,False
Dec 29 2025-ada167-1767012718.93-1767013459.55-774-3492e70626f9,DEPARTURE,DEPARTURE,0.5904317340729754,0.0,0.5904317340729754,False
aa7abe-0-4fabeaeb1b9c,DEPARTURE,DEPARTURE,0.0,0.0,0.0,False
Dec 28 2025-a402dd-1766899540.36-1766900282.3-2667-fb182ea02b94,DEPARTURE,DEPARTURE,0.3111720932209253,0.0,0.3111720932209253,False
Dec 27 2025-ad402f-1766874086.0-1766874787.22-673-13f25d75cdd7,DEPARTURE,DEPARTURE,0.22557328769968932,0.0,0.22557328769968932,False
Dec 28 2025-a486b3-1766932065.75-1766932740.98-2145-b1f2ea86dfd8,DEPARTURE,DEPARTURE,0.4671945669805651,0.0,0.4671945669805651,False
Dec 27 2025-a9cff8-1766870257.78-1766871080.99-3658-9ad089634c3e,DEPARTURE,DEPARTURE,0.31399178191784705,0.0,0.31399178191784705,False
Dec 28 2025-a21142-1766957702.43-1766958455.27-769-276c384a0c56,DEPARTURE,DEPARTURE,0.48870660848796293,0.0,0.48870660848796293,False
Dec 28 2025-ac7e60-1766930123.25-1766930932.11-1137-3fa90c774b4e,DEPARTURE,DEPARTURE,0.0,0.0,0.0,False
aaee43-0-8906057b67cf,DEPARTURE,DEPARTURE,0.0,0.0,0.0,False
Dec 27 2025-aa9ad9-1766859520.86-1766860205.35-3205-efba5b0706b2,DEPARTURE,DEPARTURE,0.29947135725489377,0.0,0.29947135725489377,False
a3f04a-0-1987870d96eb,DEPARTURE,DEPARTURE,0.0,0.0,0.0,False
Dec 27 2025-a2afeb-1766843373.06-1766844085.66-3480-860b6c89a3ba,DEPARTURE,DEPARTURE,0.41530572347479866,0.0,0.41530572347479866,False
abca00-0-4a1bc1d4e6b6,DEPARTURE,DEPARTURE,0.34990357743950234,0.0,0.34990357743950234,False
a05514-0-1d79b4ff5e92,DEPARTURE,DEPARTURE,0.3309908467081638,0.0,0.3309908467081638,False
Dec 27 2025-acfc05-1766855335.29-1766856091.88-82-ea439a81e78b,DEPARTURE,DEPARTURE,0.37067845470217375,0.0,0.37067845470217375,False
ada16f-0-5e6a09e03465,DEPARTURE,DEPARTURE,0.4035599384061224,0.0,0.4035599384061224,False
Dec 27 2025-aaf111-1766854445.92-1766855174.39-253-d10248a575ae,DEPARTURE,DEPARTURE,0.0,0.0,0.0,False
Dec 27 2025-a32ee2-1766851410.25-1766852240.33-3343-e7936a7e33db,DEPARTURE,DEPARTURE,0.6639610212570651,0.0,0.6639610212570651,False
Dec 28 2025-ab5365-1766893730.42-1766894550.58-1187-b99c4a868090,DEPARTURE,DEPARTURE,0.0,0.0,0.0,False
Dec 27 2025-a8e279-1766797744.76-1766798432.65-1762-9ef1f0bd01d5,DEPARTURE,DEPARTURE,0.0,0.0,0.0,False
a022c4-0-7251bf47de59,DEPARTURE,DEPARTURE,0.2970208359745818,0.0,0.2970208359745818,False
abfcb6-0-f63ec8b101fc,DEPARTURE,DEPARTURE,0.0,0.0,0.0,False
acd68a-0-0476aa770c18,DEPARTURE,DEPARTURE,0.3882592608171957,0.0,0.3882592608171957,False
a70bd1-0-1d14272b9a1c,DEPARTURE,DEPARTURE,0.0,0.0,0.0,False
Dec 27 2025-a48a8f-1766845432.67-1766846302.74-2064-63b7a4ad59d2,DEPARTURE,DEPARTURE,0.14963054925356728,0.0,0.14963054925356728,False
Dec 27 2025-a86925-1766871362.42-1766872116.71-536-36d516d43f45,DEPARTURE,DEPARTURE,0.23749189687518132,0.0,0.23749189687518132,False
Dec 27 2025-a6ef4d-1766861128.79-1766861634.69-1144-b43c433fb995,DEPARTURE,DEPARTURE,1.4180557596919645,-1.0,1.4180557596919645,True
ac5b43-0-89cea6e03001,DEPARTURE,DEPARTURE,0.28647370280319107,0.0,0.28647370280319107,False
Dec 29 2025-ac2f18-1766986335.32-1766987117.18-174-8d3f85bfa2c2,DEPARTURE,DEPARTURE,0.0,0.0,0.0,False
Dec 27 2025-a3524e-1766868966.87-1766869716.57-1161-187769beb2e2,DEPARTURE,DEPARTURE,0.0,0.0,0.0,False
Dec 27 2025-ac3beb-1766810297.64-1766811094.92-3486-c0e2caf26cbd,DEPARTURE,DEPARTURE,0.3431992632670794,0.0,0.3431992632670794,False
Dec 27 2025-ab4b34-1766874778.99-1766875603.31-728-461eaf579757,DEPARTURE,DEPARTURE,0.30932993793022,0.0,0.30932993793022,False
Dec 29 2025-8966d4-1766975637.07-1766976359.73-1558-f599e8916b45,DEPARTURE,DEPARTURE,0.3701597872801877,0.0,0.3701597872801877,False
Dec 27 2025-a3901d-1766844795.27-1766845536.92-439-e9a3d1df10ba,DEPARTURE,DEPARTURE,0.18246016204857862,0.0,0.18246016204857862,False
Dec 28 2025-ac5ab7-1766891512.19-1766892419.6-2224-cf0a22d12d82,DEPARTURE,DEPARTURE,0.16596834887499298,0.0,0.16596834887499298,False
ad34b9-0-a5bcb9d8abee,DEPARTURE,DEPARTURE,0.29927557933273213,0.0,0.29927557933273213,False
a9844d-0-530266e094c5,DEPARTURE,DEPARTURE,0.7425329089414121,0.0,0.7425329089414121,False
ac066b-0-5116ba98f849,DEPARTURE,DEPARTURE,0.1539302820207994,0.0,0.1539302820207994,False
Dec 28 2025-ac83d5-1766956933.4-1766957658.97-2566-c7becb5bff10,DEPARTURE,DEPARTURE,0.33635909808243897,0.0,0.33635909808243897,False
ad14f9-0-5a8f9dec783a,DEPARTURE,DEPARTURE,0.0,0.0,0.0,False
aaeae5-0-c2d0e62e7b87,DEPARTURE,DEPARTURE,0.32210101279739456,0.0,0.32210101279739456,False
Dec 27 2025-a3e011-1766803209.2-1766803953.91-239-d8c9b8b6d37d,DEPARTURE,DEPARTURE,0.37117128022973395,0.0,0.37117128022973395,False
Dec 27 2025-a51334-1766879684.78-1766879999.23-719-b18e81d06901,DEPARTURE,DEPARTURE,0.7121529736977127,0.0,0.7121529736977127,False
Dec 28 2025-abd9d9-1766934751.5-1766935408.07-2610-e2b0567212ab,DEPARTURE,DEPARTURE,0.0,0.0,0.0,False
Dec 27 2025-adcca5-1766864825.34-1766865720.2-2417-d027f1f11246,DEPARTURE,DEPARTURE,0.0,0.0,0.0,False
Dec 28 2025-a17c12-1766951980.76-1766952828.1-234-90cb107117e5,DEPARTURE,DEPARTURE,0.3719526869371052,0.0,0.3719526869371052,False
Dec 27 2025-a017a8-1766842981.96-1766843734.05-2452-a0ef9557f1ff,DEPARTURE,DEPARTURE,0.0,0.0,0.0,False
Dec 28 2025-a42020-1766891071.58-1766891932.78-390-aca70455117e,DEPARTURE,DEPARTURE,0.3396109831898629,0.0,0.3396109831898629,False
aa1b21-0-d0f7b80295de,DEPARTURE,DEPARTURE,0.34028413597720947,0.0,0.34028413597720947,False
Dec 28 2025-ac83d5-1766943787.51-1766944559.57-2564-5aaceb8f520e,DEPARTURE,DEPARTURE,0.0,0.0,0.0,False
Dec 27 2025-a8bc34-1766859677.3-1766860418.03-725-6d03200b10fb,DEPARTURE,DEPARTURE,0.0,0.0,0.0,False
Dec 27 2025-a3f401-1766858615.48-1766859433.37-27-52d6caef0ab0,DEPARTURE,DEPARTURE,0.35467602786699165,0.0,0.35467602786699165,False
a4bbde-0-b04a2a2b32fc,DEPARTURE,DEPARTURE,0.0,0.0,0.0,False
Dec 28 2025-a67bd3-1766955037.3-1766955916.06-2530-55762eb24ac3,DEPARTURE,DEPARTURE,0.0,0.0,0.0,False
ac7074-0-bca13d3bed73,DEPARTURE,DEPARTURE,0.0,0.0,0.0,False
Dec 29 2025-c02e8f-1767007858.37-1767008627.55-1042-5c95f14ba0a7,DEPARTURE,DEPARTURE,0.0,0.0,0.0,False
Dec 28 2025-aca3e6-1766937126.53-1766938047.61-2788-6135c6366cfd,DEPARTURE,DEPARTURE,0.0,0.0,0.0,False
a37a02-0-f90c3490e211,DEPARTURE,DEPARTURE,0.0,0.0,0.0,False
Dec 29 2025-a3b3df-1767017801.67-1767018635.85-1623-6de47c0a8ebe,DEPARTURE,DEPARTURE,0.0,0.0,0.0,False
a3117c-0-87c4dd9f3710,DEPARTURE,DEPARTURE,0.0,0.0,0.0,False
Dec 27 2025-aaa90c-1766871554.57-1766872391.71-156-f756eb58dfc1,DEPARTURE,DEPARTURE,0.0,0.0,0.0,False
Dec 27 2025-aa818d-1766796937.38-1766797880.93-2030-10863e9199bf,DEPARTURE,DEPARTURE,0.4563883844713459,0.0,0.4563883844713459,False
a15a2c-0-9534afb37420,DEPARTURE,DEPARTURE,0.0,0.0,0.0,False
Dec 27 2025-a4e35f-1766795123.5-1766796018.24-1364-fd1d40552342,DEPARTURE,DEPARTURE,0.25774887384922673,0.0,0.25774887384922673,False
abb68c-0-c957a8864323,DEPARTURE,DEPARTURE,0.0,0.0,0.0,False
ad63f7-0-243ae8a47508,DEPARTURE,DEPARTURE,0.0,0.0,0.0,False
Dec 28 2025-a16221-1766931419.16-1766932735.69-401-90bb75aaab7c,DEPARTURE,DEPARTURE,0.3286628309539065,0.0,0.3286628309539065,False
Dec 29 2025-ac382e-1766969129.9-1766969810.09-337-39bb47895d4a,DEPARTURE,DEPARTURE,0.0,0.0,0.0,False
Dec 27 2025-06a121-1766796566.94-1766797450.1-481-3436022ffa6a,DEPARTURE,DEPARTURE,0.0,0.0,0.0,False
Dec 28 2025-a3524e-1766894773.56-1766895518.66-928-c87915d99daf,DEPARTURE,DEPARTURE,0.0,0.0,0.0,False
Dec 27 2025-ad7796-1766846672.11-1766847022.9-2183-076706c7ad3e,DEPARTURE,DEPARTURE,1.6793283744294045,-1.0,1.6793283744294045,True
Dec 27 2025-acf84e-1766796455.2-1766797198.6-1167-f145ec9de14a,DEPARTURE,DEPARTURE,0.40798125387086326,0.0,0.40798125387086326,False
ad63f7-0-1be3bd5a8e6b,DEPARTURE,DEPARTURE,0.0,0.0,0.0,False
Dec 27 2025-a48321-1766867756.59-1766868520.18-485-a56e71a70ec9,DEPARTURE,DEPARTURE,0.0,0.0,0.0,False
ab09b4-0-68333f636196,DEPARTURE,DEPARTURE,0.0,0.0,0.0,False
a3f4ea-0-86662246084d,DEPARTURE,DEPARTURE,0.4755480830859559,0.0,0.4755480830859559,False
a7ed1a-0-b4d913cfa184,DEPARTURE,DEPARTURE,1.0041645995579132,-1.0,1.0041645995579132,True
Dec 27 2025-a33339-1766847389.05-1766848138.15-798-6a8ea783c6b3,DEPARTURE,DEPARTURE,0.0,0.0,0.0,False
a09961-0-ec4e15212593,DEPARTURE,DEPARTURE,0.0,0.0,0.0,False
Dec 27 2025-a88380-1766876812.79-1766877727.23-1860-2e8104db11ed,DEPARTURE,DEPARTURE,0.0,0.0,0.0,False
aa568e-0-9167db0e6839,DEPARTURE,DEPARTURE,0.49481321983869725,0.0,0.49481321983869725,False
ad185f-0-cbf9dd4c4d65,DEPARTURE,DEPARTURE,0.0,0.0,0.0,False
a44e18-0-39db032a63fa,DEPARTURE,DEPARTURE,0.24538271954357474,0.0,0.24538271954357474,False
Dec 27 2025-a3f04a-1766847315.66-1766848124.44-1092-7746e087c909,DEPARTURE,DEPARTURE,0.0,0.0,0.0,False
Dec 28 2025-ad5679-1766898154.76-1766898970.51-1424-eae1f432a9ac,DEPARTURE,DEPARTURE,0.0,0.0,0.0,False
ac2038-0-612dc8e8a83f,DEPARTURE,DEPARTURE,0.2801391560606782,0.0,0.2801391560606782,False
Dec 28 2025-ac3477-1766925678.8-1766926370.57-1386-6e3b7bd129d8,DEPARTURE,DEPARTURE,0.0,0.0,0.0,False
Dec 30 2025-a04f04-1767138706.29-1767139199.44-47-a830e6dd0809,DEPARTURE,DEPARTURE,0.0,0.0,0.0,False
a44cca-0-f5baecb0a3a8,DEPARTURE,DEPARTURE,0.0,0.0,0.0,False
Dec 27 2025-ab2c0c-1766877555.59-1766878438.34-157-c47a808a8197,DEPARTURE,DEPARTURE,0.468739242433354,0.0,0.468739242433354,False
Dec 27 2025-a745e9-1766845019.14-1766846064.71-3444-1bbc0054d027,DEPARTURE,DEPARTURE,0.6896131933375749,0.0,0.6896131933375749,False
Dec 27 2025-a145b7-1766841315.78-1766842063.18-2691-911cf159f935,DEPARTURE,DEPARTURE,0.280041934468175,0.0,0.280041934468175,False
adb2a4-0-b7454ca3e4ff,DEPARTURE,DEPARTURE,0.0,0.0,0.0,False
Dec 28 2025-ad0d86-1766942980.39-1766943664.6-1577-9e42555c2c81,DEPARTURE,DEPARTURE,0.0,0.0,0.0,False
Dec 29 2025-a69dd8-1767016494.68-1767017198.66-1579-384f831bbe8d,DEPARTURE,DEPARTURE,0.0,0.0,0.0,False
ac27cf-0-d8f583efff05,DEPARTURE,DEPARTURE,0.0,0.0,0.0,False
Dec 28 2025-ad3c78-1766961378.96-1766962252.67-1405-5708e1938f63,DEPARTURE,DEPARTURE,0.0,0.0,0.0,False
Dec 28 2025-a53774-1766957898.45-1766958612.73-1366-e77181e465e0,DEPARTURE,DEPARTURE,0.0,0.0,0.0,False
Dec 29 2025-a7d6a8-1766981114.58-1766981872.94-1226-778ba2d091a9,DEPARTURE,DEPARTURE,0.23494252023633483,0.0,0.23494252023633483,False
a2dadf-0-1d5cf000de3b,DEPARTURE,DEPARTURE,0.19690148566787302,0.0,0.19690148566787302,False
abc29a-0-5484ac99e0a6,DEPARTURE,DEPARTURE,0.4004382955076376,0.0,0.4004382955076376,False
abb68c-0-8675f40f916d,DEPARTURE,DEPARTURE,0.0,0.0,0.0,False
Dec 28 2025-a34e97-1766949955.71-1766950692.1-1787-22acfb9dbe26,DEPARTURE,DEPARTURE,0.0,0.0,0.0,False
Dec 28 2025-ad201e-1766926978.94-1766927648.2-375-055eac433475,DEPARTURE,DEPARTURE,0.0,0.0,0.0,False
ad185f-0-01ed63d42e84,DEPARTURE,DEPARTURE,0.0,0.0,0.0,False
Dec 28 2025-a8d5db-1766964386.38-1766965128.84-2629-36efc156f05b,DEPARTURE,DEPARTURE,0.30895080856933743,0.0,0.30895080856933743,False
a50f80-0-a813a7d99f66,DEPARTURE,DEPARTURE,1.8694627751604858,-1.0,1.8694627751604858,True
abae2c-0-28bade63d2f6,DEPARTURE,DEPARTURE,0.0,0.0,0.0,False
Dec 27 2025-a441fb-1766849641.86-1766850351.35-3700-a038670284d5,DEPARTURE,DEPARTURE,0.0,0.0,0.0,False
c00b8a-0-49ef91b72558,DEPARTURE,DEPARTURE,0.0,0.0,0.0,False
Dec 28 2025-a536dd-1766936659.94-1766937489.99-2672-6b54fbdf6719,DEPARTURE,DEPARTURE,0.4619591417224722,0.0,0.4619591417224722,False
Dec 30 2025-a30d55-1767128773.28-1767129551.16-791-446a99da8fe2,DEPARTURE,DEPARTURE,0.7379119507266745,0.0,0.7379119507266745,False
Dec 28 2025-a98408-1766958003.3-1766958706.72-118-dca4b07c3952,DEPARTURE,DEPARTURE,0.0,0.0,0.0,False
Dec 28 2025-ac1b44-1766962858.27-1766963606.54-808-c9e944f5f96b,DEPARTURE,DEPARTURE,0.2878892952694897,0.0,0.2878892952694897,False
Dec 28 2025-a3f7b8-1766956938.48-1766957758.91-2235-1463d5aaa35a,DEPARTURE,DEPARTURE,0.14006380322649675,0.0,0.14006380322649675,False
Dec 28 2025-a471e0-1766884820.57-1766885502.23-2706-dc216cacc895,DEPARTURE,DEPARTURE,0.0,0.0,0.0,False
Dec 27 2025-0d09b9-1766870921.82-1766871668.53-2728-3082e795da60,DEPARTURE,DEPARTURE,0.2181061485601647,0.0,0.2181061485601647,False
ac7e60-0-5833dd3027fc,DEPARTURE,DEPARTURE,0.0,0.0,0.0,False
a8f0bd-0-98f5fc7c7369,DEPARTURE,DEPARTURE,0.2265454240684134,0.0,0.2265454240684134,False
Dec 29 2025-c04cf4-1767016655.5-1767017406.24-1786-d736b155e51d,DEPARTURE,DEPARTURE,1.2168499001481436,-1.0,1.2168499001481436,True
a4503d-0-476069ee019b,DEPARTURE,DEPARTURE,0.0,0.0,0.0,False
Dec 28 2025-ac83d5-1766929731.36-1766930693.85-2562-ac54841b6c6b,DEPARTURE,DEPARTURE,0.0,0.0,0.0,False
a954aa-0-f7daff54d955,DEPARTURE,DEPARTURE,0.0,0.0,0.0,False
Dec 28 2025-ab60e3-1766963473.77-1766964282.67-2750-4f1ced8b3d0e,DEPARTURE,DEPARTURE,0.23371024706847118,0.0,0.23371024706847118,False
Dec 27 2025-a3b3df-1766862920.62-1766863727.74-3301-508123f43b7f,DEPARTURE,DEPARTURE,0.19744709224632795,0.0,0.19744709224632795,False
a1f595-0-80c2aaa85748,DEPARTURE,DEPARTURE,0.0,0.0,0.0,False
a825a6-0-a02e6175970e,DEPARTURE,DEPARTURE,0.2819787023967229,0.0,0.2819787023967229,False
Dec 28 2025-a2c1b6-1766887323.78-1766888244.69-2197-75ab0122a423,DEPARTURE,DEPARTURE,0.0,0.0,0.0,False
abe1c2-0-24d803da594f,DEPARTURE,DEPARTURE,0.24397932036548808,0.0,0.24397932036548808,False
ac30c0-0-04fe6b34f346,DEPARTURE,DEPARTURE,0.2546818435985365,0.0,0.2546818435985365,False
a3e9c5-0-93d516707919,DEPARTURE,DEPARTURE,0.5217909056144276,0.0,0.5217909056144276,False
Dec 28 2025-ac2b6c-1766939609.07-1766940630.17-1281-273ca6babac4,DEPARTURE,DEPARTURE,0.22986179300674295,0.0,0.22986179300674295,False
Dec 28 2025-adbdc9-1766893923.09-1766894629.4-2427-0160ab977f92,DEPARTURE,DEPARTURE,0.0,0.0,0.0,False
Dec 28 2025-a3813b-1766964973.6-1766965880.41-701-8370de10e10d,DEPARTURE,DEPARTURE,0.0,0.0,0.0,False
a33d62-0-4fb30037e589,DEPARTURE,DEPARTURE,0.2548097841519467,0.0,0.2548097841519467,False
Dec 28 2025-a45f8e-1766944959.96-1766945825.37-1673-9e70730baf71,DEPARTURE,DEPARTURE,0.0,0.0,0.0,False
Dec 28 2025-ab58b2-1766885194.74-1766885890.51-2135-ea6189cdc72d,DEPARTURE,DEPARTURE,0.0,0.0,0.0,False
a437da-0-0856e4f04af2,DEPARTURE,DEPARTURE,0.25310402083423106,0.0,0.25310402083423106,False
Dec 27 2025-ad1d3d-1766796818.05-1766797598.72-873-6a1375e7d254,DEPARTURE,DEPARTURE,0.2347455156924805,0.0,0.2347455156924805,False
Dec 28 2025-0d03f3-1766946845.2-1766947571.29-2952-b0f6522bef87,DEPARTURE,DEPARTURE,0.0,0.0,0.0,False
a53ad7-0-e0500a60219e,DEPARTURE,DEPARTURE,0.7289665092224301,0.0,0.7289665092224301,False
a12777-0-3fee7d4ef7f1,DEPARTURE,DEPARTURE,0.0,0.0,0.0,False
a437ce-0-59aee0c47122,DEPARTURE,DEPARTURE,0.44127149709638397,0.0,0.44127149709638397,False
a388a9-0-cb359015ac59,DEPARTURE,DEPARTURE,0.0,0.0,0.0,False
Dec 28 2025-a8a391-1766880753.43-1766881477.8-1719-c267cf38951b,DEPARTURE,DEPARTURE,0.0,0.0,0.0,False
Dec 28 2025-ad63f7-1766930866.03-1766931516.41-3007-99ee957e5ed6,DEPARTURE,DEPARTURE,0.0,0.0,0.0,False
a3f120-0-acb6a1a2c82b,DEPARTURE,DEPARTURE,0.400891556552536,0.0,0.400891556552536,False
Dec 28 2025-a7de93-1766945217.72-1766945985.84-1744-0fd9bf19e2f0,DEPARTURE,DEPARTURE,0.0,0.0,0.0,False
Dec 27 2025-aaa90c-1766871554.57-1766872391.71-156-8eddb7bdbe39,DEPARTURE,DEPARTURE,0.31959782568403977,0.0,0.31959782568403977,False
a79768-0-188e5ff5b627,DEPARTURE,DEPARTURE,0.3109431558182428,0.0,0.3109431558182428,False
Dec 27 2025-ad5fea-1766799900.2-1766800602.27-3473-f3d29b4ae692,DEPARTURE,DEPARTURE,0.0,0.0,0.0,False
Dec 27 2025-aaf4c8-1766801533.63-1766802279.33-2965-422135a359da,DEPARTURE,DEPARTURE,0.30847376064063403,0.0,0.30847376064063403,False
Dec 27 2025-ab5afe-1766835770.89-1766836569.0-3757-8f42d21b8b28,DEPARTURE,DEPARTURE,0.0,0.0,0.0,False
Dec 27 2025-ac2bb8-1766854180.33-1766854941.12-2724-5ad20d2ff3f0,DEPARTURE,DEPARTURE,0.0,0.0,0.0,False
Dec 28 2025-ac37bd-1766937552.61-1766938497.17-2300-27e3a0e425a1,DEPARTURE,DEPARTURE,0.0,0.0,0.0,False
Dec 27 2025-ab34a7-1766857436.1-1766858124.09-2446-8a973d05b4d5,DEPARTURE,DEPARTURE,0.0,0.0,0.0,False
Dec 28 2025-adbdc9-1766960549.76-1766961276.26-2431-c0730af0b346,DEPARTURE,DEPARTURE,0.0,0.0,0.0,False
Dec 28 2025-ab58b2-1766885194.74-1766885890.51-2135-db6ab1228ad2,DEPARTURE,DEPARTURE,0.0,0.0,0.0,False
Dec 28 2025-ab6020-1766884410.76-1766885120.82-396-1b8adad71af1,DEPARTURE,DEPARTURE,0.0,0.0,0.0,False
Dec 28 2025-a28f80-1766954585.09-1766955377.49-1503-9b8dd73c3827,DEPARTURE,DEPARTURE,0.0,0.0,0.0,False
Dec 27 2025-0c2070-1766867892.69-1766868650.57-1618-da38da03bdf0,DEPARTURE,DEPARTURE,0.2838337199766816,0.0,0.2838337199766816,False
Dec 27 2025-aaf4c8-1766801533.63-1766802279.33-2965-06a1eac72f84,DEPARTURE,DEPARTURE,0.0,0.0,0.0,False
Dec 27 2025-a33339-1766847389.05-1766848138.15-798-73f92a93f57c,DEPARTURE,DEPARTURE,0.285912476536701,0.0,0.285912476536701,False
Dec 27 2025-ac685d-1766867668.34-1766868418.29-1350-943d7693e05e,DEPARTURE,DEPARTURE,0.3413272903592036,0.0,0.3413272903592036,False
a996e1-0-2bae3ace806e,DEPARTURE,DEPARTURE,0.0,0.0,0.0,False
a1c6a8-0-353e9a1e927c,DEPARTURE,DEPARTURE,0.26162810775925116,0.0,0.26162810775925116,False
Dec 28 2025-a3a503-1766880195.15-1766880938.94-48-c69d5962c107,DEPARTURE,DEPARTURE,0.0,0.0,0.0,False
ac4cd4-0-ccdde93949bc,DEPARTURE,DEPARTURE,0.48701143079393827,0.0,0.48701143079393827,False
Dec 28 2025-ac8718-1766886994.08-1766887988.21-328-e09e883ed14f,DEPARTURE,DEPARTURE,0.7025292148655305,0.0,0.7025292148655305,False
Dec 27 2025-a5ee51-1766872407.04-1766873114.46-1206-60b10a15b58c,DEPARTURE,DEPARTURE,0.0,0.0,0.0,False
Dec 27 2025-a9cff8-1766870257.78-1766871080.99-3658-94923fa54472,DEPARTURE,DEPARTURE,0.0,0.0,0.0,False
Dec 28 2025-ad0d86-1766942980.39-1766943664.6-1577-71a006797dca,DEPARTURE,DEPARTURE,0.20033307320538493,0.0,0.20033307320538493,False
Dec 28 2025-a8e1f6-1766938489.24-1766939170.24-2990-f2fc84405481,DEPARTURE,DEPARTURE,0.0,0.0,0.0,False
adc8ee-0-7e7a29ca3f81,DEPARTURE,DEPARTURE,0.24938128236596832,0.0,0.24938128236596832,False
Dec 28 2025-ab28c5-1766880613.09-1766881430.57-2385-d2818bf71421,DEPARTURE,DEPARTURE,0.8389806988086126,0.0,0.8389806988086126,False
Dec 28 2025-ab879f-1766935264.14-1766935903.45-1901-8876e2e99bdd,DEPARTURE,DEPARTURE,0.21149462949880707,0.0,0.21149462949880707,False
Dec 28 2025-a447a9-1766952789.99-1766953428.36-2044-57d4a05f357a,DEPARTURE,DEPARTURE,0.3926161955372271,0.0,0.3926161955372271,False
Dec 28 2025-a4462e-1766943726.16-1766944551.98-563-cddf5bc2a0aa,DEPARTURE,DEPARTURE,0.1872909868430278,0.0,0.1872909868430278,False
Dec 28 2025-ab048d-1766893634.29-1766894542.14-1670-4061ad67cc6b,DEPARTURE,DEPARTURE,0.0,0.0,0.0,False
Dec 28 2025-a4a0d9-1766935503.85-1766936429.79-2604-79dc491aa22d,DEPARTURE,DEPARTURE,0.0,0.0,0.0,False
Dec 28 2025-a86925-1766956211.89-1766956966.33-465-cbb2f685d76b,DEPARTURE,DEPARTURE,0.26059868530876956,0.0,0.26059868530876956,False
Dec 27 2025-ace9ba-1766873327.38-1766874151.14-2770-b023db899ddf,DEPARTURE,DEPARTURE,0.0,0.0,0.0,False
Dec 27 2025-a35ab8-1766866322.83-1766867127.59-2711-4b917b8736ca,DEPARTURE,DEPARTURE,0.0,0.0,0.0,False
Dec 28 2025-aca3e6-1766893226.6-1766893938.41-2786-713e78c9a1fc,DEPARTURE,DEPARTURE,0.3456379171383605,0.0,0.3456379171383605,False
Dec 28 2025-a35ab8-1766944127.47-1766944983.8-2230-cc81f21e2cc9,DEPARTURE,DEPARTURE,0.19401667504252854,0.0,0.19401667504252854,False
Dec 29 2025-ad3e16-1766969652.73-1766970401.1-162-77e40614efad,DEPARTURE,DEPARTURE,0.0,0.0,0.0,False
Dec 27 2025-a49206-1766862411.04-1766863183.72-88-e0d10e03bd54,DEPARTURE,DEPARTURE,0.0,0.0,0.0,False
a0f139-0-6b211055c9e2,DEPARTURE,DEPARTURE,0.9168384902642146,0.0,0.9168384902642146,False
Dec 28 2025-aca3e6-1766937126.53-1766938047.61-2788-a9fc8ca98077,DEPARTURE,DEPARTURE,0.23963642030427543,0.0,0.23963642030427543,False
Dec 27 2025-ac74f9-1766865166.51-1766865930.84-3679-9cc6e1e80f3d,DEPARTURE,DEPARTURE,0.33154689868173365,0.0,0.33154689868173365,False
a191e2-0-03e1f2b5f619,DEPARTURE,DEPARTURE,0.0,0.0,0.0,False
Dec 28 2025-a8cf70-1766946562.32-1766947395.54-1327-84a63a812ab5,DEPARTURE,DEPARTURE,0.27545005755793855,0.0,0.27545005755793855,False
Dec 27 2025-a29aa5-1766867732.46-1766868507.76-2405-3071d3df95b4,DEPARTURE,DEPARTURE,0.0,0.0,0.0,False
ac088e-0-af95283386fc,DEPARTURE,DEPARTURE,0.0,0.0,0.0,False
Dec 28 2025-ac481d-1766923067.05-1766923800.09-362-146358e4eb2e,DEPARTURE,DEPARTURE,0.23188289671111809,0.0,0.23188289671111809,False
Dec 27 2025-8966d0-1766802676.96-1766803602.44-3050-ea7cb3533e1e,DEPARTURE,DEPARTURE,0.0,0.0,0.0,False
Dec 27 2025-a486b3-1766870101.38-1766870861.79-2623-5ca57fdfec8a,DEPARTURE,DEPARTURE,0.0,0.0,0.0,False
Dec 28 2025-ac119d-1766931224.5-1766932757.8-1883-b8db368cd0f7,DEPARTURE,DEPARTURE,1.5266060439686044,-1.0,1.5266060439686044,True
Dec 27 2025-a8dffc-1766868623.81-1766869391.77-3714-5e1f13743120,DEPARTURE,DEPARTURE,0.0,0.0,0.0,False
Dec 27 2025-ad52c2-1766797074.79-1766797901.26-2891-89cf61d6111f,DEPARTURE,DEPARTURE,0.2921492540743338,0.0,0.2921492540743338,False
ac48d3-0-4dc4d5e22878,DEPARTURE,DEPARTURE,0.0,0.0,0.0,False
Dec 28 2025-abf09e-1766925581.41-1766926254.86-1891-d704f7db0fb6,DEPARTURE,DEPARTURE,0.24845103701750432,0.0,0.24845103701750432,False
Dec 27 2025-ad479d-1766801799.21-1766802519.57-2291-18afbc973622,DEPARTURE,DEPARTURE,0.0,0.0,0.0,False
Dec 28 2025-a426a5-1766888439.2-1766889249.61-1980-dfea3062b8ef,DEPARTURE,DEPARTURE,0.0,0.0,0.0,False
Dec 28 2025-a3813b-1766882286.88-1766883118.15-697-5fc62d0dc186,DEPARTURE,DEPARTURE,0.29006661071674616,0.0,0.29006661071674616,False
Dec 27 2025-4851b0-1766868986.81-1766869775.56-2577-f84002109919,DEPARTURE,DEPARTURE,0.1718615030429003,0.0,0.1718615030429003,False
Dec 29 2025-a89c23-1767006754.2-1767007471.68-246-8dd61487820e,DEPARTURE,DEPARTURE,1.0431607034539807,-1.0,1.0431607034539807,True
Dec 27 2025-a9d66c-1766828689.33-1766829530.97-1578-5cca02519557,DEPARTURE,DEPARTURE,0.0,0.0,0.0,False
Dec 29 2025-ac1ab8-1766971276.86-1766972159.44-1357-486e4d400b3e,DEPARTURE,DEPARTURE,0.34481917138796064,0.0,0.34481917138796064,False
a3f120-0-545634cb8f28,DEPARTURE,DEPARTURE,0.2487221689148352,0.0,0.2487221689148352,False
Dec 28 2025-ab38aa-1766934284.39-1766935092.08-2056-ab2b23e7c791,DEPARTURE,DEPARTURE,0.0,0.0,0.0,False
ab48aa-0-d14be692f143,DEPARTURE,DEPARTURE,1.092212574570555,-1.0,1.092212574570555,True
abc3ec-0-8b43587337a7,DEPARTURE,DEPARTURE,0.0,0.0,0.0,False
Dec 27 2025-ac74f9-1766865166.51-1766865930.84-3679-e1ccf8de894f,DEPARTURE,DEPARTURE,0.18794497747107847,0.0,0.18794497747107847,False
Dec 28 2025-ad52c2-1766938946.37-1766939591.07-2358-9bcb243baa5f,DEPARTURE,DEPARTURE,0.2681309927549971,0.0,0.2681309927549971,False
a4795a-0-fee376621773,DEPARTURE,DEPARTURE,0.0,0.0,0.0,False
Dec 29 2025-a43ef1-1767022433.36-1767023399.29-1746-1338601004d7,DEPARTURE,DEPARTURE,0.3638929642366143,0.0,0.3638929642366143,False
Dec 29 2025-a38019-1766977945.66-1766978811.51-177-3791021eff83,DEPARTURE,DEPARTURE,0.0,0.0,0.0,False
Dec 27 2025-a3b414-1766834074.42-1766834796.57-307-46e60545fec6,DEPARTURE,DEPARTURE,0.4631701504311949,0.0,0.4631701504311949,False
Dec 27 2025-a21142-1766798516.03-1766799350.11-926-814d7741e15a,DEPARTURE,DEPARTURE,0.0,0.0,0.0,False
Dec 27 2025-a1aa4e-1766794850.76-1766795534.65-1155-0e0e38e86190,DEPARTURE,DEPARTURE,0.5206866538244496,0.0,0.5206866538244496,False
Dec 28 2025-a91d8e-1766881809.24-1766882673.09-1680-703149e9e375,DEPARTURE,DEPARTURE,0.30880514352674854,0.0,0.30880514352674854,False
Dec 28 2025-ad63f7-1766950134.35-1766950940.51-3009-7f3c638f4827,DEPARTURE,DEPARTURE,0.287819688749293,0.0,0.287819688749293,False
a33d62-0-cf06d6bffa9d,DEPARTURE,DEPARTURE,0.0,0.0,0.0,False
a586b0-0-433da339f1f1,DEPARTURE,DEPARTURE,0.26384078712765435,0.0,0.26384078712765435,False
Dec 27 2025-aa7833-1766847520.09-1766848346.11-712-b92f71e51e06,DEPARTURE,DEPARTURE,0.0,0.0,0.0,False
Dec 27 2025-ad6ecb-1766871825.79-1766872562.27-3012-722917cfc885,DEPARTURE,DEPARTURE,0.3273768149051863,0.0,0.3273768149051863,False
Dec 27 2025-acd4d7-1766798815.03-1766799546.49-3174-ca32e56eb83d,DEPARTURE,DEPARTURE,0.0,0.0,0.0,False
a4cf7f-0-80ed01ce2f6d,DEPARTURE,DEPARTURE,1.2059176978107755,-1.0,1.2059176978107755,True
Dec 28 2025-a382b6-1766962758.38-1766963519.88-2199-545a36998a58,DEPARTURE,DEPARTURE,0.13959303913943194,0.0,0.13959303913943194,False
Dec 28 2025-a45051-1766944213.34-1766944895.89-961-096d970ec727,DEPARTURE,DEPARTURE,0.0,0.0,0.0,False
a0ed34-0-6dd8619f6002,DEPARTURE,DEPARTURE,1.3016526633110201,-1.0,1.3016526633110201,True
Dec 27 2025-a86925-1766847047.77-1766847852.16-532-ca6eb516a786,DEPARTURE,DEPARTURE,0.0,0.0,0.0,False
Dec 27 2025-ac83d5-1766870855.85-1766871587.14-3149-3f2667ecf30e,DEPARTURE,DEPARTURE,0.0,0.0,0.0,False
Dec 27 2025-a38c66-1766795498.81-1766796261.98-1489-6944fd21652b,DEPARTURE,DEPARTURE,0.2836377880955385,0.0,0.2836377880955385,False
Dec 28 2025-a4105b-1766888522.14-1766889304.19-1082-92cc76762b9c,DEPARTURE,DEPARTURE,0.0,0.0,0.0,False
Dec 27 2025-a1d1d0-1766795992.95-1766796711.2-3051-59aab1e3e5e1,DEPARTURE,DEPARTURE,0.0,0.0,0.0,False
a9360e-0-8e0a3d6b4118,DEPARTURE,DEPARTURE,0.0,0.0,0.0,False
Dec 27 2025-71c076-1766821865.51-1766822622.72-1706-d5e7d1a659a7,DEPARTURE,DEPARTURE,0.0,0.0,0.0,False
Dec 29 2025-a15c01-1766977559.04-1766978406.24-15-4781e6cb3f8c,DEPARTURE,DEPARTURE,0.0,0.0,0.0,False
Dec 28 2025-ac006d-1766880163.1-1766881071.08-1290-4a30bf9978f8,DEPARTURE,DEPARTURE,0.0,0.0,0.0,False
Dec 28 2025-ad18b0-1766884455.11-1766885141.62-2116-887df9c4e12d,DEPARTURE,DEPARTURE,0.2015456129959694,0.0,0.2015456129959694,False
Dec 30 2025-a655f1-1767128314.69-1767128887.57-2078-f644300932e1,DEPARTURE,DEPARTURE,2.1146161463955866,-1.0,2.1146161463955866,True
a72823-0-0380339f0d16,DEPARTURE,DEPARTURE,0.28773784312845496,0.0,0.28773784312845496,False
Dec 27 2025-a7d6a8-1766842469.39-1766843284.33-2462-0d73da6d7ab2,DEPARTURE,DEPARTURE,0.2351158992899478,0.0,0.2351158992899478,False
Dec 28 2025-a3bd81-1766940812.67-1766941541.97-1521-508508de501f,DEPARTURE,DEPARTURE,0.2970641509985642,0.0,0.2970641509985642,False
Dec 27 2025-a2886c-1766854383.99-1766855198.83-1573-123bcc74109c,DEPARTURE,DEPARTURE,0.0,0.0,0.0,False
a83839-0-8c662dde15d8,DEPARTURE,DEPARTURE,0.469169360532163,0.0,0.469169360532163,False
adb2a4-0-613685ca84f4,DEPARTURE,DEPARTURE,0.0,0.0,0.0,False
Dec 28 2025-ad4b54-1766939755.93-1766940462.68-995-18fd67c36d23,DEPARTURE,DEPARTURE,0.0,0.0,0.0,False
a46e40-0-fb4312937441,DEPARTURE,DEPARTURE,0.0,0.0,0.0,False
Dec 28 2025-abece7-1766937949.71-1766938662.16-2811-9bcd556a7257,DEPARTURE,DEPARTURE,0.5417601451733475,0.0,0.5417601451733475,False
Dec 28 2025-ad63f7-1766950134.35-1766950940.51-3009-9f89b0ed07d4,DEPARTURE,DEPARTURE,0.2736109912061742,0.0,0.2736109912061742,False
Dec 27 2025-ad23d5-1766868730.62-1766869471.84-3154-c40da4f3ed78,DEPARTURE,DEPARTURE,0.0,0.0,0.0,False
aaaa4a-0-a419ca029ec3,DEPARTURE,DEPARTURE,0.35680023535356276,0.0,0.35680023535356276,False
Dec 28 2025-a97dcb-1766939002.88-1766939858.94-2458-45794ade4fcc,DEPARTURE,DEPARTURE,0.3468430440735562,0.0,0.3468430440735562,False
ab09b4-0-c604052a1a1c,DEPARTURE,DEPARTURE,0.0,0.0,0.0,False
ae0405-0-df6770a20dd3,DEPARTURE,DEPARTURE,2.071238630872967,-1.0,2.071238630872967,True
Dec 28 2025-a8a391-1766880753.43-1766881477.8-1719-7f3346b10461,DEPARTURE,DEPARTURE,0.0,0.0,0.0,False
Dec 28 2025-abdc56-1766883085.89-1766883749.3-1023-c15c09233092,DEPARTURE,DEPARTURE,0.3616137624899692,0.0,0.3616137624899692,False
Dec 28 2025-abdc56-1766883085.89-1766883749.3-1023-85f63687719b,DEPARTURE,DEPARTURE,0.0,0.0,0.0,False
Dec 27 2025-a3f04a-1766847315.66-1766848124.44-1092-0df54bbc647f,DEPARTURE,DEPARTURE,0.366162273231696,0.0,0.366162273231696,False
Dec 29 2025-a8d9ea-1767050178.12-1767051026.07-1707-64e186aab70b,DEPARTURE,DEPARTURE,0.0,0.0,0.0,False
Dec 27 2025-ac74f9-1766850334.03-1766851080.63-3677-9b1a4969da8b,DEPARTURE,DEPARTURE,0.0,0.0,0.0,False
Dec 28 2025-a52898-1766887350.94-1766888058.35-1799-5765b153c50e,DEPARTURE,DEPARTURE,0.25142157149629485,0.0,0.25142157149629485,False
Dec 28 2025-a3f7b8-1766929899.46-1766930654.34-2233-c164b87d48a5,DEPARTURE,DEPARTURE,0.4107896124037254,0.0,0.4107896124037254,False
a4bc87-0-674f9905fed8,DEPARTURE,DEPARTURE,0.0,0.0,0.0,False
Dec 28 2025-ac66d5-1766955398.65-1766956127.27-2558-212a939a0eb9,DEPARTURE,DEPARTURE,0.22222508581530512,0.0,0.22222508581530512,False
Dec 28 2025-a44e24-1766946994.81-1766947732.37-444-9a4badee3e07,DEPARTURE,DEPARTURE,0.0,0.0,0.0,False
Dec 28 2025-a4ace1-1766931791.85-1766932673.54-2717-485b10c51723,DEPARTURE,DEPARTURE,0.0,0.0,0.0,False
Dec 27 2025-ade548-1766876587.01-1766877473.47-1068-61877b65faeb,DEPARTURE,DEPARTURE,0.0,0.0,0.0,False
Dec 27 2025-acfc05-1766842093.16-1766843024.26-80-4734f7d700a7,DEPARTURE,DEPARTURE,0.0,0.0,0.0,False
a388a9-0-440f16b72c20,DEPARTURE,DEPARTURE,0.2495631046780201,0.0,0.2495631046780201,False
Dec 27 2025-06a121-1766796566.94-1766797450.1-481-5f3201ecd0a2,DEPARTURE,DEPARTURE,0.32030004943846974,0.0,0.32030004943846974,False
Dec 28 2025-a3f7b8-1766929899.46-1766930654.34-2233-441aec65dd35,DEPARTURE,DEPARTURE,0.26915316445625254,0.0,0.26915316445625254,False
Dec 29 2025-abb54f-1767017324.84-1767018129.19-591-454b7f1e8f33,DEPARTURE,DEPARTURE,0.0,0.0,0.0,False
a26ec9-0-30e2b07b5743,DEPARTURE,DEPARTURE,0.0,0.0,0.0,False
Dec 28 2025-aca3e6-1766893226.6-1766893938.41-2786-519cc0a1b626,DEPARTURE,DEPARTURE,0.0,0.0,0.0,False
a445f8-0-1d50f9caea8a,DEPARTURE,DEPARTURE,0.2497985920595182,0.0,0.2497985920595182,False
Dec 29 2025-ab5f1b-1766973878.48-1766974570.9-193-65969a818e83,DEPARTURE,DEPARTURE,0.32198267021192256,0.0,0.32198267021192256,False
a3ed69-0-514a0900629f,DEPARTURE,DEPARTURE,0.0,0.0,0.0,False
Dec 27 2025-ad402f-1766874086.0-1766874787.22-673-20fc4cb359bf,DEPARTURE,DEPARTURE,0.0,0.0,0.0,False
Dec 28 2025-c04eb6-1766885260.87-1766885972.75-2212-970aa5e398db,DEPARTURE,DEPARTURE,1.266488183865879,-1.0,1.266488183865879,True
a82d14-0-3cf5fb41266f,DEPARTURE,DEPARTURE,0.0,0.0,0.0,False
Dec 28 2025-a7de93-1766962474.04-1766963211.68-1746-95c7f7cfa44d,DEPARTURE,DEPARTURE,0.0,0.0,0.0,False
Dec 28 2025-a8e1cc-1766947964.73-1766948655.48-2467-bb42773e6158,DEPARTURE,DEPARTURE,0.0,0.0,0.0,False
Dec 29 2025-aa73c3-1767017150.95-1767017942.98-1429-113509736194,DEPARTURE,DEPARTURE,0.8063897061206308,0.0,0.8063897061206308,False
ac8b43-0-d72df78407a1,DEPARTURE,DEPARTURE,0.0,0.0,0.0,False
Dec 29 2025-3c458a-1766971532.55-1766972383.42-1001-89625d0d0a01,DEPARTURE,DEPARTURE,0.0,0.0,0.0,False
Dec 29 2025-a7f07d-1767017854.13-1767018503.35-928-c9cba1494151,DEPARTURE,DEPARTURE,0.9186032384372927,0.0,0.9186032384372927,False
3c4592-0-1257839f0f55,DEPARTURE,DEPARTURE,0.0,0.0,0.0,False
Dec 28 2025-aca3e6-1766893226.6-1766893938.41-2786-5c7b6f7314f1,DEPARTURE,DEPARTURE,0.0,0.0,0.0,False
a37a02-0-63fbcf694fa5,DEPARTURE,DEPARTURE,0.32141469886175444,0.0,0.32141469886175444,False
Dec 27 2025-a3bc01-1766849936.23-1766850869.83-24-643439509b58,DEPARTURE,DEPARTURE,0.44555836073678784,0.0,0.44555836073678784,False
ad2b43-0-cd6ff5fae964,DEPARTURE,DEPARTURE,0.0,0.0,0.0,False
Dec 28 2025-a5468e-1766945768.53-1766946608.67-1676-f9b9c1de393a,DEPARTURE,DEPARTURE,0.0,0.0,0.0,False
Dec 27 2025-ade548-1766802956.86-1766803852.32-1064-2e1fdca4e7ab,DEPARTURE,DEPARTURE,0.19936982333709108,0.0,0.19936982333709108,False
Dec 28 2025-acb82c-1766930198.53-1766930972.59-541-1ec435d94b97,DEPARTURE,DEPARTURE,0.0,0.0,0.0,False
a3f120-0-542d01017920,DEPARTURE,DEPARTURE,0.0,0.0,0.0,False
a6e4bb-0-bfb51da3534f,DEPARTURE,DEPARTURE,2.098897551287525,-1.0,2.098897551287525,True
ad000d-0-d2aeec8714b1,DEPARTURE,DEPARTURE,0.0,0.0,0.0,False
abe450-0-bfe2e98bd80d,DEPARTURE,DEPARTURE,0.7548584994108423,0.0,0.7548584994108423,False
Dec 27 2025-a997cc-1766854854.98-1766855538.03-3019-057cb3bba733,DEPARTURE,DEPARTURE,0.0,0.0,0.0,False
Dec 27 2025-a924fc-1766879175.05-1766879888.98-3719-a40e3ba9cfb5,DEPARTURE,DEPARTURE,0.46043373956033784,0.0,0.46043373956033784,False
Dec 28 2025-acc5fb-1766926040.33-1766926940.82-3053-46e7a279667c,DEPARTURE,DEPARTURE,0.0,0.0,0.0,False
Dec 28 2025-a16221-1766931419.16-1766932735.69-401-7adc4c42d5d7,DEPARTURE,DEPARTURE,0.0,0.0,0.0,False
0d0703-0-c5e298496902,DEPARTURE,DEPARTURE,0.0,0.0,0.0,False
Dec 27 2025-a2afeb-1766843373.06-1766844085.66-3480-d27f32a1aa63,DEPARTURE,DEPARTURE,0.22752228190554602,0.0,0.22752228190554602,False
Dec 27 2025-3949f4-1766875782.0-1766876667.49-3585-5290e3887a32,DEPARTURE,DEPARTURE,0.0,0.0,0.0,False
Dec 27 2025-a3522e-1766842972.32-1766843636.38-648-0541b95692dd,DEPARTURE,DEPARTURE,0.0,0.0,0.0,False
a44cda-0-3a642499c1b2,DEPARTURE,DEPARTURE,0.24794079437139993,0.0,0.24794079437139993,False
Dec 28 2025-ab4840-1766883038.61-1766883824.86-746-b692641411eb,DEPARTURE,DEPARTURE,0.27297835289354155,0.0,0.27297835289354155,False
Dec 27 2025-acf69b-1766865133.59-1766865869.53-2256-b278cc5e202c,DEPARTURE,DEPARTURE,0.0,0.0,0.0,False
ad14f9-0-c0df21cb99fb,DEPARTURE,DEPARTURE,0.0,0.0,0.0,False
acad53-0-371ed3c55e38,DEPARTURE,DEPARTURE,0.4929827220176344,0.0,0.4929827220176344,False
Dec 29 2025-ada167-1767012718.93-1767013459.55-774-dc88d3022ed2,DEPARTURE,DEPARTURE,0.0,0.0,0.0,False
Dec 27 2025-ac3b51-1766838637.32-1766839366.77-1215-b131034071a9,DEPARTURE,DEPARTURE,0.0,0.0,0.0,False
a8fe5d-0-19c5a068d9b7,DEPARTURE,DEPARTURE,0.20697640316503457,0.0,0.20697640316503457,False
Dec 29 2025-ac119d-1767034625.22-1767035582.81-1142-d294f4c49d91,DEPARTURE,DEPARTURE,0.46090256223992543,0.0,0.46090256223992543,False
Dec 27 2025-a44988-1766797629.06-1766798510.11-1955-71dd23a9d656,DEPARTURE,DEPARTURE,0.0,0.0,0.0,False
a3d7a7-0-1b5726d93730,DEPARTURE,DEPARTURE,0.0,0.0,0.0,False
ace9ba-0-1ed264a3cb0c,DEPARTURE,DEPARTURE,0.0,0.0,0.0,False
a51b58-0-db5f11a8777f,DEPARTURE,DEPARTURE,0.19763417742137726,0.0,0.19763417742137726,False
Dec 28 2025-aa7833-1766886080.99-1766886807.92-622-0c6500d27fad,DEPARTURE,DEPARTURE,0.4224549936669969,0.0,0.4224549936669969,False
Dec 28 2025-a13651-1766946790.56-1766947498.38-956-fd99c81e7640,DEPARTURE,DEPARTURE,0.0,0.0,0.0,False
abe7c5-0-cc01d8a44c5c,DEPARTURE,DEPARTURE,0.0,0.0,0.0,False
Dec 28 2025-a4a0d9-1766935503.85-1766936429.79-2604-6bd7916d5acd,DEPARTURE,DEPARTURE,0.3821586211290236,0.0,0.3821586211290236,False
Dec 28 2025-a6b42a-1766947609.03-1766949127.25-517-0dd86fa6a476,DEPARTURE,DEPARTURE,0.3473542121229208,0.0,0.3473542121229208,False
Dec 28 2025-ab2b23-1766890860.23-1766891737.15-436-17afd95797c2,DEPARTURE,DEPARTURE,0.4029771641875408,0.0,0.4029771641875408,False
896597-0-ae02dcc1d695,DEPARTURE,DEPARTURE,0.0,0.0,0.0,False
a5fd2d-0-8820c91782e8,DEPARTURE,DEPARTURE,0.24232382988959933,0.0,0.24232382988959933,False
Dec 27 2025-a7d6a8-1766874546.45-1766875457.13-2464-0439ceb9b85a,DEPARTURE,DEPARTURE,0.2193419690643054,0.0,0.2193419690643054,False
485b45-0-12a301908517,DEPARTURE,DEPARTURE,0.30639635062986986,0.0,0.30639635062986986,False
Dec 29 2025-a44591-1766976806.83-1766977614.49-1059-4f7347b42f96,DEPARTURE,DEPARTURE,0.27713874316916787,0.0,0.27713874316916787,False
Dec 28 2025-a71aad-1766952085.46-1766952779.52-2077-ac6add3596b0,DEPARTURE,DEPARTURE,0.0,0.0,0.0,False
abe1c2-0-3857fd419be1,DEPARTURE,DEPARTURE,0.0,0.0,0.0,False
Dec 27 2025-ab9a32-1766803712.1-1766804435.01-702-bc4765238c24,DEPARTURE,DEPARTURE,0.0,0.0,0.0,False
a06abb-0-09179ee47fb2,DEPARTURE,DEPARTURE,0.568149301465444,0.0,0.568149301465444,False
Dec 28 2025-a417c9-1766938011.79-1766938776.88-2421-ebab58c530d2,DEPARTURE,DEPARTURE,0.3059058582028574,0.0,0.3059058582028574,False
Dec 30 2025-a46ac0-1767052802.19-1767053565.08-1710-d69d8ac84acd,DEPARTURE,DEPARTURE,1.1208373284811295,-1.0,1.1208373284811295,True
a23525-0-efbe9582af3b,DEPARTURE,DEPARTURE,0.0,0.0,0.0,False
Dec 28 2025-a2bb10-1766928008.42-1766928860.03-204-888538d89f2b,DEPARTURE,DEPARTURE,0.7503315039836033,0.0,0.7503315039836033,False
Dec 28 2025-a335f4-1766958282.54-1766959096.49-2976-890010615646,DEPARTURE,DEPARTURE,0.355334017181386,0.0,0.355334017181386,False
a7b057-0-a837b46c9b4f,DEPARTURE,DEPARTURE,0.34935672078565766,0.0,0.34935672078565766,False
ab649a-0-04f525782b6c,DEPARTURE,DEPARTURE,0.0,0.0,0.0,False
ac0417-0-c323cb3fdc3e,DEPARTURE,DEPARTURE,0.0,0.0,0.0,False
Dec 28 2025-c03da9-1766932205.26-1766933064.3-2050-bca4109924e3,DEPARTURE,DEPARTURE,0.4090374666644179,0.0,0.4090374666644179,False
acc7ae-0-7ecff8f95558,DEPARTURE,DEPARTURE,0.0,0.0,0.0,False
Dec 28 2025-a71aad-1766952085.46-1766952779.52-2077-39229536b890,DEPARTURE,DEPARTURE,0.0931354387275461,0.0,0.0931354387275461,False
aa7fa1-0-7b56e5764b62,DEPARTURE,DEPARTURE,0.0,0.0,0.0,False
a78c8f-0-aadee7674524,DEPARTURE,DEPARTURE,0.0,0.0,0.0,False
Dec 27 2025-acffbc-1766862847.24-1766863601.93-2800-dce2f207d3eb,DEPARTURE,DEPARTURE,0.27408529486814426,0.0,0.27408529486814426,False
Dec 28 2025-a8df4b-1766937596.68-1766938284.3-891-e9d3c16986f3,DEPARTURE,DEPARTURE,0.29376291911257046,0.0,0.29376291911257046,False
a05514-0-f86cddd1b514,DEPARTURE,DEPARTURE,0.0,0.0,0.0,False
a0669d-0-64aee7c4c5ac,DEPARTURE,DEPARTURE,0.0,0.0,0.0,False
a51601-0-a9dea979e565,DEPARTURE,DEPARTURE,0.22233585353165558,0.0,0.22233585353165558,False
Dec 28 2025-a3524e-1766955370.7-1766956195.75-932-267a1ce25745,DEPARTURE,DEPARTURE,0.22285145816744412,0.0,0.22285145816744412,False
Dec 28 2025-a8e1f6-1766938489.24-1766939170.24-2990-8a1f2e4aa675,DEPARTURE,DEPARTURE,0.0,0.0,0.0,False
Dec 27 2025-3c4a02-1766873049.06-1766873955.65-40-93f4b03d84fd,DEPARTURE,DEPARTURE,0.4845047782409341,0.0,0.4845047782409341,False
Dec 28 2025-ab7394-1766885524.19-1766886216.41-1757-45f6eef26709,DEPARTURE,DEPARTURE,0.24751679237946483,0.0,0.24751679237946483,False
ac07dc-0-daaa892811a3,DEPARTURE,DEPARTURE,0.0,0.0,0.0,False
a9360e-0-e10e0f1dfe14,DEPARTURE,DEPARTURE,0.3233762157447129,0.0,0.3233762157447129,False
Dec 28 2025-ac10af-1766938714.62-1766939412.35-2109-948e1ee638c2,DEPARTURE,DEPARTURE,0.1573785051825805,0.0,0.1573785051825805,False
a671d2-0-85d1ad2abbc6,DEPARTURE,DEPARTURE,0.0,0.0,0.0,False
Dec 28 2025-accd69-1766966173.36-1766966398.5-1234-4fe8d90b7fc4,DEPARTURE,DEPARTURE,0.0,0.0,0.0,False
Dec 27 2025-ad493b-1766867487.47-1766868320.33-835-57b8c007cb7a,DEPARTURE,DEPARTURE,0.0,0.0,0.0,False
Dec 28 2025-a8d5db-1766882827.08-1766883563.54-2625-0c0d5ba3ffcd,DEPARTURE,DEPARTURE,0.0,0.0,0.0,False
Dec 28 2025-ab879f-1766888109.74-1766888977.11-1899-974941a9e503,DEPARTURE,DEPARTURE,0.22245275697459171,0.0,0.22245275697459171,False
Dec 27 2025-acffbc-1766797032.32-1766797769.91-2796-7a0aff8b701d,DEPARTURE,DEPARTURE,0.2685938962998139,0.0,0.2685938962998139,False
Dec 28 2025-a1442f-1766953627.73-1766954359.63-570-90c3366e0fc7,DEPARTURE,DEPARTURE,0.20296544192193158,0.0,0.20296544192193158,False
Dec 28 2025-a8e279-1766965582.39-1766966285.2-1414-c891b0692281,DEPARTURE,DEPARTURE,0.3017650897663273,0.0,0.3017650897663273,False
Dec 28 2025-a7dadc-1766937267.78-1766937933.86-2656-2833611acaab,DEPARTURE,DEPARTURE,0.0,0.0,0.0,False
Dec 27 2025-a36105-1766863929.45-1766864758.12-77-516990c7f30b,DEPARTURE,DEPARTURE,0.0,0.0,0.0,False
Dec 27 2025-ab4b34-1766874778.99-1766875603.31-728-1431ea78b99f,DEPARTURE,DEPARTURE,0.20306442022779525,0.0,0.20306442022779525,False
a3c8cb-0-faee880f6442,DEPARTURE,DEPARTURE,0.0,0.0,0.0,False
Dec 27 2025-a91765-1766869180.92-1766869961.29-1482-0e5f5373adca,DEPARTURE,DEPARTURE,2.2618550286379127,-1.0,2.2618550286379127,True
Dec 28 2025-a6a347-1766947746.29-1766948539.89-839-20c12d74426a,DEPARTURE,DEPARTURE,0.47630093776103094,0.0,0.47630093776103094,False
a43b91-0-4074023842f8,DEPARTURE,DEPARTURE,0.0,0.0,0.0,False
Dec 27 2025-adbdc9-1766872100.38-1766872833.72-2989-54da60740af7,DEPARTURE,DEPARTURE,0.0,0.0,0.0,False
Dec 29 2025-a36200-1766977593.07-1766978291.66-6-6b8e3630038c,DEPARTURE,DEPARTURE,0.0,0.0,0.0,False
a482fc-0-33319d460da4,DEPARTURE,DEPARTURE,0.0,0.0,0.0,False
ad000d-0-a120a21e0466,DEPARTURE,DEPARTURE,0.0,0.0,0.0,False
a997cc-0-e8c0e5103833,DEPARTURE,DEPARTURE,0.0,0.0,0.0,False
Dec 27 2025-accd18-1766871875.86-1766872602.09-378-96a33e717cb9,DEPARTURE,DEPARTURE,0.28645837447205036,0.0,0.28645837447205036,False
Dec 28 2025-ad52c2-1766960698.97-1766961546.78-2360-e0ef1640fbff,DEPARTURE,DEPARTURE,0.0,0.0,0.0,False
Dec 28 2025-a45ba2-1766939896.06-1766940593.45-1940-3cfb33e09412,DEPARTURE,DEPARTURE,0.3839015943724337,0.0,0.3839015943724337,False
0c20a4-0-1e8cdd61a907,DEPARTURE,DEPARTURE,0.0,0.0,0.0,False
Dec 27 2025-a366a1-1766852083.61-1766853040.23-2329-c432cab34965,DEPARTURE,DEPARTURE,0.0,0.0,0.0,False
aa8513-0-71e476b96a6b,DEPARTURE,DEPARTURE,0.4654360993992438,0.0,0.4654360993992438,False
Dec 27 2025-a42a37-1766857741.4-1766858531.97-766-1e956a6f0446,DEPARTURE,DEPARTURE,0.4494923113459043,0.0,0.4494923113459043,False
a39723-0-f674f695a313,DEPARTURE,DEPARTURE,0.2813608731144602,0.0,0.2813608731144602,False
Dec 27 2025-a44b56-1766869663.87-1766870391.12-1281-d632f0ad1112,DEPARTURE,DEPARTURE,0.2531017606722394,0.0,0.2531017606722394,False
a33d97-0-606164fcdb02,DEPARTURE,DEPARTURE,0.34088608216848426,0.0,0.34088608216848426,False
Dec 27 2025-ac4d1a-1766839741.54-1766840446.02-405-6e68b3773aa0,DEPARTURE,DEPARTURE,0.14923708068587965,0.0,0.14923708068587965,False
ac76f2-0-3955cc36936e,DEPARTURE,DEPARTURE,0.0,0.0,0.0,False
Dec 28 2025-a3bd81-1766940812.67-1766941541.97-1521-303da17b1f34,DEPARTURE,DEPARTURE,0.37635225200224415,0.0,0.37635225200224415,False
a3d7a7-0-f1c047999c75,DEPARTURE,DEPARTURE,0.0,0.0,0.0,False
Dec 27 2025-a1636e-1766877969.25-1766878845.41-1591-8a39ff736b33,DEPARTURE,DEPARTURE,0.0,0.0,0.0,False
a3f88e-0-679fe828e166,DEPARTURE,DEPARTURE,0.0,0.0,0.0,False
Dec 28 2025-a44e24-1766946994.81-1766947732.37-444-f33f273a2e1c,DEPARTURE,DEPARTURE,0.0,0.0,0.0,False
Dec 28 2025-a495b4-1766880106.95-1766880823.11-2166-4bf95a083ecf,DEPARTURE,DEPARTURE,0.0,0.0,0.0,False
Dec 28 2025-ad2efa-1766931217.44-1766931960.25-3044-d5cd3cbc6a69,DEPARTURE,DEPARTURE,0.0,0.0,0.0,False
Dec 28 2025-a4a484-1766889925.31-1766890616.73-1557-e0f5a6a8fae7,DEPARTURE,DEPARTURE,0.0,0.0,0.0,False
Dec 27 2025-ab4fae-1766842691.18-1766843450.3-2560-beff43cc5889,DEPARTURE,DEPARTURE,0.35824485632331204,0.0,0.35824485632331204,False
Dec 28 2025-a5fd2d-1766928176.79-1766928955.58-555-64299f91bff1,DEPARTURE,DEPARTURE,0.19905081929226662,0.0,0.19905081929226662,False
Dec 28 2025-a3323d-1766928929.2-1766929636.06-722-045c7a0b2354,DEPARTURE,DEPARTURE,0.0,0.0,0.0,False
Dec 29 2025-aae6d5-1766976602.88-1766977500.29-1562-b46f517c994f,DEPARTURE,DEPARTURE,0.6185798261533791,0.0,0.6185798261533791,False
a716f6-0-ef102cd3d9b4,DEPARTURE,DEPARTURE,0.0,0.0,0.0,False
Dec 29 2025-abc12a-1767012163.39-1767012895.16-312-3754ecdbde5c,DEPARTURE,DEPARTURE,0.7005444444988808,0.0,0.7005444444988808,False
Dec 28 2025-abece7-1766937949.71-1766938662.16-2811-e1e4e93777b7,DEPARTURE,DEPARTURE,0.2564518324711237,0.0,0.2564518324711237,False
Dec 27 2025-a1ba97-1766847202.66-1766847979.59-2187-5216db19d21e,DEPARTURE,DEPARTURE,0.0,0.0,0.0,False
Dec 28 2025-a29aa5-1766945904.27-1766946698.45-1978-7bbd39acd331,DEPARTURE,DEPARTURE,0.0,0.0,0.0,False
Dec 28 2025-abdcda-1766956154.37-1766956955.32-2617-7d4ab0c19739,DEPARTURE,DEPARTURE,0.0,0.0,0.0,False
Dec 27 2025-a28f80-1766851061.71-1766851818.18-1848-ec84ec48c311,DEPARTURE,DEPARTURE,0.0,0.0,0.0,False
abec6c-0-857faca33814,DEPARTURE,DEPARTURE,0.18699183361897956,0.0,0.18699183361897956,False
a3c8cb-0-f66dd1fb68a5,DEPARTURE,DEPARTURE,0.0,0.0,0.0,False
Dec 28 2025-acd486-1766960938.06-1766961765.06-1576-8a295434beb8,DEPARTURE,DEPARTURE,0.0,0.0,0.0,False
Dec 27 2025-ac57f9-1766871551.47-1766872427.52-3674-35b5178bcf69,DEPARTURE,DEPARTURE,0.0,0.0,0.0,False
Dec 30 2025-a54926-1767119513.88-1767121119.1-370-81e856c66ef5,DEPARTURE,DEPARTURE,0.7820007759716603,0.0,0.7820007759716603,False
a600a6-0-0df706f37b04,DEPARTURE,DEPARTURE,0.0,0.0,0.0,False
Dec 28 2025-abf9b1-1766886512.77-1766887244.46-2127-58687f574a2d,DEPARTURE,DEPARTURE,0.0,0.0,0.0,False
Dec 28 2025-a924fc-1766931666.43-1766932545.29-3062-fa5cf7b99152,DEPARTURE,DEPARTURE,0.0,0.0,0.0,False
a1106b-0-77532537bfa2,DEPARTURE,DEPARTURE,0.785878888878415,0.0,0.785878888878415,False
71bc20-0-cd502ec7f8ff,ENROUTE_CLIMB,ENROUTE_CLIMB,0.0,0.0,0.0,False
Dec 27 2025-ac76f2-1766802388.61-1766803120.43-3573-435258bf96d6,ENROUTE_CLIMB,ENROUTE_CLIMB,0.5316896845669843,0.0,0.5316896845669843,False
Dec 28 2025-ac21e4-1766892493.31-1766893193.17-2766-ae748f6f9953,ENROUTE_CLIMB,ENROUTE_CLIMB,0.14915886180614854,0.0,0.14915886180614854,False
Dec 28 2025-acb82c-1766930198.53-1766930972.59-541-fd89f0f64518,ENROUTE_CLIMB,ENROUTE_CLIMB,0.3067665805950841,0.0,0.3067665805950841,False
Dec 27 2025-a624ac-1766793965.67-1766794673.72-2536-f1a9e1e8777d,ENROUTE_CLIMB,ENROUTE_CLIMB,0.0,0.0,0.0,False
abe1c2-0-5706d430b4b8,ENROUTE_CLIMB,ENROUTE_CLIMB,0.384828367343466,0.0,0.384828367343466,False
Dec 27 2025-ab1122-1766852763.22-1766853609.38-500-db531f79c06f,ENROUTE_CLIMB,ENROUTE_CLIMB,0.9891412808110833,0.0,0.9891412808110833,False
Dec 29 2025-acdc40-1767016000.91-1767016729.4-486-3b2689c3fe51,ENROUTE_CLIMB,ENROUTE_CLIMB,0.2747917619801871,0.0,0.2747917619801871,False
a5edbf-0-4e0346147bdb,ENROUTE_CLIMB,ENROUTE_CLIMB,0.0,0.0,0.0,False
Dec 28 2025-ad350a-1766927632.64-1766928295.83-135-25eb93b6adb4,ENROUTE_CLIMB,ENROUTE_CLIMB,0.0,0.0,0.0,False
Dec 28 2025-a6d932-1766930369.61-1766931372.61-609-6389a2b52908,ENROUTE_CLIMB,ENROUTE_CLIMB,0.0,0.0,0.0,False
Dec 27 2025-a5d648-1766855900.69-1766856860.22-1052-a2aced9785dd,ENROUTE_CLIMB,ENROUTE_CLIMB,0.24396637069123184,0.0,0.24396637069123184,False
Dec 28 2025-ac4963-1766932511.51-1766933380.23-1171-1577309f324c,ENROUTE_CLIMB,ENROUTE_CLIMB,0.17769263877682104,0.0,0.17769263877682104,False
Dec 28 2025-a486b3-1766957977.31-1766958737.82-2149-58473b008ac9,ENROUTE_CLIMB,ENROUTE_CLIMB,0.4354355877920633,0.0,0.4354355877920633,False
ab5975-0-fa6561170942,ENROUTE_CLIMB,ENROUTE_CLIMB,0.5517555360559482,0.0,0.5517555360559482,False
Dec 28 2025-ab3da7-1766954629.15-1766955336.08-2021-421e62c932e1,ENROUTE_CLIMB,ENROUTE_CLIMB,0.35259518656961325,0.0,0.35259518656961325,False
Dec 27 2025-a9cff8-1766870257.78-1766871080.99-3658-f4bd76118407,ENROUTE_CLIMB,ENROUTE_CLIMB,0.7051157835779951,0.0,0.7051157835779951,False
Dec 28 2025-ad5679-1766898154.76-1766898970.51-1424-448995e37af3,ENROUTE_CLIMB,ENROUTE_CLIMB,0.23533474475203872,0.0,0.23533474475203872,False
Dec 28 2025-3c4590-1766955950.68-1766956825.66-1697-d0ec227ab3e5,ENROUTE_CLIMB,ENROUTE_CLIMB,0.5611910534613003,0.0,0.5611910534613003,False
Dec 28 2025-ab38aa-1766934284.39-1766935092.08-2056-654fda4601c5,ENROUTE_CLIMB,ENROUTE_CLIMB,0.41695389149335865,0.0,0.41695389149335865,False
a286fe-0-7d3520314985,ENROUTE_CLIMB,ENROUTE_CLIMB,0.6633454721509384,0.0,0.6633454721509384,False
Dec 28 2025-a4ace1-1766931791.85-1766932673.54-2717-dfa4a6505aaf,ENROUTE_CLIMB,ENROUTE_CLIMB,0.8186991312847576,0.0,0.8186991312847576,False
a388a9-0-35c658ccba16,ENROUTE_CLIMB,ENROUTE_CLIMB,0.37735113898762623,0.0,0.37735113898762623,False
a548d1-0-8f1b75eb17c8,ENROUTE_CLIMB,ENROUTE_CLIMB,0.4250203078466979,0.0,0.4250203078466979,False
ada526-0-7b41ebb72f0d,ENROUTE_CLIMB,ENROUTE_CLIMB,0.48720327757607723,0.0,0.48720327757607723,False
Dec 27 2025-abe0df-1766795049.27-1766795817.18-3309-9f1211ee6d2b,ENROUTE_CLIMB,ENROUTE_CLIMB,0.0,0.0,0.0,False
Dec 28 2025-aced7a-1766926186.03-1766926847.22-1438-d8a35dc36acb,ENROUTE_CLIMB,ENROUTE_CLIMB,0.3584989606014686,0.0,0.3584989606014686,False
Dec 28 2025-a3323d-1766952047.82-1766952931.93-724-6b2044cff7d7,ENROUTE_CLIMB,ENROUTE_CLIMB,0.3196327355537123,0.0,0.3196327355537123,False
ac2a69-0-d60ff50c62a6,ENROUTE_CLIMB,ENROUTE_CLIMB,0.6197866615745413,0.0,0.6197866615745413,False
Dec 28 2025-abde0b-1766931176.87-1766932051.62-148-6ec5d563dbf1,ENROUTE_CLIMB,ENROUTE_CLIMB,0.29376867156385317,0.0,0.29376867156385317,False
Dec 28 2025-ab38aa-1766934284.39-1766935092.08-2056-d42324505d99,ENROUTE_CLIMB,ENROUTE_CLIMB,0.8072507194020198,0.0,0.8072507194020198,False
ac90f3-0-0a133abc0b65,ENROUTE_CLIMB,ENROUTE_CLIMB,0.30631415395322303,0.0,0.30631415395322303,False
aaf264-0-c92fcc259176,ENROUTE_CLIMB,ENROUTE_CLIMB,0.22078474725952535,0.0,0.22078474725952535,False
Dec 28 2025-040045-1766936210.39-1766936859.69-812-5fc2885a0c5c,ENROUTE_CLIMB,ENROUTE_CLIMB,0.18371373195026097,0.0,0.18371373195026097,False
Dec 28 2025-aa70b8-1766893298.4-1766894124.82-2241-f96a942d615c,ENROUTE_CLIMB,ENROUTE_CLIMB,0.6657452780093247,0.0,0.6657452780093247,False
a3f88e-0-f7a153e40501,ENROUTE_CLIMB,ENROUTE_CLIMB,0.4442412302068035,0.0,0.4442412302068035,False
Dec 28 2025-ac83d5-1766956933.4-1766957658.97-2566-87165b5adb3e,ENROUTE_CLIMB,ENROUTE_CLIMB,0.0,0.0,0.0,False
Dec 27 2025-a5f5bf-1766846979.33-1766847824.4-2843-1a6cd452daa3,ENROUTE_CLIMB,ENROUTE_CLIMB,0.6621859032591523,0.0,0.6621859032591523,False
Dec 28 2025-ac50d1-1766942520.64-1766943407.24-2508-b09ebf86d242,ENROUTE_CLIMB,ENROUTE_CLIMB,0.0,0.0,0.0,False
Dec 27 2025-a446b6-1766849342.56-1766850237.79-2677-87b0a0c82bde,ENROUTE_CLIMB,ENROUTE_CLIMB,0.21090261567748117,0.0,0.21090261567748117,False
Dec 28 2025-a1584a-1766960001.61-1766960740.12-877-302b5d6d0913,ENROUTE_CLIMB,ENROUTE_CLIMB,0.32959840645097266,0.0,0.32959840645097266,False
Dec 29 2025-a4959a-1766978659.92-1766979403.99-1118-edc44cf35341,ENROUTE_CLIMB,ENROUTE_CLIMB,0.0,0.0,0.0,False
Dec 29 2025-ab38a1-1767010153.95-1767010839.76-1164-356794fba387,ENROUTE_CLIMB,ENROUTE_CLIMB,0.0,0.0,0.0,False
Dec 27 2025-abb54f-1766800228.32-1766800935.9-1181-41f0597d44af,ENROUTE_CLIMB,ENROUTE_CLIMB,0.25736066619518205,0.0,0.25736066619518205,False
ada16f-0-674672eaac7c,ENROUTE_CLIMB,ENROUTE_CLIMB,0.2228858447010684,0.0,0.2228858447010684,False
Dec 27 2025-ac66d5-1766847168.43-1766847925.29-3138-8507b81ed50e,ENROUTE_CLIMB,ENROUTE_CLIMB,0.27126493473475777,0.0,0.27126493473475777,False
a963b6-0-8e0d432acd70,ENROUTE_CLIMB,ENROUTE_CLIMB,0.7545197353839111,0.0,0.7545197353839111,False
Dec 27 2025-acd88e-1766843333.46-1766844046.3-2056-da4d7f6a30d5,ENROUTE_CLIMB,ENROUTE_CLIMB,0.0,0.0,0.0,False
Dec 27 2025-a50370-1766802333.16-1766803192.87-1623-8210580a497e,ENROUTE_CLIMB,ENROUTE_CLIMB,0.2392912668395683,0.0,0.2392912668395683,False
a7d6a8-0-211a81a0ea00,ENROUTE_CLIMB,ENROUTE_CLIMB,0.2914126158083088,0.0,0.2914126158083088,False
Dec 27 2025-448466-1766876251.64-1766877114.85-1487-cf3c59b3eccf,ENROUTE_CLIMB,ENROUTE_CLIMB,0.3621109143805454,0.0,0.3621109143805454,False
Dec 27 2025-a385c8-1766810424.68-1766811144.0-2955-5a8618da6fe3,ENROUTE_CLIMB,ENROUTE_CLIMB,0.17416046587624862,0.0,0.17416046587624862,False
a88752-0-6a303bca6b56,ENROUTE_CLIMB,ENROUTE_CLIMB,0.0,0.0,0.0,False
ad000d-0-7e29f407e612,ENROUTE_CLIMB,ENROUTE_CLIMB,0.27492684386658955,0.0,0.27492684386658955,False
Dec 27 2025-ade548-1766802956.86-1766803852.32-1064-c73340731616,ENROUTE_CLIMB,ENROUTE_CLIMB,0.6438228885796308,0.0,0.6438228885796308,False
Dec 28 2025-a0be05-1766937907.93-1766938887.61-79-7d36b3b4f68e,ENROUTE_CLIMB,ENROUTE_CLIMB,0.3058807913743103,0.0,0.3058807913743103,False
a5708c-0-fe0f9c5b7748,ENROUTE_CLIMB,ENROUTE_CLIMB,0.6578288039672568,0.0,0.6578288039672568,False
abb68c-0-54dfc147e263,ENROUTE_CLIMB,ENROUTE_CLIMB,0.6370037049211408,0.0,0.6370037049211408,False
Dec 27 2025-a7e24a-1766849842.08-1766850576.44-1099-7ebe4f2d7164,ENROUTE_CLIMB,ENROUTE_CLIMB,0.25752823520943346,0.0,0.25752823520943346,False
Dec 27 2025-ac4963-1766853265.6-1766854014.81-1456-96e66bc4d680,ENROUTE_CLIMB,ENROUTE_CLIMB,0.30460388692761353,0.0,0.30460388692761353,False
a52721-0-1eb320b1a87a,ENROUTE_CLIMB,ENROUTE_CLIMB,0.6308818590211459,0.0,0.6308818590211459,False
Dec 29 2025-ad0b73-1767049794.67-1767050309.02-850-75b5506fbccf,ENROUTE_CLIMB,ENROUTE_CLIMB,0.5898674085585026,0.0,0.5898674085585026,False
Dec 27 2025-ad273b-1766842454.46-1766843208.64-831-14a192941c26,ENROUTE_CLIMB,ENROUTE_CLIMB,0.1682070843921451,0.0,0.1682070843921451,False
Dec 27 2025-a86925-1766871362.42-1766872116.71-536-00efee85325e,ENROUTE_CLIMB,ENROUTE_CLIMB,0.4075019679945646,0.0,0.4075019679945646,False
Dec 29 2025-ab38a1-1767010153.95-1767010839.76-1164-7fbb690ec134,ENROUTE_CLIMB,ENROUTE_CLIMB,0.3292648443282298,0.0,0.3292648443282298,False
a6e4bb-0-afb7bc13a199,ENROUTE_CLIMB,ENROUTE_CLIMB,0.5083276264974484,0.0,0.5083276264974484,False
ac2c9c-0-2621c8053c2c,ENROUTE_CLIMB,ENROUTE_CLIMB,0.0,0.0,0.0,False
Dec 28 2025-ac481d-1766923067.05-1766923800.09-362-adb61b5ff33d,ENROUTE_CLIMB,ENROUTE_CLIMB,0.21969140802321632,0.0,0.21969140802321632,False
Dec 27 2025-a33e5e-1766852655.31-1766853407.39-1355-4024bb350021,ENROUTE_CLIMB,ENROUTE_CLIMB,0.40405161187593014,0.0,0.40405161187593014,False
a3d7a7-0-684b1c8e964b,ENROUTE_CLIMB,ENROUTE_CLIMB,0.3404471082082257,0.0,0.3404471082082257,False
Dec 28 2025-a8ae7f-1766882071.25-1766882875.2-1487-fa9ea8195560,ENROUTE_CLIMB,ENROUTE_CLIMB,1.3868891544899844,-1.0,1.3868891544899844,True
Dec 28 2025-c02e91-1766925528.03-1766926317.04-1726-33afb3ec339f,ENROUTE_CLIMB,ENROUTE_CLIMB,0.31785097416293434,0.0,0.31785097416293434,False
Dec 30 2025-a495ef-1767129312.31-1767130461.01-2064-a2aab36bb03c,ENROUTE_CLIMB,ENROUTE_CLIMB,3.1011836726823026,-1.0,3.1011836726823026,True
Dec 27 2025-ac2fc3-1766862714.15-1766863466.47-2905-d875740552b3,ENROUTE_CLIMB,ENROUTE_CLIMB,0.3349378925610983,0.0,0.3349378925610983,False
adea26-0-d5f0b725c6fa,ENROUTE_CLIMB,ENROUTE_CLIMB,0.0,0.0,0.0,False
Dec 28 2025-a34215-1766939055.52-1766939794.12-279-4674026e8c0c,ENROUTE_CLIMB,ENROUTE_CLIMB,0.0,0.0,0.0,False
Dec 27 2025-a4a0b4-1766879013.66-1766879786.41-2641-e10d9ebf9e6c,ENROUTE_CLIMB,ENROUTE_CLIMB,0.2967013248101403,0.0,0.2967013248101403,False
Dec 28 2025-ab4489-1766963624.79-1766964471.95-1612-69586b0c8e83,ENROUTE_CLIMB,ENROUTE_CLIMB,0.42209931489186037,0.0,0.42209931489186037,False
abef16-0-b831c043a874,ENROUTE_CLIMB,ENROUTE_CLIMB,0.5667912402120893,0.0,0.5667912402120893,False
Dec 28 2025-a5db2c-1766958169.12-1766958920.15-533-a1c2501cd154,ENROUTE_CLIMB,ENROUTE_CLIMB,0.31190946078759485,0.0,0.31190946078759485,False
Dec 27 2025-acd4d7-1766798815.03-1766799546.49-3174-578c2abea471,ENROUTE_CLIMB,ENROUTE_CLIMB,0.28039273575877743,0.0,0.28039273575877743,False
Dec 28 2025-a42020-1766891071.58-1766891932.78-390-9938cffc8680,ENROUTE_CLIMB,ENROUTE_CLIMB,0.33710099584631886,0.0,0.33710099584631886,False
a416be-0-ab6972d6b7b1,ENROUTE_CLIMB,ENROUTE_CLIMB,0.5204730835435545,0.0,0.5204730835435545,False
Dec 27 2025-ad2b43-1766844727.85-1766845581.8-973-f752dd74d2ed,ENROUTE_CLIMB,ENROUTE_CLIMB,0.23743647641606477,0.0,0.23743647641606477,False
Dec 28 2025-acc1f3-1766893969.62-1766894810.75-2966-dd98ca62173f,ENROUTE_CLIMB,ENROUTE_CLIMB,0.7118271071004325,0.0,0.7118271071004325,False
Dec 28 2025-ad4f0b-1766960865.81-1766961611.17-156-a6885649a1a1,ENROUTE_CLIMB,ENROUTE_CLIMB,0.3200808392371964,0.0,0.3200808392371964,False
Dec 27 2025-a3fb6f-1766849791.83-1766850592.34-1605-bf2410a8b00b,ENROUTE_CLIMB,ENROUTE_CLIMB,0.5084947437331003,0.0,0.5084947437331003,False
Dec 28 2025-a48356-1766936490.5-1766937139.79-1015-54459504fea7,ENROUTE_CLIMB,ENROUTE_CLIMB,0.44236178154206734,0.0,0.44236178154206734,False
Dec 28 2025-a5ce40-1766920460.13-1766921193.06-742-a035c7042d8b,ENROUTE_CLIMB,ENROUTE_CLIMB,0.28227627896813645,0.0,0.28227627896813645,False
a32e86-0-46493a41f70f,ENROUTE_CLIMB,ENROUTE_CLIMB,0.34069328719743225,0.0,0.34069328719743225,False
Dec 28 2025-ad67ae-1766882172.87-1766882871.51-2099-a881c3311704,ENROUTE_CLIMB,ENROUTE_CLIMB,0.4435660423638034,0.0,0.4435660423638034,False
Dec 27 2025-a33e5e-1766867706.89-1766868636.04-1357-e3899e07ea88,ENROUTE_CLIMB,ENROUTE_CLIMB,0.229769181329435,0.0,0.229769181329435,False
Dec 27 2025-a486d8-1766799895.61-1766800653.11-3188-2d8ffa012ae4,ENROUTE_CLIMB,ENROUTE_CLIMB,0.2908275156361427,0.0,0.2908275156361427,False
a67bd3-0-d57b1108d95f,ENROUTE_CLIMB,ENROUTE_CLIMB,0.4074806154312467,0.0,0.4074806154312467,False
Dec 27 2025-a9acb8-1766869054.54-1766869786.64-2719-068c3b96e625,ENROUTE_CLIMB,ENROUTE_CLIMB,0.4597442349163017,0.0,0.4597442349163017,False
Dec 28 2025-a44262-1766935125.87-1766936035.36-1150-3122cd8a6b7a,ENROUTE_CLIMB,ENROUTE_CLIMB,0.0,0.0,0.0,False
Dec 27 2025-a41447-1766852848.61-1766853721.89-1024-290179d3f1b2,ENROUTE_CLIMB,ENROUTE_CLIMB,0.44874931140841373,0.0,0.44874931140841373,False
Dec 27 2025-a7e509-1766864503.19-1766865236.46-119-a8bda3b8df14,ENROUTE_CLIMB,ENROUTE_CLIMB,0.40874473381607,0.0,0.40874473381607,False
a561e8-0-0710af2d1b60,ENROUTE_CLIMB,ENROUTE_CLIMB,0.30490745626581245,0.0,0.30490745626581245,False
adc8ee-0-013702c71943,ENROUTE_CLIMB,ENROUTE_CLIMB,0.26167783757071067,0.0,0.26167783757071067,False
Dec 27 2025-a7e279-1766878457.48-1766879204.35-1761-c230e0b046b3,ENROUTE_CLIMB,ENROUTE_CLIMB,0.16841700713087734,0.0,0.16841700713087734,False
Dec 28 2025-a5f5bf-1766885630.29-1766886473.4-2319-c6ba0b9a508d,ENROUTE_CLIMB,ENROUTE_CLIMB,0.44721760869349986,0.0,0.44721760869349986,False
Dec 27 2025-ac66d5-1766847168.43-1766847925.29-3138-457c5aeade4f,ENROUTE_CLIMB,ENROUTE_CLIMB,0.37952014142405327,0.0,0.37952014142405327,False
adbeed-0-22d805a13570,ENROUTE_CLIMB,ENROUTE_CLIMB,0.3210551540830139,0.0,0.3210551540830139,False
a44e18-0-9237feed6531,ENROUTE_CLIMB,ENROUTE_CLIMB,0.2712927491611519,0.0,0.2712927491611519,False
acad53-0-e1c2f9ed1a7c,ENROUTE_CLIMB,ENROUTE_CLIMB,0.3364545723093993,0.0,0.3364545723093993,False
Dec 27 2025-4851b0-1766868986.81-1766869775.56-2577-37f01d6f5fe0,ENROUTE_CLIMB,ENROUTE_CLIMB,0.4774163830973419,0.0,0.4774163830973419,False
Dec 27 2025-ad3c78-1766862791.48-1766863508.41-1754-2fdc58dfbe4f,ENROUTE_CLIMB,ENROUTE_CLIMB,0.45426730125338716,0.0,0.45426730125338716,False
a3ed69-0-92e9e9ce8119,ENROUTE_CLIMB,ENROUTE_CLIMB,0.4765110272673099,0.0,0.4765110272673099,False
aa6fca-0-d058be2f1c5b,ENROUTE_CLIMB,ENROUTE_CLIMB,0.0,0.0,0.0,False
Dec 27 2025-ad3c27-1766808043.71-1766808816.84-559-105d93373d5d,ENROUTE_CLIMB,ENROUTE_CLIMB,0.31149299539702696,0.0,0.31149299539702696,False
ac181d-0-e9fa7c4172f3,ENROUTE_CLIMB,ENROUTE_CLIMB,0.4600947196201309,0.0,0.4600947196201309,False
Dec 28 2025-a46304-1766929309.74-1766930224.81-70-6e7a8ade159d,ENROUTE_CLIMB,ENROUTE_CLIMB,0.46075289935767516,0.0,0.46075289935767516,False
Dec 27 2025-a7b7c5-1766872033.87-1766872744.03-2927-c806732f3e33,ENROUTE_CLIMB,ENROUTE_CLIMB,0.0,0.0,0.0,False
Dec 27 2025-ad52c2-1766797074.79-1766797901.26-2891-a9f432e65d1d,ENROUTE_CLIMB,ENROUTE_CLIMB,0.29237088530160055,0.0,0.29237088530160055,False
Dec 27 2025-0d09b9-1766870921.82-1766871668.53-2728-7f5b89a14994,ENROUTE_CLIMB,ENROUTE_CLIMB,0.4536488916488473,0.0,0.4536488916488473,False
Dec 27 2025-a8e262-1766853731.36-1766854527.74-1435-39585bf12a9d,ENROUTE_CLIMB,ENROUTE_CLIMB,0.18790321857940265,0.0,0.18790321857940265,False
Dec 28 2025-a8f9a3-1766891045.45-1766891774.45-1955-a5962556699d,ENROUTE_CLIMB,ENROUTE_CLIMB,0.0,0.0,0.0,False
ab48aa-0-fe01758cc671,ENROUTE_CLIMB,ENROUTE_CLIMB,0.3431224378480267,0.0,0.3431224378480267,False
ad5679-0-f02119e0d5ed,ENROUTE_CLIMB,ENROUTE_CLIMB,0.44338630517145183,0.0,0.44338630517145183,False
Dec 28 2025-a50900-1766952526.02-1766953487.13-8-2b261ff9e92f,ENROUTE_CLIMB,ENROUTE_CLIMB,0.3210082430789916,0.0,0.3210082430789916,False
Dec 28 2025-ac1b44-1766962858.27-1766963606.54-808-605ddadcf9f0,ENROUTE_CLIMB,ENROUTE_CLIMB,0.0,0.0,0.0,False
Dec 28 2025-ad474c-1766934116.7-1766935044.68-905-db48365fd0c8,ENROUTE_CLIMB,ENROUTE_CLIMB,0.1967847240276358,0.0,0.1967847240276358,False
Dec 27 2025-a11380-1766879115.9-1766879850.3-1843-20bf376c63a0,ENROUTE_CLIMB,ENROUTE_CLIMB,0.0,0.0,0.0,False
abc3ec-0-80311ce34f12,ENROUTE_CLIMB,ENROUTE_CLIMB,0.3669188065751784,0.0,0.3669188065751784,False
Dec 28 2025-a14c70-1766958849.48-1766959703.31-1318-4f85e1980bbd,ENROUTE_CLIMB,ENROUTE_CLIMB,0.23695616241787304,0.0,0.23695616241787304,False
Dec 27 2025-448466-1766876251.64-1766877114.85-1487-e539d3111b7b,ENROUTE_CLIMB,ENROUTE_CLIMB,0.763130915181436,0.0,0.763130915181436,False
a46304-0-19d04e730207,ENROUTE_CLIMB,ENROUTE_CLIMB,0.1428707309727706,0.0,0.1428707309727706,False
a8f6ef-0-6d4bf1eab012,ENROUTE_CLIMB,ENROUTE_CLIMB,0.3353350948476734,0.0,0.3353350948476734,False
a41632-0-fd69ddc37ece,ENROUTE_CLIMB,ENROUTE_CLIMB,0.6816805697449289,0.0,0.6816805697449289,False
Dec 28 2025-a33a30-1766886127.1-1766886879.08-592-d0cad7556ffb,ENROUTE_CLIMB,ENROUTE_CLIMB,1.1055535443701658,-1.0,1.1055535443701658,True
Dec 29 2025-a89c23-1767006754.2-1767007471.68-246-0f5d6baec99d,ENROUTE_CLIMB,ENROUTE_CLIMB,0.4954168372876875,0.0,0.4954168372876875,False
Dec 28 2025-a48356-1766959420.47-1766960118.48-1017-595e72d26c0f,ENROUTE_CLIMB,ENROUTE_CLIMB,0.4874153773249918,0.0,0.4874153773249918,False
adbdc9-0-100eb119a09b,ENROUTE_CLIMB,ENROUTE_CLIMB,0.39314020894496293,0.0,0.39314020894496293,False
a2107b-0-22537f9d806b,ENROUTE_CLIMB,ENROUTE_CLIMB,0.20202120143322774,0.0,0.20202120143322774,False
Dec 27 2025-acb878-1766808488.03-1766809204.01-1749-24ff214ce6c6,ENROUTE_CLIMB,ENROUTE_CLIMB,0.4133935783039856,0.0,0.4133935783039856,False
ab19df-0-863cbf58c610,ENROUTE_CLIMB,ENROUTE_CLIMB,0.5284963996633582,0.0,0.5284963996633582,False
Dec 27 2025-a42a37-1766800360.52-1766801249.19-762-51960d82b36a,ENROUTE_CLIMB,ENROUTE_CLIMB,0.2054272672107245,0.0,0.2054272672107245,False
a3e525-0-8a60efdf360a,ENROUTE_CLIMB,ENROUTE_CLIMB,0.7173739215766385,0.0,0.7173739215766385,False
Dec 27 2025-acf0e0-1766864618.63-1766865347.94-3330-ca9b31742c88,ENROUTE_CLIMB,ENROUTE_CLIMB,0.1772795170159458,0.0,0.1772795170159458,False
Dec 28 2025-a37616-1766925919.98-1766926671.17-293-3a344d4f0431,ENROUTE_CLIMB,ENROUTE_CLIMB,0.3391893279912843,0.0,0.3391893279912843,False
a548d1-0-05e29940b6a2,ENROUTE_CLIMB,ENROUTE_CLIMB,0.36128109843223916,0.0,0.36128109843223916,False
Dec 27 2025-ad694c-1766857364.22-1766858070.93-1137-11b9689ee6de,ENROUTE_CLIMB,ENROUTE_CLIMB,0.0,0.0,0.0,False
Dec 28 2025-ac66d5-1766883869.59-1766884587.13-2554-f40f031b8aaf,ENROUTE_CLIMB,ENROUTE_CLIMB,0.2868696786560869,0.0,0.2868696786560869,False
Dec 27 2025-acf69b-1766865133.59-1766865869.53-2256-98065193eeaa,ENROUTE_CLIMB,ENROUTE_CLIMB,0.2660602129026954,0.0,0.2660602129026954,False
Dec 27 2025-a7506a-1766805433.95-1766806078.13-1549-57c9afbcd330,ENROUTE_CLIMB,ENROUTE_CLIMB,0.678390069653027,0.0,0.678390069653027,False
Dec 27 2025-a29aa5-1766867732.46-1766868507.76-2405-aaeb7875e668,ENROUTE_CLIMB,ENROUTE_CLIMB,0.4560593609000704,0.0,0.4560593609000704,False
a01f0d-0-7ee1b36194c8,ENROUTE_CLIMB,ENROUTE_CLIMB,0.28982957238403056,0.0,0.28982957238403056,False
Dec 27 2025-a8ae7f-1766803707.95-1766804392.38-1834-307489d7bdea,ENROUTE_CLIMB,ENROUTE_CLIMB,0.0,0.0,0.0,False
Dec 28 2025-ac3eba-1766938754.5-1766939571.99-2267-9bb33fc21efd,ENROUTE_CLIMB,ENROUTE_CLIMB,0.17803693240700222,0.0,0.17803693240700222,False
Dec 28 2025-ad4b54-1766957152.82-1766958006.09-997-ee1fb97ccf02,ENROUTE_CLIMB,ENROUTE_CLIMB,0.0,0.0,0.0,False
a7e509-0-0b1b468d1832,ENROUTE_CLIMB,ENROUTE_CLIMB,0.35345750728588865,0.0,0.35345750728588865,False
Dec 28 2025-a17c12-1766888892.87-1766889624.15-230-85258560af60,ENROUTE_CLIMB,ENROUTE_CLIMB,0.0,0.0,0.0,False
Dec 29 2025-abdc56-1767008342.57-1767009076.24-640-ce1d3274743c,ENROUTE_CLIMB,ENROUTE_CLIMB,0.0,0.0,0.0,False
71bc20-0-07382fdea559,ENROUTE_CLIMB,ENROUTE_CLIMB,1.1656654476147381,-1.0,1.1656654476147381,True
abc3ec-0-9d11b013b1df,ENROUTE_CLIMB,ENROUTE_CLIMB,0.3302182752585211,0.0,0.3302182752585211,False
ac2a69-0-eb3b3e462f02,ENROUTE_CLIMB,ENROUTE_CLIMB,1.2590609311575736,-1.0,1.2590609311575736,True
acf4e8-0-6c87ee4615e8,ENROUTE_CLIMB,ENROUTE_CLIMB,0.24306936477036153,0.0,0.24306936477036153,False
ad87aa-0-c2e916a3c662,ENROUTE_CLIMB,ENROUTE_CLIMB,0.4324532543184015,0.0,0.4324532543184015,False
a997cc-0-76628fd320da,ENROUTE_CLIMB,ENROUTE_CLIMB,0.0,0.0,0.0,False
a49d22-0-531f0a48d72e,ENROUTE_CLIMB,ENROUTE_CLIMB,0.6218329584205268,0.0,0.6218329584205268,False
Dec 27 2025-a3b414-1766834074.42-1766834796.57-307-d02c7eb973a6,ENROUTE_CLIMB,ENROUTE_CLIMB,0.589132075840632,0.0,0.589132075840632,False
a38252-0-6e279be23aa8,ENROUTE_CLIMB,ENROUTE_CLIMB,0.7756597346687604,0.0,0.7756597346687604,False
Dec 28 2025-a5db2c-1766958169.12-1766958920.15-533-3c9cdc3cecbd,ENROUTE_CLIMB,ENROUTE_CLIMB,0.36686145279145926,0.0,0.36686145279145926,False
a2b310-0-2fe8ad6b2e9c,ENROUTE_CLIMB,ENROUTE_CLIMB,0.3959373781911266,0.0,0.3959373781911266,False
c07eda-0-1c8ae3caac25,ENROUTE_CLIMB,ENROUTE_CLIMB,0.4328574766375642,0.0,0.4328574766375642,False
Dec 27 2025-40641d-1766805266.84-1766806167.83-434-ae38f366c755,ENROUTE_CLIMB,ENROUTE_CLIMB,0.30493512097815473,0.0,0.30493512097815473,False
a933e3-0-9f1154d021d8,ENROUTE_CLIMB,ENROUTE_CLIMB,0.6839975107057262,0.0,0.6839975107057262,False
Dec 27 2025-adcca5-1766864825.34-1766865720.2-2417-7921412f9525,ENROUTE_CLIMB,ENROUTE_CLIMB,0.3386717729200209,0.0,0.3386717729200209,False
Dec 28 2025-a4462e-1766943726.16-1766944551.98-563-bd98f954d40c,ENROUTE_CLIMB,ENROUTE_CLIMB,0.0,0.0,0.0,False
Dec 27 2025-a38c66-1766795498.81-1766796261.98-1489-e5222906550f,ENROUTE_CLIMB,ENROUTE_CLIMB,0.3272868714618426,0.0,0.3272868714618426,False
Dec 27 2025-a44b56-1766869663.87-1766870391.12-1281-622916269a64,ENROUTE_CLIMB,ENROUTE_CLIMB,0.3456899989141082,0.0,0.3456899989141082,False
a26ec9-0-99ef9b91156c,ENROUTE_CLIMB,ENROUTE_CLIMB,0.0,0.0,0.0,False
Dec 27 2025-ad5c38-1766870015.35-1766870751.86-788-88d9ca8334a9,ENROUTE_CLIMB,ENROUTE_CLIMB,0.36615188805567683,0.0,0.36615188805567683,False
Dec 28 2025-ac6645-1766887857.77-1766888590.47-818-dc6007428060,ENROUTE_CLIMB,ENROUTE_CLIMB,0.4867048672776902,0.0,0.4867048672776902,False
a71adb-0-6dc9c1038ab6,ENROUTE_CLIMB,ENROUTE_CLIMB,0.3338015205369131,0.0,0.3338015205369131,False
a04035-0-2cb2ee80ed69,ENROUTE_CLIMB,ENROUTE_CLIMB,0.49566240925854393,0.0,0.49566240925854393,False
abca00-0-abfc3bdcfccf,ENROUTE_CLIMB,ENROUTE_CLIMB,0.4586018356746536,0.0,0.4586018356746536,False
a4418d-0-6263a86f9acd,ENROUTE_CLIMB,ENROUTE_CLIMB,0.0,0.0,0.0,False
Dec 27 2025-a364ea-1766813938.17-1766814678.43-3458-850e7cb78e65,ENROUTE_CLIMB,ENROUTE_CLIMB,0.19193622827340986,0.0,0.19193622827340986,False
ac5488-0-02de15d246c1,ENROUTE_CLIMB,ENROUTE_CLIMB,0.3878882158928355,0.0,0.3878882158928355,False
Dec 28 2025-aa735a-1766961265.36-1766961985.11-1078-7ce994972a05,ENROUTE_CLIMB,ENROUTE_CLIMB,0.38183063655349564,0.0,0.38183063655349564,False
a8d635-0-a2fcaf1c1f6f,ENROUTE_CLIMB,ENROUTE_CLIMB,0.0,0.0,0.0,False
Dec 27 2025-a01e3d-1766849735.37-1766850589.19-853-80df00bb85cc,ENROUTE_CLIMB,ENROUTE_CLIMB,0.2553600236425978,0.0,0.2553600236425978,False
Dec 28 2025-ac10af-1766889267.63-1766889977.98-2107-fac52a16670d,ENROUTE_CLIMB,ENROUTE_CLIMB,0.0,0.0,0.0,False
c02e8f-0-ff6ca198e820,ENROUTE_CLIMB,ENROUTE_CLIMB,0.0,0.0,0.0,False
Dec 30 2025-ab0a26-1767120989.51-1767122446.07-381-b308df5a2f02,ENROUTE_CLIMB,ENROUTE_CLIMB,1.2120281094244307,-1.0,1.2120281094244307,True
Dec 27 2025-a7e509-1766864503.19-1766865236.46-119-11400ad85499,ENROUTE_CLIMB,ENROUTE_CLIMB,0.3758863323977339,0.0,0.3758863323977339,False
Dec 27 2025-acfc05-1766855335.29-1766856091.88-82-f66e139afdec,ENROUTE_CLIMB,ENROUTE_CLIMB,0.1437076637570102,0.0,0.1437076637570102,False
a69bd9-0-6548a4169d3b,ENROUTE_CLIMB,ENROUTE_CLIMB,0.3584354841608633,0.0,0.3584354841608633,False
acb10a-0-3a15ea32fc27,ENROUTE_CLIMB,ENROUTE_CLIMB,0.4088770390958033,0.0,0.4088770390958033,False
Dec 28 2025-a37616-1766925919.98-1766926671.17-293-8e00c8cea9bd,ENROUTE_CLIMB,ENROUTE_CLIMB,0.22950123490161786,0.0,0.22950123490161786,False
Dec 27 2025-a924fc-1766841622.11-1766842431.06-3717-ef871bf6b3fd,ENROUTE_CLIMB,ENROUTE_CLIMB,0.27083517025282183,0.0,0.27083517025282183,False
0d09e3-0-70bcecb33883,ENROUTE_CLIMB,ENROUTE_CLIMB,1.5171667681747443,-1.0,1.5171667681747443,True
a365f8-0-fe0f6ebace59,ENROUTE_CLIMB,ENROUTE_CLIMB,0.0,0.0,0.0,False
c07fb9-0-9615dcc8b74d,ENROUTE_CLIMB,ENROUTE_CLIMB,0.38465538543899636,0.0,0.38465538543899636,False
aa6b43-0-86b53699ae87,ENROUTE_CLIMB,ENROUTE_CLIMB,0.3485278017448475,0.0,0.3485278017448475,False
abc992-0-c62de25b1f50,ENROUTE_CLIMB,ENROUTE_CLIMB,1.6317769572462388,-1.0,1.6317769572462388,True
ac3030-0-ea683b7a6aef,ENROUTE_CLIMB,ENROUTE_CLIMB,0.3189556785736272,0.0,0.3189556785736272,False
Dec 27 2025-ab482b-1766852132.13-1766853424.99-617-0243d4ecf80e,ENROUTE_CLIMB,ENROUTE_CLIMB,0.5313256164448026,0.0,0.5313256164448026,False
Dec 27 2025-a31ffc-1766841616.51-1766842533.88-3707-0e7a28a79135,ENROUTE_CLIMB,ENROUTE_CLIMB,0.7916597650460797,0.0,0.7916597650460797,False
a8dae7-0-e025a6b77085,ENROUTE_CLIMB,ENROUTE_CLIMB,0.3192781015928454,0.0,0.3192781015928454,False
a6d6d9-0-49b80295b5c5,ENROUTE_CLIMB,ENROUTE_CLIMB,0.3848178690229291,0.0,0.3848178690229291,False
Dec 28 2025-ac66d5-1766932832.53-1766933683.04-2556-61d32e3fdbe1,ENROUTE_CLIMB,ENROUTE_CLIMB,0.3470731767225353,0.0,0.3470731767225353,False
a4503d-0-133194920f43,ENROUTE_CLIMB,ENROUTE_CLIMB,0.0,0.0,0.0,False
ab8fd0-0-b2d31e95d8a6,ENROUTE_CLIMB,ENROUTE_CLIMB,0.5777937756136137,0.0,0.5777937756136137,False
Dec 28 2025-ad0d86-1766942980.39-1766943664.6-1577-4a02209c08d3,ENROUTE_CLIMB,ENROUTE_CLIMB,0.3148415629593213,0.0,0.3148415629593213,False
Dec 27 2025-ab1122-1766852763.22-1766853609.38-500-85a093409618,ENROUTE_CLIMB,ENROUTE_CLIMB,0.5119393443327529,0.0,0.5119393443327529,False
a700f3-0-1e5357ab2319,ENROUTE_CLIMB,ENROUTE_CLIMB,0.21764322792161436,0.0,0.21764322792161436,False
Dec 28 2025-aca3e6-1766937126.53-1766938047.61-2788-ed3b07bc5d47,ENROUTE_CLIMB,ENROUTE_CLIMB,0.3761823345561166,0.0,0.3761823345561166,False
Dec 28 2025-a32b04-1766945696.17-1766946410.04-64-41250d2f9169,ENROUTE_CLIMB,ENROUTE_CLIMB,0.7106140454383351,0.0,0.7106140454383351,False
aadd92-0-8cba4d42935b,ENROUTE_CLIMB,ENROUTE_CLIMB,0.39087607402128854,0.0,0.39087607402128854,False
Dec 28 2025-ab58b2-1766939131.38-1766940049.75-2137-dd0847731f90,ENROUTE_CLIMB,ENROUTE_CLIMB,0.19903744188624942,0.0,0.19903744188624942,False
a586b0-0-8e2c79ebcb92,ENROUTE_CLIMB,ENROUTE_CLIMB,1.1091385877383466,-1.0,1.1091385877383466,True
ab60e3-0-ea090641bdf5,ENROUTE_CLIMB,ENROUTE_CLIMB,0.0,0.0,0.0,False
Dec 28 2025-06a129-1766882444.79-1766883347.83-499-61ca84cb68de,ENROUTE_CLIMB,ENROUTE_CLIMB,0.2902035767180014,0.0,0.2902035767180014,False
Dec 27 2025-ac3beb-1766844185.93-1766844891.5-3488-ec4dd5141b98,ENROUTE_CLIMB,ENROUTE_CLIMB,0.27863979803153627,0.0,0.27863979803153627,False
Dec 28 2025-ad4b54-1766957152.82-1766958006.09-997-80f31c718415,ENROUTE_CLIMB,ENROUTE_CLIMB,0.0,0.0,0.0,False
Dec 29 2025-abf09c-1766978808.63-1766979460.56-1133-f0c60e7e0cfd,ENROUTE_CLIMB,ENROUTE_CLIMB,1.5261407466665502,-1.0,1.5261407466665502,True
abef16-0-d3b84fe4691e,ENROUTE_CLIMB,ENROUTE_CLIMB,0.37334348858562644,0.0,0.37334348858562644,False
Dec 27 2025-ad2384-1766874031.4-1766874756.15-1921-d6b74ae1e225,ENROUTE_CLIMB,ENROUTE_CLIMB,0.0,0.0,0.0,False
Dec 27 2025-ab4fae-1766872206.76-1766873027.64-2562-59757dbe6131,ENROUTE_CLIMB,ENROUTE_CLIMB,0.6864391425220447,0.0,0.6864391425220447,False
Dec 28 2025-a5db2c-1766958169.12-1766958920.15-533-4bb907911268,ENROUTE_CLIMB,ENROUTE_CLIMB,0.47269499063788467,0.0,0.47269499063788467,False
Dec 28 2025-ac66d5-1766932832.53-1766933683.04-2556-d0cbb42680a9,ENROUTE_CLIMB,ENROUTE_CLIMB,0.45419532780758604,0.0,0.45419532780758604,False
Dec 27 2025-a3f401-1766858615.48-1766859433.37-27-6b4e206871ea,ENROUTE_CLIMB,ENROUTE_CLIMB,0.32392560618017824,0.0,0.32392560618017824,False
c00b8a-0-905f7c8acd80,ENROUTE_CLIMB,ENROUTE_CLIMB,0.18698058879652446,0.0,0.18698058879652446,False
Dec 27 2025-ad2384-1766803491.9-1766804220.07-1917-8fae44875ab5,ENROUTE_CLIMB,ENROUTE_CLIMB,0.3993802146531994,0.0,0.3993802146531994,False
Dec 27 2025-0c2070-1766867892.69-1766868650.57-1618-9ccb32b3aef3,ENROUTE_CLIMB,ENROUTE_CLIMB,1.1786288340295368,-1.0,1.1786288340295368,True
a72823-0-d583a8568a3b,ENROUTE_CLIMB,ENROUTE_CLIMB,0.2729362428614384,0.0,0.2729362428614384,False
Dec 28 2025-aaffed-1766884360.96-1766885067.19-2886-d665cf7b8870,ENROUTE_CLIMB,ENROUTE_CLIMB,0.4538208952103502,0.0,0.4538208952103502,False
Dec 27 2025-abb68c-1766855238.56-1766855930.0-2000-3616189a8dce,ENROUTE_CLIMB,ENROUTE_CLIMB,0.0,0.0,0.0,False
Dec 28 2025-ad6040-1766938934.68-1766939843.45-752-2aef9d4624f1,ENROUTE_CLIMB,ENROUTE_CLIMB,0.27113433688702654,0.0,0.27113433688702654,False
Dec 27 2025-ac668d-1766799638.71-1766800367.16-2035-9499053f495a,ENROUTE_CLIMB,ENROUTE_CLIMB,0.5368868992534263,0.0,0.5368868992534263,False
Dec 28 2025-ab7394-1766885524.19-1766886216.41-1757-9d0f051afe8f,ENROUTE_CLIMB,ENROUTE_CLIMB,0.4031411594577877,0.0,0.4031411594577877,False
Dec 28 2025-a88e6c-1766931622.26-1766932549.66-1279-5d132f24006b,ENROUTE_CLIMB,ENROUTE_CLIMB,0.6367440085517838,0.0,0.6367440085517838,False
Dec 27 2025-ac92b1-1766802310.67-1766803096.2-2603-c043c91cfccf,ENROUTE_CLIMB,ENROUTE_CLIMB,0.0,0.0,0.0,False
Dec 27 2025-a145b7-1766870302.48-1766871057.02-2695-6cf05ce8cb83,ENROUTE_CLIMB,ENROUTE_CLIMB,0.4367274069545484,0.0,0.4367274069545484,False
Dec 27 2025-a9d66c-1766828689.33-1766829530.97-1578-e22952dfe783,ENROUTE_CLIMB,ENROUTE_CLIMB,1.4315220861128721,-1.0,1.4315220861128721,True
a2d728-0-4898941907d5,ENROUTE_CLIMB,ENROUTE_CLIMB,0.0,0.0,0.0,False
ab9a32-0-608cf85d68ba,ENROUTE_CLIMB,ENROUTE_CLIMB,0.37284359967411795,0.0,0.37284359967411795,False
a717b6-0-9c093596a2ad,ENROUTE_CLIMB,ENROUTE_CLIMB,0.41534728899749357,0.0,0.41534728899749357,False
a456a9-0-63ce5e5ff137,ENROUTE_CLIMB,ENROUTE_CLIMB,0.0,0.0,0.0,False
ac088e-0-ef2df740d021,ENROUTE_CLIMB,ENROUTE_CLIMB,0.0,0.0,0.0,False
Dec 28 2025-ad6040-1766938934.68-1766939843.45-752-99b9c6a09820,ENROUTE_CLIMB,ENROUTE_CLIMB,0.222821050760591,0.0,0.222821050760591,False
Dec 28 2025-71ba02-1766942332.89-1766943031.89-33-c36308b9919a,ENROUTE_CLIMB,ENROUTE_CLIMB,0.23132960029834249,0.0,0.23132960029834249,False
Dec 29 2025-a0b61c-1767019609.34-1767020431.5-195-f45d3bcbb9ae,ENROUTE_CLIMB,ENROUTE_CLIMB,0.6341883233305594,0.0,0.6341883233305594,False
a7d6a8-0-e7b01c69f9ee,ENROUTE_CLIMB,ENROUTE_CLIMB,0.19409814966564587,0.0,0.19409814966564587,False
Dec 29 2025-a3b3df-1767017801.67-1767018635.85-1623-5cf27d08b393,ENROUTE_CLIMB,ENROUTE_CLIMB,0.6011870706532739,0.0,0.6011870706532739,False
a445f8-0-29f99eb27ee8,ENROUTE_CLIMB,ENROUTE_CLIMB,0.1416361892981362,0.0,0.1416361892981362,False
Dec 28 2025-a51334-1766880005.41-1766880640.22-632-48ac3b7be75c,ENROUTE_CLIMB,ENROUTE_CLIMB,0.4806376158717948,0.0,0.4806376158717948,False
a26819-0-b5a79643b043,ENROUTE_CLIMB,ENROUTE_CLIMB,0.0,0.0,0.0,False
Dec 27 2025-a39d9b-1766842384.58-1766843152.17-2239-499fd5523202,ENROUTE_CLIMB,ENROUTE_CLIMB,0.416541710239309,0.0,0.416541710239309,False
Dec 29 2025-a3ccb7-1766975480.86-1766976189.24-1343-3fed4515744d,ENROUTE_CLIMB,ENROUTE_CLIMB,0.39426142208588366,0.0,0.39426142208588366,False
Dec 27 2025-a382b6-1766795330.16-1766796056.91-2671-fbc57da49afe,ENROUTE_CLIMB,ENROUTE_CLIMB,0.0,0.0,0.0,False
a9a95b-0-e55ca87cb3cc,ENROUTE_CLIMB,ENROUTE_CLIMB,0.3627625188191935,0.0,0.3627625188191935,False
Dec 28 2025-a339b4-1766939833.37-1766940562.82-2165-3c407723b134,ENROUTE_CLIMB,ENROUTE_CLIMB,0.21897478567505793,0.0,0.21897478567505793,False
Dec 28 2025-a359bc-1766938207.38-1766939088.38-2283-d808181b920d,ENROUTE_CLIMB,ENROUTE_CLIMB,0.0,0.0,0.0,False
Dec 27 2025-a8bc34-1766834742.07-1766835509.91-723-a635156da445,ENROUTE_CLIMB,ENROUTE_CLIMB,0.3429304906469328,0.0,0.3429304906469328,False
Dec 27 2025-acb82c-1766847765.1-1766848676.05-629-25087cb1c035,ENROUTE_CLIMB,ENROUTE_CLIMB,0.34952016876336955,0.0,0.34952016876336955,False
aca22e-0-20f99934ebe9,ENROUTE_CLIMB,ENROUTE_CLIMB,0.0,0.0,0.0,False
Dec 28 2025-a4bbde-1766964267.67-1766965158.31-2681-43d5440ef25e,ENROUTE_CLIMB,ENROUTE_CLIMB,0.0,0.0,0.0,False
Dec 27 2025-ac21e4-1766863338.22-1766864027.44-3380-6bfbe5db6c68,ENROUTE_CLIMB,ENROUTE_CLIMB,0.2728349299935164,0.0,0.2728349299935164,False
06a12f-0-2905adc3c9bb,ENROUTE_CLIMB,ENROUTE_CLIMB,0.3632346717483896,0.0,0.3632346717483896,False
Dec 29 2025-ac121a-1767016330.94-1767017118.72-185-38f87ceb52e6,ENROUTE_CLIMB,ENROUTE_CLIMB,0.5410643595031586,0.0,0.5410643595031586,False
abccc5-0-39e1867d7ec7,ENROUTE_CLIMB,ENROUTE_CLIMB,0.9292686105441886,0.0,0.9292686105441886,False
a04035-0-5a6dbfed35bf,ENROUTE_CLIMB,ENROUTE_CLIMB,0.0,0.0,0.0,False
a042d5-0-f0faa02bbae5,ENROUTE_CLIMB,ENROUTE_CLIMB,0.3518370132774064,0.0,0.3518370132774064,False
Dec 28 2025-ac37bd-1766937552.61-1766938497.17-2300-74aceb9c9e3f,ENROUTE_CLIMB,ENROUTE_CLIMB,0.2977842793534653,0.0,0.2977842793534653,False
Dec 28 2025-ad474c-1766934116.7-1766935044.68-905-89213f0bee30,ENROUTE_CLIMB,ENROUTE_CLIMB,0.24650035118429928,0.0,0.24650035118429928,False
Dec 29 2025-a3ccb7-1766975480.86-1766976189.24-1343-beb913eadcce,ENROUTE_CLIMB,ENROUTE_CLIMB,0.5962294232012278,0.0,0.5962294232012278,False
a26819-0-1007906114c0,ENROUTE_CLIMB,ENROUTE_CLIMB,0.7737677668427817,0.0,0.7737677668427817,False
Dec 27 2025-ad5fea-1766799900.2-1766800602.27-3473-9ee07393ac38,ENROUTE_CLIMB,ENROUTE_CLIMB,0.48754850230949487,0.0,0.48754850230949487,False
aa7ac8-0-24cead846fdf,ENROUTE_CLIMB,ENROUTE_CLIMB,0.526044315202901,0.0,0.526044315202901,False
Dec 28 2025-a5f5bf-1766885630.29-1766886473.4-2319-ddcd6cd8c308,ENROUTE_CLIMB,ENROUTE_CLIMB,0.5174856423579076,0.0,0.5174856423579076,False
Dec 27 2025-ad34b9-1766871849.48-1766872647.31-2754-07069c18e092,ENROUTE_CLIMB,ENROUTE_CLIMB,0.35110669937691397,0.0,0.35110669937691397,False
Dec 28 2025-acfc58-1766946701.11-1766947337.22-1051-4e67921a63dd,ENROUTE_CLIMB,ENROUTE_CLIMB,1.2916199316921988,-1.0,1.2916199316921988,True
Dec 27 2025-ada16f-1766808593.86-1766809357.59-1614-97e4dc0a137a,ENROUTE_CLIMB,ENROUTE_CLIMB,0.4134832256797832,0.0,0.4134832256797832,False
a3e525-0-56b9fbb24664,ENROUTE_CLIMB,ENROUTE_CLIMB,0.49136912600514665,0.0,0.49136912600514665,False
a26ec9-0-02159803286c,ENROUTE_CLIMB,ENROUTE_CLIMB,0.0,0.0,0.0,False
Dec 27 2025-a3b414-1766834074.42-1766834796.57-307-fe69c65ac36f,ENROUTE_CLIMB,ENROUTE_CLIMB,0.4296543932719683,0.0,0.4296543932719683,False
Dec 28 2025-a44262-1766889315.97-1766890000.69-1148-196945a9f8e1,ENROUTE_CLIMB,ENROUTE_CLIMB,0.5925159429545702,0.0,0.5925159429545702,False
Dec 27 2025-a690bf-1766803098.25-1766803956.85-2845-a000f1bbf202,ENROUTE_CLIMB,ENROUTE_CLIMB,0.0,0.0,0.0,False
Dec 29 2025-a5b59d-1767014762.78-1767015545.76-1138-64b761aee678,ENROUTE_CLIMB,ENROUTE_CLIMB,0.45779663600172155,0.0,0.45779663600172155,False
c03dac-0-65c293cffcd9,ENROUTE_CLIMB,ENROUTE_CLIMB,0.0,0.0,0.0,False
Dec 28 2025-a6a347-1766947746.29-1766948539.89-839-253fbb78f859,ENROUTE_CLIMB,ENROUTE_CLIMB,0.7644969785969439,0.0,0.7644969785969439,False
Dec 29 2025-a05343-1767016620.1-1767017425.74-502-7c1b181cc1e5,ENROUTE_CLIMB,ENROUTE_CLIMB,0.4793358485793302,0.0,0.4793358485793302,False
Dec 29 2025-a486cc-1766982031.98-1766982712.5-1506-4e16cd252640,ENROUTE_CLIMB,ENROUTE_CLIMB,0.0,0.0,0.0,False
Dec 28 2025-a5aa78-1766882337.76-1766883195.92-1394-8853cace1bfe,ENROUTE_CLIMB,ENROUTE_CLIMB,1.2611022953284616,-1.0,1.2611022953284616,True
ad3098-0-715ee148852d,ENROUTE_CLIMB,ENROUTE_CLIMB,0.353721086365191,0.0,0.353721086365191,False
a482fc-0-8b4de6d778fe,ENROUTE_CLIMB,ENROUTE_CLIMB,0.41830453126804445,0.0,0.41830453126804445,False
a48a8f-0-6bc462847bfd,ENROUTE_CLIMB,ENROUTE_CLIMB,0.1224563347147079,0.0,0.1224563347147079,False
Dec 27 2025-a804fe-1766845773.95-1766846736.56-3751-1ff4038642b7,ENROUTE_CLIMB,ENROUTE_CLIMB,0.5781481705422458,0.0,0.5781481705422458,False
Dec 28 2025-39d2a2-1766885361.14-1766886262.0-1931-153e672bbe39,ENROUTE_CLIMB,ENROUTE_CLIMB,0.3986504563042447,0.0,0.3986504563042447,False
abbce5-0-f530523075df,ENROUTE_CLIMB,ENROUTE_CLIMB,0.4113772315721257,0.0,0.4113772315721257,False
abd135-0-9fa22e2b3be4,ENROUTE_CLIMB,ENROUTE_CLIMB,0.15258110685450768,0.0,0.15258110685450768,False
Dec 28 2025-a97dcb-1766939002.88-1766939858.94-2458-db0520c16698,ENROUTE_CLIMB,ENROUTE_CLIMB,0.26531802934276816,0.0,0.26531802934276816,False
Dec 27 2025-a4556d-1766860809.45-1766861589.25-1581-d8223ceabb73,ENROUTE_CLIMB,ENROUTE_CLIMB,0.4943860167068011,0.0,0.4943860167068011,False
Dec 28 2025-a3a8ef-1766898525.7-1766899210.78-2910-b152901b77f9,ENROUTE_CLIMB,ENROUTE_CLIMB,0.34491679785830676,0.0,0.34491679785830676,False
Dec 29 2025-a79b38-1767046060.32-1767047289.13-427-80a74eaa86c7,ENROUTE_CLIMB,ENROUTE_CLIMB,0.4235159822085922,0.0,0.4235159822085922,False
a17ecd-0-541ce163fbb9,ENROUTE_CLIMB,ENROUTE_CLIMB,0.3020543455384906,0.0,0.3020543455384906,False
a933e3-0-86204066d407,ENROUTE_CLIMB,ENROUTE_CLIMB,0.3628792521445326,0.0,0.3628792521445326,False
Dec 28 2025-71be17-1766930622.25-1766931486.73-307-f34476d435ed,ENROUTE_CLIMB,ENROUTE_CLIMB,0.521761965759989,0.0,0.521761965759989,False
Dec 28 2025-acfc56-1766887680.49-1766888542.27-1024-047f42fa6bde,ENROUTE_CLIMB,ENROUTE_CLIMB,1.0302119706709918,-1.0,1.0302119706709918,True
abc3c6-0-e9418d1f7474,ENROUTE_CLIMB,ENROUTE_CLIMB,1.6055109128801868,-1.0,1.6055109128801868,True
Dec 28 2025-a39e6b-1766896884.5-1766897647.49-1254-279fbee169b8,ENROUTE_CLIMB,ENROUTE_CLIMB,0.0,0.0,0.0,False
Dec 27 2025-ab1122-1766795928.02-1766796646.35-498-406f922e58c1,ENROUTE_CLIMB,ENROUTE_CLIMB,0.2846149757273458,0.0,0.2846149757273458,False
a91616-0-8d2cb3ae802a,ENROUTE_CLIMB,ENROUTE_CLIMB,0.0,0.0,0.0,False
a233f1-0-536309decbff,ENROUTE_CLIMB,ENROUTE_CLIMB,0.0,0.0,0.0,False
adaeed-0-0538ed6702e7,ENROUTE_CLIMB,ENROUTE_CLIMB,0.268735588642954,0.0,0.268735588642954,False
Dec 27 2025-ac2bd5-1766832975.99-1766833818.87-3134-ce276ba56729,ENROUTE_CLIMB,ENROUTE_CLIMB,0.32755723300303824,0.0,0.32755723300303824,False
Dec 27 2025-a716f6-1766849965.44-1766850780.41-3617-aa4becfa3f63,ENROUTE_CLIMB,ENROUTE_CLIMB,0.5862060829278102,0.0,0.5862060829278102,False
Dec 28 2025-ac30c0-1766895715.77-1766896429.91-2340-9f09340b5bb3,ENROUTE_CLIMB,ENROUTE_CLIMB,0.4044284945799177,0.0,0.4044284945799177,False
Dec 27 2025-a45f64-1766797997.43-1766798743.75-1461-74b6a0017c86,ENROUTE_CLIMB,ENROUTE_CLIMB,0.2886183170156613,0.0,0.2886183170156613,False
a825a6-0-8cb6738b5fdd,ENROUTE_CLIMB,ENROUTE_CLIMB,0.0,0.0,0.0,False
Dec 27 2025-ac4f29-1766837077.45-1766837813.04-593-74908f37a75c,ENROUTE_CLIMB,ENROUTE_CLIMB,0.19827359391891625,0.0,0.19827359391891625,False
adb401-0-3d4d36ae8347,ENROUTE_CLIMB,ENROUTE_CLIMB,0.24660680290933154,0.0,0.24660680290933154,False
Dec 28 2025-ac0ff9-1766937355.76-1766938293.47-3035-58e2fb926c1a,ENROUTE_CLIMB,ENROUTE_CLIMB,0.0,0.0,0.0,False
Dec 30 2025-a46ac0-1767052802.19-1767053565.08-1710-73482da70559,ENROUTE_CLIMB,ENROUTE_CLIMB,0.7492948917974529,0.0,0.7492948917974529,False
a06e0b-0-b64fe4b215bd,ENROUTE_CLIMB,ENROUTE_CLIMB,0.0,0.0,0.0,False
Dec 28 2025-ad4f0b-1766885577.64-1766886284.4-151-d90079c9be11,ENROUTE_CLIMB,ENROUTE_CLIMB,0.3006146254813362,0.0,0.3006146254813362,False
a8c802-0-a2b31e0515a2,ENROUTE_CLIMB,ENROUTE_CLIMB,0.8199668665721396,0.0,0.8199668665721396,False
Dec 28 2025-a4105b-1766943723.72-1766944468.69-1084-709fe7f63219,ENROUTE_CLIMB,ENROUTE_CLIMB,0.35860407645351516,0.0,0.35860407645351516,False
Dec 27 2025-acf0e0-1766852264.7-1766853175.71-3328-e77e7baf387b,ENROUTE_CLIMB,ENROUTE_CLIMB,0.3915047289211091,0.0,0.3915047289211091,False
4843f2-0-89eed0359175,ENROUTE_CLIMB,ENROUTE_CLIMB,0.3435390639476529,0.0,0.3435390639476529,False
a716f6-0-2eae3691e80f,ENROUTE_CLIMB,ENROUTE_CLIMB,0.41937729925361983,0.0,0.41937729925361983,False
a5f8e4-0-0887500fa885,ENROUTE_CLIMB,ENROUTE_CLIMB,0.748467561387503,0.0,0.748467561387503,False
Dec 28 2025-aaa5d4-1766950944.81-1766951625.39-2542-f6463f99f2ab,ENROUTE_CLIMB,ENROUTE_CLIMB,0.20642270162296816,0.0,0.20642270162296816,False
a002cb-0-1039090d436f,ENROUTE_CLIMB,ENROUTE_CLIMB,0.42289061589606364,0.0,0.42289061589606364,False
Dec 28 2025-ab649a-1766959096.12-1766959907.98-1833-79840bfc6216,ENROUTE_CLIMB,ENROUTE_CLIMB,0.6985082819815213,0.0,0.6985082819815213,False
Dec 27 2025-a44988-1766797629.06-1766798510.11-1955-0e88f3f4fbd4,ENROUTE_CLIMB,ENROUTE_CLIMB,0.2629781104840189,0.0,0.2629781104840189,False
Dec 27 2025-a46304-1766795419.5-1766796187.93-66-37c2ebe074b3,ENROUTE_CLIMB,ENROUTE_CLIMB,0.27691918950635025,0.0,0.27691918950635025,False
a388a9-0-a3c63a712bc6,ENROUTE_CLIMB,ENROUTE_CLIMB,0.0,0.0,0.0,False
Dec 28 2025-a39017-1766884747.77-1766885496.32-309-860e59d4f49c,ENROUTE_CLIMB,ENROUTE_CLIMB,0.4279956917183412,0.0,0.4279956917183412,False
a5ece3-0-74e4ef07686a,ENROUTE_CLIMB,ENROUTE_CLIMB,0.4465180355060414,0.0,0.4465180355060414,False
abc3ec-0-4b87c0e2fd5b,ENROUTE_CLIMB,ENROUTE_CLIMB,0.28163865369704816,0.0,0.28163865369704816,False
Dec 28 2025-a3f4ea-1766882957.2-1766883686.35-2838-1589132cb9bf,ENROUTE_CLIMB,ENROUTE_CLIMB,0.30696881479673965,0.0,0.30696881479673965,False
add3d3-0-ae95f8993e31,ENROUTE_CLIMB,ENROUTE_CLIMB,0.3274425913587852,0.0,0.3274425913587852,False
Dec 27 2025-ac259b-1766852772.06-1766853475.27-2248-d57e8678d00d,ENROUTE_CLIMB,ENROUTE_CLIMB,0.3142028211661675,0.0,0.3142028211661675,False
ac6f95-0-e5b42982b843,ENROUTE_CLIMB,ENROUTE_CLIMB,0.0,0.0,0.0,False
abd57e-0-dd84b3f4d3f9,ENROUTE_CLIMB,ENROUTE_CLIMB,0.3097442692324367,0.0,0.3097442692324367,False
a3025e-0-d549dd52e64b,ENROUTE_CLIMB,ENROUTE_CLIMB,0.0,0.0,0.0,False
ab92c4-0-5d16128b3699,ENROUTE_CLIMB,ENROUTE_CLIMB,0.0,0.0,0.0,False
Dec 29 2025-a2cf5c-1767019085.95-1767020102.06-671-ee3d8ef89882,ENROUTE_CLIMB,ENROUTE_CLIMB,0.8993652574248767,0.0,0.8993652574248767,False
a3fb6f-0-0f5092e20702,ENROUTE_CLIMB,ENROUTE_CLIMB,0.2315662924324988,0.0,0.2315662924324988,False
06a12f-0-7848e881510a,ENROUTE_CLIMB,ENROUTE_CLIMB,0.5551361868857336,0.0,0.5551361868857336,False
Dec 28 2025-abdeec-1766926695.55-1766927566.59-2879-2a3ea9f61c43,ENROUTE_CLIMB,ENROUTE_CLIMB,0.0,0.0,0.0,False
Dec 27 2025-a336f0-1766851179.6-1766851873.19-3542-f68631e920a3,ENROUTE_CLIMB,ENROUTE_CLIMB,0.19529658802943134,0.0,0.19529658802943134,False
Dec 27 2025-ade548-1766844433.33-1766845192.34-1066-7f69175b9cde,ENROUTE_CLIMB,ENROUTE_CLIMB,0.2729009826294718,0.0,0.2729009826294718,False
Dec 27 2025-71c076-1766821865.51-1766822622.72-1706-60bbaad06ad5,ENROUTE_CLIMB,ENROUTE_CLIMB,0.27417987292042184,0.0,0.27417987292042184,False
Dec 28 2025-a939e8-1766937572.24-1766938243.31-2818-577075c6b4f6,ENROUTE_CLIMB,ENROUTE_CLIMB,0.6185451080289206,0.0,0.6185451080289206,False
Dec 27 2025-ac66d5-1766861583.08-1766862497.29-3140-3189598f114f,ENROUTE_CLIMB,ENROUTE_CLIMB,0.0,0.0,0.0,False
Dec 27 2025-a86925-1766871362.42-1766872116.71-536-a846a72cba3e,ENROUTE_CLIMB,ENROUTE_CLIMB,0.3318720805730623,0.0,0.3318720805730623,False
Dec 29 2025-a38019-1766977945.66-1766978811.51-177-d20b74844526,ENROUTE_CLIMB,ENROUTE_CLIMB,0.47181680462177744,0.0,0.47181680462177744,False
Dec 28 2025-4075b4-1766961716.76-1766962423.54-2160-f15822dc9758,ENROUTE_CLIMB,ENROUTE_CLIMB,0.4951825472310483,0.0,0.4951825472310483,False
Dec 27 2025-ab649a-1766878750.14-1766879592.79-2231-60373f99d065,ENROUTE_CLIMB,ENROUTE_CLIMB,0.3683948445357387,0.0,0.3683948445357387,False
Dec 27 2025-a417c9-1766857669.56-1766858420.41-2974-c3c913164b00,ENROUTE_CLIMB,ENROUTE_CLIMB,0.26928551528709804,0.0,0.26928551528709804,False
Dec 27 2025-ac2bd5-1766832975.99-1766833818.87-3134-cc43f4fd490b,ENROUTE_CLIMB,ENROUTE_CLIMB,0.2479148412908056,0.0,0.2479148412908056,False
Dec 29 2025-a95fbe-1766967061.31-1766967776.74-1397-5c48e80fddec,ENROUTE_CLIMB,ENROUTE_CLIMB,0.31759644385843366,0.0,0.31759644385843366,False
a233f1-0-8439986e4eba,ENROUTE_CLIMB,ENROUTE_CLIMB,0.0,0.0,0.0,False
Dec 28 2025-a14c70-1766958849.48-1766959703.31-1318-14a47636ab4d,ENROUTE_CLIMB,ENROUTE_CLIMB,0.0,0.0,0.0,False
Dec 27 2025-ad2efa-1766877881.37-1766878747.55-3693-036088ee0555,ENROUTE_CLIMB,ENROUTE_CLIMB,0.33510569960585485,0.0,0.33510569960585485,False
a388a9-0-a00960c29e0e,ENROUTE_CLIMB,ENROUTE_CLIMB,0.47308016530334934,0.0,0.47308016530334934,False
a46e40-0-dbd24c34783a,ENROUTE_CLIMB,ENROUTE_CLIMB,0.0,0.0,0.0,False
a5e41c-0-2a7d49baf7e4,ENROUTE_CLIMB,ENROUTE_CLIMB,0.23862919896265775,0.0,0.23862919896265775,False
Dec 28 2025-ab5365-1766893730.42-1766894550.58-1187-5e99ebf27676,ENROUTE_CLIMB,ENROUTE_CLIMB,0.5184064393349384,0.0,0.5184064393349384,False
Dec 27 2025-ab879f-1766850557.23-1766851279.75-2314-66b1ff62d895,ENROUTE_CLIMB,ENROUTE_CLIMB,0.6292248447320508,0.0,0.6292248447320508,False
Dec 29 2025-a14d40-1766970587.09-1766971400.12-476-433db8aeea5e,ENROUTE_CLIMB,ENROUTE_CLIMB,0.8310804366192633,0.0,0.8310804366192633,False
a2b310-0-e3aac73b29c1,ENROUTE_CLIMB,ENROUTE_CLIMB,0.9579693163116498,0.0,0.9579693163116498,False
a2cffc-0-89ff05474fd7,ENROUTE_CLIMB,ENROUTE_CLIMB,0.3497119768890769,0.0,0.3497119768890769,False
Dec 28 2025-a21ba0-1766963202.5-1766963913.51-1908-cbf6cb0412b0,ENROUTE_CLIMB,ENROUTE_CLIMB,0.30038469573977483,0.0,0.30038469573977483,False
a7b057-0-3f167af2b5ac,ENROUTE_CLIMB,ENROUTE_CLIMB,0.24233325240157993,0.0,0.24233325240157993,False
a15a2c-0-fc497e22aed8,ENROUTE_CLIMB,ENROUTE_CLIMB,0.21939512817422044,0.0,0.21939512817422044,False
Dec 28 2025-8966d3-1766888826.9-1766889736.34-2527-26a6f721f3a4,ENROUTE_CLIMB,ENROUTE_CLIMB,0.35208486695758684,0.0,0.35208486695758684,False
a4462e-0-1f5d0fa0e65e,ENROUTE_CLIMB,ENROUTE_CLIMB,0.31153832255115105,0.0,0.31153832255115105,False
Dec 28 2025-aab5e7-1766956060.98-1766956727.05-2808-07bf8d88db91,ENROUTE_CLIMB,ENROUTE_CLIMB,0.0,0.0,0.0,False
Dec 28 2025-a4cf7f-1766939664.39-1766940663.2-1482-66cea3db599b,ENROUTE_CLIMB,ENROUTE_CLIMB,0.4687490680662817,0.0,0.4687490680662817,False
a3a9b6-0-7fae298442c7,ENROUTE_CLIMB,ENROUTE_CLIMB,0.0,0.0,0.0,False
06a12f-0-61b7e0a8bf76,ENROUTE_CLIMB,ENROUTE_CLIMB,0.22264198206231148,0.0,0.22264198206231148,False
Dec 27 2025-a8e279-1766851122.99-1766851853.6-1764-74162ee7cf30,ENROUTE_CLIMB,ENROUTE_CLIMB,0.0,0.0,0.0,False
Dec 27 2025-accd18-1766854099.86-1766854841.77-376-670801c975a6,ENROUTE_CLIMB,ENROUTE_CLIMB,0.2619037699086356,0.0,0.2619037699086356,False
Dec 27 2025-a44262-1766852929.08-1766853816.83-1419-8294d5128cdf,ENROUTE_CLIMB,ENROUTE_CLIMB,0.18196186903896586,0.0,0.18196186903896586,False
Dec 28 2025-a4ae2f-1766940696.88-1766941877.8-574-a0658023781d,ENROUTE_CLIMB,ENROUTE_CLIMB,0.0,0.0,0.0,False
a46a72-0-60005ca77d61,ENROUTE_CLIMB,ENROUTE_CLIMB,0.4961615090051268,0.0,0.4961615090051268,False
Dec 28 2025-acdc40-1766942697.26-1766943390.92-750-6bef5313b692,ENROUTE_CLIMB,ENROUTE_CLIMB,0.33117174058171195,0.0,0.33117174058171195,False
Dec 28 2025-a59eeb-1766930077.14-1766931007.96-2856-226eaf243e48,ENROUTE_CLIMB,ENROUTE_CLIMB,0.19024564694225263,0.0,0.19024564694225263,False
06a12f-0-b59a97cef820,ENROUTE_CLIMB,ENROUTE_CLIMB,0.31898908390751224,0.0,0.31898908390751224,False
Dec 27 2025-aba7b0-1766805577.96-1766806386.61-2589-36a15d996e94,ENROUTE_CLIMB,ENROUTE_CLIMB,0.37650807183344664,0.0,0.37650807183344664,False
Dec 29 2025-a44262-1766971159.72-1766971823.22-726-43a7160f1b84,ENROUTE_CLIMB,ENROUTE_CLIMB,0.3141994172157799,0.0,0.3141994172157799,False
aa5c6d-0-a6a74655843a,ENROUTE_CLIMB,ENROUTE_CLIMB,0.0,0.0,0.0,False
Dec 27 2025-a07f60-1766809726.72-1766810489.27-1377-729d7047843c,ENROUTE_CLIMB,ENROUTE_CLIMB,0.3051077317973968,0.0,0.3051077317973968,False
Dec 29 2025-ab58b2-1766982271.27-1766983064.6-1302-fead405c2cc9,ENROUTE_CLIMB,ENROUTE_CLIMB,0.6981442742611583,0.0,0.6981442742611583,False
Dec 28 2025-a37e9b-1766929967.59-1766930628.07-1843-60e2825b5a80,ENROUTE_CLIMB,ENROUTE_CLIMB,0.6229594310021138,0.0,0.6229594310021138,False
Dec 28 2025-a39e6b-1766956527.27-1766957259.91-1258-50f299779888,ENROUTE_CLIMB,ENROUTE_CLIMB,0.3871846288749236,0.0,0.3871846288749236,False
Dec 27 2025-a3ed69-1766857621.73-1766858333.74-1534-d532cab15b5b,ENROUTE_CLIMB,ENROUTE_CLIMB,0.5552416958049534,0.0,0.5552416958049534,False
Dec 27 2025-ad23d5-1766868730.62-1766869471.84-3154-9da00c453c1d,ENROUTE_CLIMB,ENROUTE_CLIMB,0.33476507216168905,0.0,0.33476507216168905,False
a717b6-0-3bef4f0a37dd,ENROUTE_CLIMB,ENROUTE_CLIMB,0.5267153323233027,0.0,0.5267153323233027,False
Dec 28 2025-a850dc-1766941441.65-1766942090.95-2661-ce5dbe6831b6,ENROUTE_CLIMB,ENROUTE_CLIMB,0.4117370522288724,0.0,0.4117370522288724,False
71bc20-0-d0e90c13ff00,ENROUTE_CLIMB,ENROUTE_CLIMB,0.8314666500024097,0.0,0.8314666500024097,False
c080ac-0-cd06ef1d662c,ENROUTE_CLIMB,ENROUTE_CLIMB,0.22309629943122294,0.0,0.22309629943122294,False
Dec 28 2025-a495b4-1766880106.95-1766880823.11-2166-58532ebacd85,ENROUTE_CLIMB,ENROUTE_CLIMB,0.37208402442390875,0.0,0.37208402442390875,False
Dec 27 2025-ac3b51-1766838637.32-1766839366.77-1215-1d7a523b5bad,ENROUTE_CLIMB,ENROUTE_CLIMB,0.0,0.0,0.0,False
ad03c4-0-f555476c7178,ENROUTE_CLIMB,ENROUTE_CLIMB,0.33094488508497116,0.0,0.33094488508497116,False
Dec 28 2025-a3aca6-1766898251.58-1766899057.14-1992-05a3deb6e47e,ENROUTE_CLIMB,ENROUTE_CLIMB,1.8582084368551028,-1.0,1.8582084368551028,True
ab20e7-0-146d8fe1916c,ENROUTE_CLIMB,ENROUTE_CLIMB,0.24168682864755023,0.0,0.24168682864755023,False
Dec 28 2025-ab048d-1766893634.29-1766894542.14-1670-56ff88b56192,ENROUTE_CLIMB,ENROUTE_CLIMB,0.30957578133975716,0.0,0.30957578133975716,False
a92ee2-0-39adb58d71d5,ENROUTE_CLIMB,ENROUTE_CLIMB,0.47182942662756056,0.0,0.47182942662756056,False
Dec 27 2025-8990eb-1766805659.5-1766806363.78-3478-6b489b4fd1f4,ENROUTE_CLIMB,ENROUTE_CLIMB,0.0,0.0,0.0,False
Dec 28 2025-a46304-1766929309.74-1766930224.81-70-f8caa93ec23e,ENROUTE_CLIMB,ENROUTE_CLIMB,0.2533359204671598,0.0,0.2533359204671598,False
Dec 28 2025-a4105b-1766888522.14-1766889304.19-1082-3aa012db8e98,ENROUTE_CLIMB,ENROUTE_CLIMB,0.6254764901914411,0.0,0.6254764901914411,False
Dec 28 2025-a34215-1766955586.17-1766956314.66-281-04575b7323b5,ENROUTE_CLIMB,ENROUTE_CLIMB,0.32656023946458385,0.0,0.32656023946458385,False
Dec 29 2025-a2b134-1766969193.2-1766969932.25-383-9d6d9a1e3d9c,ENROUTE_CLIMB,ENROUTE_CLIMB,0.31445855785989285,0.0,0.31445855785989285,False
Dec 27 2025-a017a8-1766842981.96-1766843734.05-2452-d4620dd27ecb,ENROUTE_CLIMB,ENROUTE_CLIMB,0.0,0.0,0.0,False
Dec 27 2025-a451cf-1766793600.32-1766794150.5-3042-7064343daff7,ENROUTE_CLIMB,ENROUTE_CLIMB,0.2503226969807186,0.0,0.2503226969807186,False
Dec 27 2025-ad63f7-1766802983.04-1766803697.31-3645-4ed7abbefb97,ENROUTE_CLIMB,ENROUTE_CLIMB,0.4136677896513813,0.0,0.4136677896513813,False
a88eae-0-af9b76a8ce37,ENROUTE_CLIMB,ENROUTE_CLIMB,0.0,0.0,0.0,False
Dec 27 2025-aa7833-1766793604.1-1766793928.17-710-9cf2cff9b0bd,ENROUTE_CLIMB,ENROUTE_CLIMB,0.34205483607614334,0.0,0.34205483607614334,False
Dec 28 2025-a32f82-1766939206.85-1766939895.53-1535-616c75623347,ENROUTE_CLIMB,ENROUTE_CLIMB,0.4194419200028498,0.0,0.4194419200028498,False
abe0df-0-dd06c520913a,ENROUTE_CLIMB,ENROUTE_CLIMB,0.30543380449880403,0.0,0.30543380449880403,False
a8f0bd-0-29fbd77efe3e,ENROUTE_CLIMB,ENROUTE_CLIMB,0.5499880142579204,0.0,0.5499880142579204,False
a561e8-0-b73e8ac485f8,ENROUTE_CLIMB,ENROUTE_CLIMB,0.2297285885208972,0.0,0.2297285885208972,False
Dec 28 2025-c04eb6-1766885260.87-1766885972.75-2212-c872f868bb17,ENROUTE_CLIMB,ENROUTE_CLIMB,1.099059138865797,-1.0,1.099059138865797,True
a09961-0-df3929e560c4,ENROUTE_CLIMB,ENROUTE_CLIMB,0.0,0.0,0.0,False
ac4cd4-0-7e40242e9a23,ENROUTE_CLIMB,ENROUTE_CLIMB,0.2613386189261837,0.0,0.2613386189261837,False
Dec 28 2025-ac83d5-1766956933.4-1766957658.97-2566-651dd3673c4a,ENROUTE_CLIMB,ENROUTE_CLIMB,0.0,0.0,0.0,False
a8df06-0-92074559164d,ENROUTE_CLIMB,ENROUTE_CLIMB,0.7441257586660981,0.0,0.7441257586660981,False
ab6851-0-ded585b40301,ENROUTE_CLIMB,ENROUTE_CLIMB,0.3999512173912382,0.0,0.3999512173912382,False
abae2c-0-ac84fe6744f5,ENROUTE_CLIMB,ENROUTE_CLIMB,0.0,0.0,0.0,False
Dec 27 2025-a93ac8-1766874617.88-1766875313.71-2963-adf2b3c00f69,ENROUTE_CLIMB,ENROUTE_CLIMB,0.3163869947400138,0.0,0.3163869947400138,False
Dec 27 2025-acffbc-1766797032.32-1766797769.91-2796-e0e9e6dac927,ENROUTE_CLIMB,ENROUTE_CLIMB,0.38186975212549135,0.0,0.38186975212549135,False
Dec 28 2025-ab6ba6-1766958420.37-1766959203.45-2005-30461a222181,ENROUTE_CLIMB,ENROUTE_CLIMB,0.37246589400174507,0.0,0.37246589400174507,False
Dec 27 2025-a36200-1766867838.83-1766868588.53-4-eaa9a05f76d2,ENROUTE_CLIMB,ENROUTE_CLIMB,0.38096606276612943,0.0,0.38096606276612943,False
Dec 28 2025-a42036-1766957610.91-1766958615.59-652-30df4423508c,ENROUTE_CLIMB,ENROUTE_CLIMB,0.0,0.0,0.0,False
aa7ac8-0-3c0c7675e042,ENROUTE_CLIMB,ENROUTE_CLIMB,1.972979453563482,-1.0,1.972979453563482,True
ada526-0-d52e56e3b39d,ENROUTE_CLIMB,ENROUTE_CLIMB,0.8264994515429032,0.0,0.8264994515429032,False
abb68c-0-bafbd6a9c2e1,ENROUTE_CLIMB,ENROUTE_CLIMB,0.4048699217433234,0.0,0.4048699217433234,False
Dec 28 2025-abb579-1766932707.89-1766933554.13-1419-1d0e9d997aae,ENROUTE_CLIMB,ENROUTE_CLIMB,0.36483618067725326,0.0,0.36483618067725326,False
Dec 28 2025-ad402f-1766955474.46-1766956295.54-586-9fea36958dd8,ENROUTE_CLIMB,ENROUTE_CLIMB,0.3848177335007773,0.0,0.3848177335007773,False
ab34f3-0-236158ef3af2,ENROUTE_CLIMB,ENROUTE_CLIMB,0.43201626652657843,0.0,0.43201626652657843,False
ace7bf-0-bb25c2e38edf,ENROUTE_CLIMB,ENROUTE_CLIMB,0.0,0.0,0.0,False
a75254-0-2ee49ab03254,ENROUTE_CLIMB,ENROUTE_CLIMB,0.5208971900418793,0.0,0.5208971900418793,False
Dec 27 2025-a33339-1766847389.05-1766848138.15-798-f6124504806c,ENROUTE_CLIMB,ENROUTE_CLIMB,0.0,0.0,0.0,False
abac48-0-f34a61b6f725,ENROUTE_CLIMB,ENROUTE_CLIMB,0.2607756941906544,0.0,0.2607756941906544,False
Dec 29 2025-ab19a7-1767014999.4-1767015586.58-1220-2f0f3204eaff,ENROUTE_CLIMB,ENROUTE_CLIMB,0.6517592675958475,0.0,0.6517592675958475,False
Dec 27 2025-ac57f9-1766802249.16-1766802984.43-3670-913136be3b79,ENROUTE_CLIMB,ENROUTE_CLIMB,0.3335079557774434,0.0,0.3335079557774434,False
Dec 28 2025-ad67ae-1766942184.95-1766942863.78-2101-94ec5c034765,ENROUTE_CLIMB,ENROUTE_CLIMB,0.2703921207267288,0.0,0.2703921207267288,False
Dec 27 2025-a7d6a8-1766842469.39-1766843284.33-2462-12b8946287e6,ENROUTE_CLIMB,ENROUTE_CLIMB,0.30785456164472036,0.0,0.30785456164472036,False
Dec 27 2025-ab84ab-1766807666.87-1766808488.34-2526-891b2ef240e5,ENROUTE_CLIMB,ENROUTE_CLIMB,0.0,0.0,0.0,False
Dec 27 2025-a486b3-1766807002.13-1766807821.72-2619-84238d20e75d,ENROUTE_CLIMB,ENROUTE_CLIMB,0.7327736424816159,0.0,0.7327736424816159,False
040045-0-4b4656c83cce,ENROUTE_CLIMB,ENROUTE_CLIMB,0.0,0.0,0.0,False
Dec 27 2025-a716f6-1766849965.44-1766850780.41-3617-79b7520719f5,ENROUTE_CLIMB,ENROUTE_CLIMB,0.5298310965834278,0.0,0.5298310965834278,False
ad5460-0-fa4416270e47,ENROUTE_CLIMB,ENROUTE_CLIMB,0.0,0.0,0.0,False
Dec 28 2025-a72ca2-1766949903.24-1766950630.94-1942-12b24cf456c3,ENROUTE_CLIMB,ENROUTE_CLIMB,0.6513293170159443,0.0,0.6513293170159443,False
Dec 27 2025-ad273b-1766796751.15-1766797588.7-829-5c000dcba7d7,ENROUTE_CLIMB,ENROUTE_CLIMB,0.2764464517155793,0.0,0.2764464517155793,False
Dec 28 2025-a513ea-1766948354.23-1766949051.93-2841-039f93dac261,ENROUTE_CLIMB,ENROUTE_CLIMB,1.1246446202496756,-1.0,1.1246446202496756,True
a44262-0-ba87bfc3b8d2,ENROUTE_CLIMB,ENROUTE_CLIMB,0.23201927954257973,0.0,0.23201927954257973,False
Dec 27 2025-ab09b4-1766801633.85-1766802370.28-2653-30fd2b810a06,ENROUTE_CLIMB,ENROUTE_CLIMB,0.3328608982053339,0.0,0.3328608982053339,False
Dec 28 2025-adab36-1766899178.97-1766899886.42-658-299ef7798736,ENROUTE_CLIMB,ENROUTE_CLIMB,0.0,0.0,0.0,False
Dec 27 2025-a9d66c-1766828689.33-1766829530.97-1578-03c8784fc684,ENROUTE_CLIMB,ENROUTE_CLIMB,0.7378243315799112,0.0,0.7378243315799112,False
Dec 28 2025-ad43e6-1766895635.24-1766896440.94-2791-19b6fc6a350f,ENROUTE_CLIMB,ENROUTE_CLIMB,1.0376900757198562,-1.0,1.0376900757198562,True
Dec 27 2025-adb2a4-1766878271.18-1766879019.11-2400-e56c10a0062d,ENROUTE_CLIMB,ENROUTE_CLIMB,0.4654414813554358,0.0,0.4654414813554358,False
a4995f-0-d44afead2d89,ENROUTE_CLIMB,ENROUTE_CLIMB,0.3179980747536676,0.0,0.3179980747536676,False
Dec 27 2025-ac66d5-1766847168.43-1766847925.29-3138-8acf2deb9fd9,ENROUTE_CLIMB,ENROUTE_CLIMB,0.1033751936689571,0.0,0.1033751936689571,False
Dec 29 2025-8990a5-1766977746.23-1766978421.42-1194-2b836e9c8238,ENROUTE_CLIMB,ENROUTE_CLIMB,0.42476452418949895,0.0,0.42476452418949895,False
Dec 27 2025-a670a3-1766850168.05-1766850914.4-2368-027562a7ae1e,ENROUTE_CLIMB,ENROUTE_CLIMB,0.31153770359821664,0.0,0.31153770359821664,False
Dec 27 2025-a441fb-1766849641.86-1766850351.35-3700-3d29d4923b51,ENROUTE_CLIMB,ENROUTE_CLIMB,0.2991560037888541,0.0,0.2991560037888541,False
ab35d3-0-8f24fc5208bf,ENROUTE_CLIMB,ENROUTE_CLIMB,0.49874199552401555,0.0,0.49874199552401555,False
a4dbef-0-b61da9acadec,ENROUTE_CLIMB,ENROUTE_CLIMB,0.19216354063335173,0.0,0.19216354063335173,False
Dec 27 2025-aade37-1766850513.88-1766852282.26-776-0c49a1ae9dc2,ENROUTE_CLIMB,ENROUTE_CLIMB,0.4246891116556985,0.0,0.4246891116556985,False
Dec 27 2025-a924fc-1766799234.74-1766799920.25-3715-62671dfbb3b6,ENROUTE_CLIMB,ENROUTE_CLIMB,0.0,0.0,0.0,False
Dec 28 2025-ad1c67-1766937676.98-1766938586.09-1213-cede249aebda,ENROUTE_CLIMB,ENROUTE_CLIMB,0.4408095132621377,0.0,0.4408095132621377,False
Dec 27 2025-a7e24a-1766871015.41-1766871938.46-1101-5aaef39b6dde,ENROUTE_CLIMB,ENROUTE_CLIMB,0.0,0.0,0.0,False
Dec 28 2025-acb82c-1766884242.02-1766884975.62-539-ec9c70aba53f,ENROUTE_CLIMB,ENROUTE_CLIMB,0.32438147380525234,0.0,0.32438147380525234,False
Dec 27 2025-ac2c9c-1766868190.88-1766868913.38-2270-a6c17a6e17ad,ENROUTE_CLIMB,ENROUTE_CLIMB,0.17638038266421124,0.0,0.17638038266421124,False
ad0d86-0-305be76811d4,ENROUTE_CLIMB,ENROUTE_CLIMB,0.3731521769050756,0.0,0.3731521769050756,False
Dec 29 2025-a6a347-1766984276.6-1766985006.77-541-333e2ca6e5c1,ENROUTE_CLIMB,ENROUTE_CLIMB,0.28294262517628455,0.0,0.28294262517628455,False
Dec 27 2025-a31b38-1766845785.99-1766846772.79-782-42e594a16373,ENROUTE_CLIMB,ENROUTE_CLIMB,0.21487688627822465,0.0,0.21487688627822465,False
Dec 27 2025-acf0e0-1766852264.7-1766853175.71-3328-561789df0dbc,ENROUTE_CLIMB,ENROUTE_CLIMB,0.16028615861473025,0.0,0.16028615861473025,False
Dec 28 2025-ac66d5-1766883869.59-1766884587.13-2554-4325783c4802,ENROUTE_CLIMB,ENROUTE_CLIMB,0.24326576037120973,0.0,0.24326576037120973,False
Dec 27 2025-a8ae7f-1766851996.72-1766852675.19-1836-b84f89f1ce8a,ENROUTE_CLIMB,ENROUTE_CLIMB,0.0,0.0,0.0,False
Dec 27 2025-a145b7-1766801798.91-1766802639.62-2689-891cd4b949e8,ENROUTE_CLIMB,ENROUTE_CLIMB,0.0,0.0,0.0,False
Dec 27 2025-ac92b1-1766802310.67-1766803096.2-2603-56f0b24183c1,ENROUTE_CLIMB,ENROUTE_CLIMB,0.2033597644440313,0.0,0.2033597644440313,False
Dec 28 2025-a36200-1766958341.09-1766959255.34-5-7e3b48dd147e,ENROUTE_CLIMB,ENROUTE_CLIMB,0.3368432840371558,0.0,0.3368432840371558,False
Dec 27 2025-ad2efa-1766795797.66-1766796604.07-3689-26994f3e9206,ENROUTE_CLIMB,ENROUTE_CLIMB,0.26882891124647673,0.0,0.26882891124647673,False
Dec 27 2025-ac76c8-1766851224.76-1766851946.52-2969-e9da6b3238dd,ENROUTE_CLIMB,ENROUTE_CLIMB,0.21452683496131464,0.0,0.21452683496131464,False
Dec 30 2025-a5468e-1767052800.23-1767053209.49-1256-c4cf032edce7,ENROUTE_CLIMB,ENROUTE_CLIMB,0.4545038933835402,0.0,0.4545038933835402,False
a21ba0-0-a627d7ed7741,ENROUTE_CLIMB,ENROUTE_CLIMB,0.3779508211218166,0.0,0.3779508211218166,False
Dec 28 2025-a29aa5-1766945904.27-1766946698.45-1978-192b2ed9680c,ENROUTE_CLIMB,ENROUTE_CLIMB,0.6172771683013077,0.0,0.6172771683013077,False
Dec 28 2025-ac0ff9-1766937355.76-1766938293.47-3035-b4f2f93a6670,ENROUTE_CLIMB,ENROUTE_CLIMB,0.4495098407172813,0.0,0.4495098407172813,False
a5cfa5-0-b2cdd6074324,ENROUTE_CLIMB,ENROUTE_CLIMB,0.5759625352808978,0.0,0.5759625352808978,False
Dec 27 2025-ab09b4-1766801633.85-1766802370.28-2653-5e2f7010d7f4,ENROUTE_CLIMB,ENROUTE_CLIMB,0.0,0.0,0.0,False
a8d27e-0-0d925ff662cd,ENROUTE_CLIMB,ENROUTE_CLIMB,0.23032649265477337,0.0,0.23032649265477337,False
Dec 27 2025-a2000d-1766867234.05-1766867991.26-168-ca35b4e0e972,ENROUTE_CLIMB,ENROUTE_CLIMB,0.0,0.0,0.0,False
Dec 28 2025-a39e6b-1766896884.5-1766897647.49-1254-d5c1de81f26e,ENROUTE_CLIMB,ENROUTE_CLIMB,0.6009031755101749,0.0,0.6009031755101749,False
a48eb9-0-3152784e3634,ENROUTE_CLIMB,ENROUTE_CLIMB,0.49023455642238506,0.0,0.49023455642238506,False
Dec 27 2025-acf0e0-1766802534.53-1766803259.43-3326-8656e852448f,ENROUTE_CLIMB,ENROUTE_CLIMB,0.3943768125764637,0.0,0.3943768125764637,False
a33d97-0-e75b25d36e02,ENROUTE_CLIMB,ENROUTE_CLIMB,0.311821559310673,0.0,0.311821559310673,False
Dec 27 2025-a44262-1766852929.08-1766853816.83-1419-934656326cd3,ENROUTE_CLIMB,ENROUTE_CLIMB,0.36943386759208363,0.0,0.36943386759208363,False
Dec 28 2025-a486b3-1766957977.31-1766958737.82-2149-a43ccfe43144,ENROUTE_CLIMB,ENROUTE_CLIMB,0.2059428561558998,0.0,0.2059428561558998,False
a8cec7-0-20e5adb40a4e,ENROUTE_CLIMB,ENROUTE_CLIMB,0.23185037851359985,0.0,0.23185037851359985,False
Dec 28 2025-ab23b5-1766935942.22-1766936617.44-2190-97f8b2ddb86a,ENROUTE_CLIMB,ENROUTE_CLIMB,0.5216704984971688,0.0,0.5216704984971688,False
a919cd-0-7eef1a20942e,FINAL_APPROACH,FINAL_APPROACH,0.15193297518236965,0.0,0.15193297518236965,False
abc3ec-0-69139c7f3934,FINAL_APPROACH,FINAL_APPROACH,0.0,0.0,0.0,False
Dec 28 2025-a7de93-1766938700.41-1766939627.78-1743-7ffd26761adc,FINAL_APPROACH,FINAL_APPROACH,0.2616007226649022,0.0,0.2616007226649022,False
ace7bf-0-f9603fbb78af,FINAL_APPROACH,FINAL_APPROACH,0.0,0.0,0.0,False
Dec 27 2025-aaffed-1766830708.05-1766831712.49-3515-ea03ccdcc59d,FINAL_APPROACH,FINAL_APPROACH,0.0,0.0,0.0,False
a43b91-0-98f8d1e6d530,FINAL_APPROACH,FINAL_APPROACH,0.0,0.0,0.0,False
Dec 27 2025-ab9a32-1766795035.57-1766796187.68-701-cf0a143fe83a,FINAL_APPROACH,FINAL_APPROACH,0.31604735349690366,0.0,0.31604735349690366,False
a3ed69-0-b02cad9873ff,FINAL_APPROACH,FINAL_APPROACH,0.2648681447721794,0.0,0.2648681447721794,False
Dec 27 2025-a05e16-1766867510.7-1766869237.98-325-4a4a663ad4cb,FINAL_APPROACH,INTERMEDIATE_APPROACH,0.48230972820347556,0.0,0.6348903439049721,False
a30bf7-0-c607ad571ed9,FINAL_APPROACH,INTERMEDIATE_APPROACH,0.25946423971717,0.0,0.3367246090788474,False
Dec 28 2025-a402dd-1766926994.45-1766928172.02-2668-a98902c9bc0c,FINAL_APPROACH,FINAL_APPROACH,0.13433114928584144,0.0,0.13433114928584144,False
Dec 27 2025-a36713-1766857401.81-1766863559.24-281-c17f012db811,FINAL_APPROACH,INTERMEDIATE_APPROACH,0.29885478162942436,0.0,0.36328674439405706,False
0d0ae8-0-f4208b041f2e,FINAL_APPROACH,FINAL_APPROACH,0.0,0.0,0.0,False
Dec 28 2025-a178de-1766961333.56-1766962488.95-2679-340c6a13d840,FINAL_APPROACH,INTERMEDIATE_APPROACH,0.20123678507427342,0.0,0.2320935007820791,False
Dec 28 2025-ad474c-1766927978.91-1766928998.96-904-eba9b21bb4a0,FINAL_APPROACH,FINAL_APPROACH,0.19451834804254178,0.0,0.19451834804254178,False
Dec 28 2025-aae6d5-1766946938.6-1766947912.91-2553-946b9159ac5d,FINAL_APPROACH,FINAL_APPROACH,0.10800038019402558,0.0,0.10800038019402558,False
ab4fae-0-d8aadd41b242,FINAL_APPROACH,FINAL_APPROACH,0.0,0.0,0.0,False
a63f08-0-ec42e87b2130,FINAL_APPROACH,FINAL_APPROACH,0.0,0.0,0.0,False
a8f0bd-0-2e6292b6fda5,FINAL_APPROACH,INTERMEDIATE_APPROACH,0.17495097612631547,0.0,0.18036058097563082,False
a06e0b-0-4ea2dedb0e10,FINAL_APPROACH,FINAL_APPROACH,0.10551051172171806,0.0,0.10551051172171806,False
a7e509-0-8ac15a8861a0,FINAL_APPROACH,INTERMEDIATE_APPROACH,0.13096555921442038,0.0,0.18290784047369857,False
Dec 27 2025-a44611-1766845358.54-1766845852.18-244-9b937ab15693,FINAL_APPROACH,FINAL_APPROACH,0.0,0.0,0.0,False
Dec 27 2025-a8ae7f-1766842104.6-1766843213.36-1835-2fd0198dbb79,FINAL_APPROACH,INTERMEDIATE_APPROACH,0.17493905542452506,0.0,0.3226753340104576,False
Dec 28 2025-a3b86c-1766957242.77-1766958448.7-1277-278e1fee469e,FINAL_APPROACH,FINAL_APPROACH,0.0,0.0,0.0,False
Dec 28 2025-a88752-1766959896.27-1766961083.84-977-a256f6f7b906,FINAL_APPROACH,FINAL_APPROACH,0.11570754325359366,0.0,0.11570754325359366,False
a7753f-0-f8b96a060642,FINAL_APPROACH,INTERMEDIATE_APPROACH,0.27149784742231753,0.0,0.5056135675000452,False
Dec 27 2025-a3fb6f-1766872309.85-1766873302.99-1606-f2f514d173f7,FINAL_APPROACH,FINAL_APPROACH,0.0,0.0,0.0,False
ad7f96-0-0c20a5ab5b95,FINAL_APPROACH,INTERMEDIATE_APPROACH,0.4530212893057108,0.0,0.8648298241431932,False
Dec 28 2025-aa7fa1-1766922833.55-1766923961.58-1922-ca4a3a6ab1f7,FINAL_APPROACH,FINAL_APPROACH,0.16225809887305437,0.0,0.16225809887305437,False
a6fc80-0-1a3212e0cc0e,FINAL_APPROACH,INTERMEDIATE_APPROACH,0.22237013943983552,0.0,0.2592884965002166,False
Dec 27 2025-a3c549-1766793602.26-1766793972.4-1075-42574d060de1,FINAL_APPROACH,INTERMEDIATE_APPROACH,0.2558152737949843,0.0,0.29027768132560194,False
Dec 28 2025-a3fb3a-1766882629.13-1766884115.63-688-b5cf3aac9f01,FINAL_APPROACH,INTERMEDIATE_APPROACH,0.3092269078482652,0.0,0.3188570472273972,False
a28a1b-0-da8577bb1a0f,FINAL_APPROACH,INTERMEDIATE_APPROACH,0.17142783472627499,0.0,0.3196711991473886,False
Dec 27 2025-a742ec-1766859994.15-1766861035.55-3496-e43a561391dc,FINAL_APPROACH,FINAL_APPROACH,0.0,0.0,0.0,False
a3fb63-0-f947fc43b4f6,FINAL_APPROACH,INTERMEDIATE_APPROACH,0.18344079955920706,0.0,0.43010558706462676,False
a30bf7-0-c92f3dde4714,FINAL_APPROACH,INTERMEDIATE_APPROACH,0.2908097973596487,0.0,0.31354138757654143,False
Dec 27 2025-a97c9a-1766866282.99-1766867546.26-2227-8406fc0b43ff,FINAL_APPROACH,FINAL_APPROACH,0.15647572365590787,0.0,0.15647572365590787,False
Dec 27 2025-a275b8-1766831739.14-1766832781.87-2704-ffdb19f92b45,FINAL_APPROACH,FINAL_APPROACH,0.0,0.0,0.0,False
ab48aa-0-ef31dc2a9151,FINAL_APPROACH,FINAL_APPROACH,0.0,0.0,0.0,False
Dec 28 2025-aaf111-1766884247.59-1766885401.32-224-d407b459512a,FINAL_APPROACH,INTERMEDIATE_APPROACH,0.583144542396743,0.0,0.7631415000613879,False
ac3110-0-a2c8d4958f3d,FINAL_APPROACH,FINAL_APPROACH,0.0,0.0,0.0,False
Dec 28 2025-a35ab8-1766885633.6-1766886614.32-2227-fa318f7c9db7,FINAL_APPROACH,INTERMEDIATE_APPROACH,0.22736370129582034,0.0,0.3100051563250979,False
a8f0bd-0-8f0dcaf68236,FINAL_APPROACH,FINAL_APPROACH,0.16591113181618444,0.0,0.16591113181618444,False
Dec 30 2025-a0f60d-1767121547.66-1767125694.49-140-6e46402f293f,FINAL_APPROACH,FINAL_APPROACH,0.0,0.0,0.0,False
Dec 28 2025-a40d8d-1766959914.83-1766961009.43-1665-b98329e4e316,FINAL_APPROACH,FINAL_APPROACH,0.0,0.0,0.0,False
Dec 28 2025-a2e28f-1766926413.24-1766927911.06-1689-1caf90bc9103,FINAL_APPROACH,FINAL_APPROACH,0.2611124143569654,0.0,0.2611124143569654,False
a4dc25-0-30c183f0a2f8,FINAL_APPROACH,FINAL_APPROACH,0.0,0.0,0.0,False
Dec 28 2025-a0be05-1766965271.93-1766966360.28-82-bfc477d85b6d,FINAL_APPROACH,FINAL_APPROACH,0.20737501369238087,0.0,0.20737501369238087,False
Dec 27 2025-a44aa2-1766851608.93-1766852783.6-2355-1c761537f12d,FINAL_APPROACH,FINAL_APPROACH,0.1934814321540937,0.0,0.1934814321540937,False
Dec 29 2025-abe579-1766979706.73-1766980668.32-906-53d2f0ae9d26,FINAL_APPROACH,FINAL_APPROACH,0.0,0.0,0.0,False
Dec 27 2025-a486b3-1766864659.18-1766865721.7-2622-fed0001c9ac7,FINAL_APPROACH,FINAL_APPROACH,0.2554378502266212,0.0,0.2554378502266212,False
ac8009-0-c4de14f51f37,FINAL_APPROACH,FINAL_APPROACH,0.13135430468463735,0.0,0.13135430468463735,False
Dec 27 2025-a8def1-1766856259.59-1766857421.52-3558-15066a9238c0,FINAL_APPROACH,FINAL_APPROACH,0.0,0.0,0.0,False
a91dfb-0-6fdce3e93893,FINAL_APPROACH,INTERMEDIATE_APPROACH,0.3593122537729988,0.0,2.9080398210481477,True
Dec 28 2025-a40ca4-1766888122.41-1766889100.4-1965-907b0fa4cfdf,FINAL_APPROACH,FINAL_APPROACH,0.0,0.0,0.0,False
ad2b43-0-5d3df3bb9eee,FINAL_APPROACH,FINAL_APPROACH,0.20746670543590628,0.0,0.20746670543590628,False
a7b032-0-4bd6364f9a2b,FINAL_APPROACH,FINAL_APPROACH,0.0,0.0,0.0,False
Dec 27 2025-a924fc-1766835468.11-1766836760.18-3716-cfd9ea21853c,FINAL_APPROACH,FINAL_APPROACH,0.0,0.0,0.0,False
a88752-0-ca4ded739a10,FINAL_APPROACH,FINAL_APPROACH,0.2716124443399211,0.0,0.2716124443399211,False
Dec 28 2025-a890fe-1766922912.87-1766924248.08-3081-54529ceaf723,FINAL_APPROACH,FINAL_APPROACH,0.0,0.0,0.0,False
Dec 28 2025-a40ca4-1766888122.41-1766889100.4-1965-25158cb9f54f,FINAL_APPROACH,FINAL_APPROACH,0.18920326362285905,0.0,0.18920326362285905,False
Dec 28 2025-a44a48-1766947540.49-1766948854.78-855-929e5b2e2310,FINAL_APPROACH,FINAL_APPROACH,0.1717439165266747,0.0,0.1717439165266747,False
a6f35c-0-a0a1f6311a50,FINAL_APPROACH,INTERMEDIATE_APPROACH,0.2215061121454739,0.0,0.6753473793009168,False
a919cd-0-bb7c86480278,FINAL_APPROACH,FINAL_APPROACH,0.18663687819080843,0.0,0.18663687819080843,False
Dec 28 2025-a89f80-1766945713.48-1766948174.11-1508-09a2e25d9d7a,FINAL_APPROACH,INTERMEDIATE_APPROACH,0.2940805276103375,0.0,0.35007027306308103,False
Dec 28 2025-a17c12-1766928115.83-1766929132.48-231-1ab8493f9ec7,FINAL_APPROACH,FINAL_APPROACH,0.18904339605789724,0.0,0.18904339605789724,False
acf4e8-0-de95eed3a71c,FINAL_APPROACH,INTERMEDIATE_APPROACH,0.18984018094625832,0.0,0.1972550954830333,False
a30bf7-0-f629b1906940,FINAL_APPROACH,INTERMEDIATE_APPROACH,0.1701069291007755,0.0,0.5160012823711356,False
Dec 28 2025-ab879f-1766953561.36-1766954573.72-1902-5a8b939b9d77,FINAL_APPROACH,FINAL_APPROACH,0.1507906887467514,0.0,0.1507906887467514,False
Dec 28 2025-ad350a-1766961697.93-1766962709.31-138-6bd35e126e8c,FINAL_APPROACH,FINAL_APPROACH,0.17029881859677934,0.0,0.17029881859677934,False
Dec 27 2025-aaa5ff-1766844781.37-1766845744.96-3764-7587b031c6f8,FINAL_APPROACH,FINAL_APPROACH,0.17610608066049688,0.0,0.17610608066049688,False
a06f83-0-e270f021c2fe,FINAL_APPROACH,FINAL_APPROACH,0.0,0.0,0.0,False
Dec 27 2025-a939e8-1766846326.98-1766847565.01-3435-7e78e6af16ad,FINAL_APPROACH,FINAL_APPROACH,0.08092636528609864,0.0,0.08092636528609864,False
ac2bd5-0-d10953be40c3,FINAL_APPROACH,FINAL_APPROACH,0.14414761855952796,0.0,0.14414761855952796,False
ab80f4-0-0e1305f56fa2,FINAL_APPROACH,FINAL_APPROACH,0.08494501949379989,0.0,0.08494501949379989,False
Dec 29 2025-aa6f80-1766982491.25-1766983575.53-950-33d7899de416,FINAL_APPROACH,FINAL_APPROACH,0.19337367338139333,0.0,0.19337367338139333,False
ac733b-0-8a7a7620fef7,FINAL_APPROACH,FINAL_APPROACH,0.0,0.0,0.0,False
Dec 28 2025-ad201e-1766940173.81-1766941327.9-376-567f598b7179,FINAL_APPROACH,FINAL_APPROACH,0.1415761468193734,0.0,0.1415761468193734,False
a83839-0-8baaeaaf5e3a,FINAL_APPROACH,FINAL_APPROACH,0.3460007700072162,0.0,0.3460007700072162,False
Dec 29 2025-ac668d-1766978181.42-1766979243.37-1026-fbf85130dd52,FINAL_APPROACH,FINAL_APPROACH,0.0,0.0,0.0,False
Dec 27 2025-ac2c9c-1766861430.33-1766862531.37-2269-90b22fc41c2b,FINAL_APPROACH,INTERMEDIATE_APPROACH,0.16287284607722963,0.0,0.3575137665596979,False
a4105b-0-760d8528a7e7,FINAL_APPROACH,FINAL_APPROACH,0.0,0.0,0.0,False
Dec 28 2025-a68946-1766880000.08-1766880515.16-828-d34495c99044,FINAL_APPROACH,FINAL_APPROACH,0.1902214666891447,0.0,0.1902214666891447,False
aa01b5-0-a47ceb50df99,FINAL_APPROACH,INTERMEDIATE_APPROACH,0.32217874337752195,0.0,0.9657700363444155,False
Dec 27 2025-ada16f-1766849235.64-1766850320.18-1615-cd3b977e2940,FINAL_APPROACH,FINAL_APPROACH,0.11489128870533141,0.0,0.11489128870533141,False
Dec 29 2025-ac119d-1766970589.14-1766971910.44-1140-3fba2f3d1a33,FINAL_APPROACH,INTERMEDIATE_APPROACH,0.2865948823275134,0.0,0.3346766959763927,False
Dec 28 2025-a8df4b-1766952518.67-1766953560.24-892-d921cc841f23,FINAL_APPROACH,FINAL_APPROACH,0.1468877903740578,0.0,0.1468877903740578,False
Dec 29 2025-a6a347-1766974691.71-1766975818.76-540-5ddab3c5d476,FINAL_APPROACH,FINAL_APPROACH,0.18382239910920722,0.0,0.18382239910920722,False
Dec 28 2025-a1584a-1766885947.1-1766887123.63-870-89299464096a,FINAL_APPROACH,FINAL_APPROACH,0.0,0.0,0.0,False
Dec 28 2025-a06e0b-1766961433.15-1766962486.0-141-d01b9231d670,FINAL_APPROACH,FINAL_APPROACH,0.0,0.0,0.0,False
Dec 29 2025-e80210-1767051381.43-1767052797.23-106-724192bb9588,FINAL_APPROACH,INTERMEDIATE_APPROACH,0.21458501909200006,0.0,0.4367497484710071,False
abaafe-0-629dff5d399c,FINAL_APPROACH,FINAL_APPROACH,0.10258681741946307,0.0,0.10258681741946307,False
a7e3bd-0-33177dcc8fc9,FINAL_APPROACH,INTERMEDIATE_APPROACH,0.6693787661477936,0.0,0.8447909134418589,False
a30bf7-0-257f5573bedc,FINAL_APPROACH,INTERMEDIATE_APPROACH,0.17443658369878573,0.0,0.32094325162798915,False
Dec 28 2025-a5ce40-1766893206.91-1766894072.45-741-d7d5992f2a56,FINAL_APPROACH,FINAL_APPROACH,0.0,0.0,0.0,False
Dec 30 2025-a90166-1767121957.67-1767124223.69-959-6de7f08df856,FINAL_APPROACH,INTERMEDIATE_APPROACH,0.4715247419605271,0.0,0.7970168764532215,False
Dec 27 2025-a39d9b-1766854501.19-1766855651.84-2240-27a66f35691d,FINAL_APPROACH,FINAL_APPROACH,0.0,0.0,0.0,False
Dec 27 2025-a47597-1766875957.69-1766877049.5-2193-7a744bd31ba7,FINAL_APPROACH,FINAL_APPROACH,0.0,0.0,0.0,False
a335f4-0-5cb89a1bd6c4,FINAL_APPROACH,FINAL_APPROACH,0.0,0.0,0.0,False
ad1122-0-654fee127db0,FINAL_APPROACH,INTERMEDIATE_APPROACH,0.3522683819035149,0.0,1.1907045239832386,True
ac7074-0-d489f20adfdd,FINAL_APPROACH,FINAL_APPROACH,0.20985876563964823,0.0,0.20985876563964823,False
a28bbf-0-5114e8075c00,FINAL_APPROACH,FINAL_APPROACH,0.3552221860408085,0.0,0.3552221860408085,False
a2685b-0-9f37ac857837,FINAL_APPROACH,FINAL_APPROACH,0.16919296962946426,0.0,0.16919296962946426,False
Dec 28 2025-a07f60-1766928069.19-1766929414.76-1127-f5e5750db22f,FINAL_APPROACH,FINAL_APPROACH,0.23996926201201743,0.0,0.23996926201201743,False
Dec 28 2025-acd486-1766954808.22-1766955887.15-1575-0b3e41b17890,FINAL_APPROACH,FINAL_APPROACH,0.2567529599595062,0.0,0.2567529599595062,False
Dec 27 2025-a37db9-1766861020.07-1766862041.02-2735-03230fc612e4,FINAL_APPROACH,FINAL_APPROACH,0.22249782076498237,0.0,0.22249782076498237,False
Dec 28 2025-ad4b54-1766949337.2-1766950329.5-996-efb3d71568aa,FINAL_APPROACH,FINAL_APPROACH,0.17248729209698416,0.0,0.17248729209698416,False
Dec 28 2025-a71aad-1766945723.65-1766946909.15-2076-8c6ec2931d2e,FINAL_APPROACH,FINAL_APPROACH,0.22554239986669095,0.0,0.22554239986669095,False
Dec 28 2025-ad474c-1766881116.65-1766882290.42-902-e22d429a9f4d,FINAL_APPROACH,FINAL_APPROACH,0.0,0.0,0.0,False
ab62af-0-eb8125cee161,FINAL_APPROACH,INTERMEDIATE_APPROACH,0.26036916510075053,0.0,0.35301951124931835,False
Dec 28 2025-a4105b-1766964573.88-1766965629.19-1085-2f2851078577,FINAL_APPROACH,FINAL_APPROACH,0.1931666678902407,0.0,0.1931666678902407,False
Dec 27 2025-~2c22e2-1766860152.48-1766860338.94-3353-80bd65008902,FINAL_APPROACH,FINAL_APPROACH,0.0,0.0,0.0,False
a36b81-0-b10c318821cf,FINAL_APPROACH,INTERMEDIATE_APPROACH,0.2420213788807208,0.0,0.40713984229044,False
ab249e-0-ae744d6f6f69,FINAL_APPROACH,FINAL_APPROACH,0.23044698619383827,0.0,0.23044698619383827,False
abe579-0-d86fd36859a9,FINAL_APPROACH,FINAL_APPROACH,0.18800975351890273,0.0,0.18800975351890273,False
a359bc-0-7919bc8e826f,FINAL_APPROACH,FINAL_APPROACH,0.0,0.0,0.0,False
ac3110-0-a47e586d8d4b,FINAL_APPROACH,FINAL_APPROACH,0.0,0.0,0.0,False
Dec 27 2025-ad63f7-1766795706.54-1766797041.15-3644-088de0356af7,FINAL_APPROACH,FINAL_APPROACH,0.0,0.0,0.0,False
a3d7a7-0-064df9b130cc,FINAL_APPROACH,FINAL_APPROACH,0.0,0.0,0.0,False
a4ffb7-0-f232b62c13e0,FINAL_APPROACH,FINAL_APPROACH,0.45704343807248604,0.0,0.45704343807248604,False
a8d27e-0-934e0d8c9733,FINAL_APPROACH,FINAL_APPROACH,0.20452188470520744,0.0,0.20452188470520744,False
ace9ba-0-50b060fd686b,FINAL_APPROACH,FINAL_APPROACH,0.08802465683645505,0.0,0.08802465683645505,False
a008c5-0-db9adb93ee1f,FINAL_APPROACH,FINAL_APPROACH,0.15435635682305499,0.0,0.15435635682305499,False
Dec 27 2025-ad273b-1766855350.7-1766856257.05-832-8e9428a30901,FINAL_APPROACH,FINAL_APPROACH,0.14647950223785328,0.0,0.14647950223785328,False
a482fc-0-710093d19bb3,FINAL_APPROACH,FINAL_APPROACH,0.0,0.0,0.0,False
Dec 27 2025-486073-1766796936.7-1766797952.27-1661-b6a143175783,FINAL_APPROACH,FINAL_APPROACH,0.0,0.0,0.0,False
Dec 28 2025-a68946-1766880000.08-1766880515.16-828-979c07f4ba02,FINAL_APPROACH,FINAL_APPROACH,0.1378366337104999,0.0,0.1378366337104999,False
ad000d-0-20cb131282da,FINAL_APPROACH,FINAL_APPROACH,0.17383705890955198,0.0,0.17383705890955198,False
Dec 28 2025-ac6645-1766882099.23-1766883063.82-817-02b94a49ad3a,FINAL_APPROACH,FINAL_APPROACH,0.13215418618458485,0.0,0.13215418618458485,False
Dec 28 2025-a17c12-1766958970.73-1766960368.78-235-1bc18d28cbd6,FINAL_APPROACH,FINAL_APPROACH,0.0,0.0,0.0,False
Dec 27 2025-a44a48-1766793600.22-1766794116.64-1043-c0689a48ce61,FINAL_APPROACH,INTERMEDIATE_APPROACH,0.2690642559439878,0.0,0.29006537941840516,False
Dec 27 2025-ac21e4-1766852962.02-1766853948.83-3379-cf20c748606f,FINAL_APPROACH,FINAL_APPROACH,0.1941967611817499,0.0,0.1941967611817499,False
ad5460-0-3213c3c0811d,FINAL_APPROACH,FINAL_APPROACH,0.0,0.0,0.0,False
a33d97-0-cffdfe18ef5b,FINAL_APPROACH,FINAL_APPROACH,0.23897447681230227,0.0,0.23897447681230227,False
Dec 27 2025-a29aa5-1766857951.87-1766859251.81-2404-db4d24f392b3,FINAL_APPROACH,FINAL_APPROACH,0.13622842768843738,0.0,0.13622842768843738,False
a30bf7-0-14be48b09f8f,FINAL_APPROACH,INTERMEDIATE_APPROACH,0.17852340184960683,0.0,0.30928409296179454,False
Dec 28 2025-a596a3-1766941411.83-1766943163.87-1952-c929ed616493,FINAL_APPROACH,INTERMEDIATE_APPROACH,0.5124881236415193,0.0,1.4721144888808655,True
Dec 27 2025-aaaa93-1766868094.46-1766868401.91-2144-338e2488ce60,FINAL_APPROACH,INTERMEDIATE_APPROACH,0.3892819449298927,0.0,0.5914026766823207,False
a02a0d-0-76d73d67a602,FINAL_APPROACH,INTERMEDIATE_APPROACH,0.2352819900655687,0.0,0.3425543329621522,False
ad73df-0-a5ab66458c33,FINAL_APPROACH,FINAL_APPROACH,0.3550659047602898,0.0,0.3550659047602898,False
Dec 27 2025-ad23d5-1766878682.02-1766879864.15-3155-d0dd12c967fc,FINAL_APPROACH,FINAL_APPROACH,0.17618028349049125,0.0,0.17618028349049125,False
Dec 27 2025-a7a60e-1766840149.29-1766841219.93-197-3ed5a9bcb94f,FINAL_APPROACH,FINAL_APPROACH,0.17736175882213184,0.0,0.17736175882213184,False
a416be-0-b5f45049beee,FINAL_APPROACH,FINAL_APPROACH,0.15012968866261753,0.0,0.15012968866261753,False
Dec 28 2025-a91a0e-1766907933.06-1766909480.52-184-1595d404e1b6,FINAL_APPROACH,INTERMEDIATE_APPROACH,0.30807761962448715,0.0,0.46198948431075515,False
abd57e-0-47621a6055ad,FINAL_APPROACH,FINAL_APPROACH,0.18378521052669525,0.0,0.18378521052669525,False
Dec 28 2025-ad3fde-1766880924.13-1766882041.97-2685-29acdab07f96,FINAL_APPROACH,FINAL_APPROACH,0.0,0.0,0.0,False
Dec 27 2025-a7e24a-1766866257.31-1766867463.76-1100-4fc0fe755112,FINAL_APPROACH,INTERMEDIATE_APPROACH,0.12494967783763881,0.0,0.18474241864324142,False
Dec 28 2025-abe124-1766896309.14-1766897480.5-453-dab6904a68cc,FINAL_APPROACH,FINAL_APPROACH,0.0,0.0,0.0,False
Dec 28 2025-a2fea7-1766889968.9-1766891044.45-2011-2a3f6d7863f7,FINAL_APPROACH,INTERMEDIATE_APPROACH,0.2626027247803568,0.0,0.3121288669198836,False
Dec 28 2025-a40ca4-1766930455.28-1766931819.49-1967-8d972d6b4ce4,FINAL_APPROACH,FINAL_APPROACH,0.1965506553633365,0.0,0.1965506553633365,False
a08739-0-9a8387e3e348,FINAL_APPROACH,FINAL_APPROACH,0.0,0.0,0.0,False
a539c9-0-0cdc47ad4a41,FINAL_APPROACH,FINAL_APPROACH,0.0,0.0,0.0,False
Dec 27 2025-a445f8-1766853057.65-1766854053.78-3651-efea0d8e34e1,FINAL_APPROACH,FINAL_APPROACH,0.0,0.0,0.0,False
a437ce-0-32b5b37a296a,FINAL_APPROACH,FINAL_APPROACH,0.1976608513467694,0.0,0.1976608513467694,False
Dec 27 2025-a8e279-1766840804.96-1766842023.71-1763-35a21a08e73c,FINAL_APPROACH,FINAL_APPROACH,0.0,0.0,0.0,False
Dec 27 2025-a441c9-1766798219.61-1766799440.16-2975-bcb826a52597,FINAL_APPROACH,FINAL_APPROACH,0.12189471255754951,0.0,0.12189471255754951,False
Dec 30 2025-a7f474-1767136187.49-1767137650.28-1075-1e8ca91ac3e3,FINAL_APPROACH,INTERMEDIATE_APPROACH,0.28241135793888755,0.0,0.5968538908569823,False
adbdc9-0-2fe00b5f27bc,FINAL_APPROACH,FINAL_APPROACH,0.0,0.0,0.0,False
a438cb-0-d0deaa2c89ed,FINAL_APPROACH,FINAL_APPROACH,0.0,0.0,0.0,False
a37760-0-01b1c97e3880,FINAL_APPROACH,INTERMEDIATE_APPROACH,0.4275703832790356,0.0,0.8520057313510169,False
Dec 27 2025-ac3beb-1766837609.34-1766838843.67-3487-7dfcf89d08ae,FINAL_APPROACH,FINAL_APPROACH,0.07892668426548258,0.0,0.07892668426548258,False
acd68a-0-96ef840b44d3,FINAL_APPROACH,FINAL_APPROACH,0.20172162802819077,0.0,0.20172162802819077,False
acc7ae-0-46950f2cdd02,FINAL_APPROACH,FINAL_APPROACH,0.3628098228804543,0.0,0.3628098228804543,False
Dec 28 2025-a0d6a8-1766880727.84-1766881846.94-2025-a15aec5aaa86,FINAL_APPROACH,FINAL_APPROACH,0.0,0.0,0.0,False
Dec 28 2025-a94c7b-1766922314.51-1766923756.28-1446-6ca41e877cf6,FINAL_APPROACH,FINAL_APPROACH,0.14323239178270208,0.0,0.14323239178270208,False
Dec 29 2025-ad775d-1766970028.18-1766971083.4-694-fa643d9a6af8,FINAL_APPROACH,FINAL_APPROACH,0.18386738764728408,0.0,0.18386738764728408,False
Dec 30 2025-a1bc9f-1767125021.6-1767128430.22-1418-948c40c0d5c8,FINAL_APPROACH,INTERMEDIATE_APPROACH,0.16412658189459045,0.0,0.3521693199718069,False
Dec 27 2025-a8e262-1766842442.11-1766843541.58-1434-4aed40f05f07,FINAL_APPROACH,FINAL_APPROACH,0.17757432002335788,0.0,0.17757432002335788,False
a02a0d-0-0ec5b37f8f1e,FINAL_APPROACH,FINAL_APPROACH,0.19645470740438303,0.0,0.19645470740438303,False
a54f68-0-ddbcf03cfa82,FINAL_APPROACH,INTERMEDIATE_APPROACH,0.4372009386907037,0.0,0.8229907170607973,False
Dec 27 2025-a3dffe-1766851063.69-1766852175.87-3747-d0fdf3fb90ce,FINAL_APPROACH,FINAL_APPROACH,0.19573739855900132,0.0,0.19573739855900132,False
ab82d0-0-095bee39b320,FINAL_APPROACH,FINAL_APPROACH,0.0,0.0,0.0,False
a95fe6-0-a809da737c32,FINAL_APPROACH,FINAL_APPROACH,0.0,0.0,0.0,False
Dec 27 2025-a9cff8-1766857344.1-1766858653.0-3657-69d2ed0f97a7,FINAL_APPROACH,FINAL_APPROACH,0.0,0.0,0.0,False
Dec 28 2025-ad2efa-1766923873.92-1766926115.92-3043-c1af07276d94,FINAL_APPROACH,FINAL_APPROACH,0.2694592873721731,0.0,0.2694592873721731,False
a70f88-0-444217f4c8bd,FINAL_APPROACH,FINAL_APPROACH,0.19087736803669245,0.0,0.19087736803669245,False
Dec 28 2025-c03da9-1766890027.4-1766890894.32-2049-9f0c4d0a4c69,FINAL_APPROACH,FINAL_APPROACH,0.17882543040321486,0.0,0.17882543040321486,False
Dec 27 2025-a44e18-1766856548.75-1766857679.38-358-bafcde0a1c4e,FINAL_APPROACH,FINAL_APPROACH,0.1401512110124426,0.0,0.1401512110124426,False
Dec 28 2025-ab879f-1766925956.17-1766927282.82-1900-24ed2149bbfc,FINAL_APPROACH,FINAL_APPROACH,0.17058482520762464,0.0,0.17058482520762464,False
Dec 27 2025-a5f2e8-1766866994.13-1766869631.3-3429-bb0887578414,FINAL_APPROACH,INTERMEDIATE_APPROACH,0.34536339037870095,0.0,0.6722917773689993,False
a437da-0-dc0dd11c5efb,FINAL_APPROACH,INTERMEDIATE_APPROACH,0.2677222499753112,0.0,0.32792884596773575,False
a8371a-0-a6144db79fac,FINAL_APPROACH,INTERMEDIATE_APPROACH,0.2158196680133814,0.0,0.31581768607223293,False
Dec 28 2025-ac0cf8-1766939645.7-1766940750.2-3021-918eaf6cd27e,FINAL_APPROACH,FINAL_APPROACH,0.13624793362701876,0.0,0.13624793362701876,False
ac181d-0-c7674ee0f75a,FINAL_APPROACH,FINAL_APPROACH,0.29606323322152933,0.0,0.29606323322152933,False
3c4592-0-94ee60b29c62,FINAL_APPROACH,FINAL_APPROACH,0.0,0.0,0.0,False
ae09a2-0-5d527082c038,FINAL_APPROACH,INTERMEDIATE_APPROACH,0.22647462190716364,0.0,0.3581883725307545,False
a37c00-0-a5dc68540a84,FINAL_APPROACH,INTERMEDIATE_APPROACH,0.264711431387871,0.0,0.46224929240791646,False
a9360e-0-4db7244284aa,FINAL_APPROACH,FINAL_APPROACH,0.2219808349500198,0.0,0.2219808349500198,False
Dec 27 2025-a33d62-1766800957.96-1766802184.08-1412-3ab88919ead2,FINAL_APPROACH,INTERMEDIATE_APPROACH,0.2427572359612746,0.0,0.3916438087866593,False
a5dee3-0-d013028a0cdb,FINAL_APPROACH,INTERMEDIATE_APPROACH,0.17538397726033664,0.0,0.1931065724733781,False
a4795a-0-a3c24b361db0,FINAL_APPROACH,FINAL_APPROACH,0.0,0.0,0.0,False
a3bd81-0-ef8d23602d40,FINAL_APPROACH,FINAL_APPROACH,0.0,0.0,0.0,False
a01b04-0-fa0340d65924,FINAL_APPROACH,FINAL_APPROACH,0.0,0.0,0.0,False
a438cb-0-f96d50a4b62c,FINAL_APPROACH,INTERMEDIATE_APPROACH,0.27782994861031324,0.0,0.2937766840967677,False
a55d6a-0-ac814e5c6454,FINAL_APPROACH,INTERMEDIATE_APPROACH,0.3950925898263461,0.0,0.39763881821173125,False
a3117c-0-bdf79230d7ed,FINAL_APPROACH,FINAL_APPROACH,0.0,0.0,0.0,False
a1fc3b-0-c1537f9bb7db,FINAL_APPROACH,FINAL_APPROACH,0.13597531255007486,0.0,0.13597531255007486,False
Dec 27 2025-a5d648-1766846199.38-1766847136.27-1051-a01db7d892f1,FINAL_APPROACH,FINAL_APPROACH,0.0,0.0,0.0,False
a8aaff-0-2ed02439b9dc,FINAL_APPROACH,FINAL_APPROACH,0.19679598346676763,0.0,0.19679598346676763,False
Dec 27 2025-aaf4c8-1766844959.17-1766846142.61-2966-7bd02a5f46bb,FINAL_APPROACH,FINAL_APPROACH,0.13653068870528606,0.0,0.13653068870528606,False
a4491c-0-8abb539cbe89,FINAL_APPROACH,FINAL_APPROACH,0.23909360271685007,0.0,0.23909360271685007,False
Dec 28 2025-a4a0b4-1766947629.5-1766948883.12-2173-b366b26ce1bb,FINAL_APPROACH,FINAL_APPROACH,0.19875521617275327,0.0,0.19875521617275327,False
ad3a05-0-b40a64c1e881,FINAL_APPROACH,FINAL_APPROACH,0.0,0.0,0.0,False
Dec 27 2025-a145b7-1766795321.23-1766796547.0-2688-9d64bdcad3d9,FINAL_APPROACH,FINAL_APPROACH,0.2307418333617443,0.0,0.2307418333617443,False
Dec 27 2025-ad50a9-1766858798.05-1766859754.82-2488-9996ad377494,FINAL_APPROACH,FINAL_APPROACH,0.09517746512312493,0.0,0.09517746512312493,False
ac058a-0-d1c81ee1d43d,FINAL_APPROACH,FINAL_APPROACH,0.19973818700771548,0.0,0.19973818700771548,False
Dec 27 2025-a486d8-1766793870.27-1766794965.05-3187-27d7c1c30193,FINAL_APPROACH,FINAL_APPROACH,0.13005402523010307,0.0,0.13005402523010307,False
Dec 27 2025-a39d9b-1766876884.04-1766877913.14-2242-dbfa583fd674,FINAL_APPROACH,FINAL_APPROACH,0.0,0.0,0.0,False
Dec 27 2025-ab879f-1766874732.18-1766875876.32-2315-1b2b5c5e0321,FINAL_APPROACH,FINAL_APPROACH,0.11483494363011651,0.0,0.11483494363011651,False
Dec 28 2025-ac3beb-1766881584.94-1766882583.86-2858-23e6568846c3,FINAL_APPROACH,FINAL_APPROACH,0.0,0.0,0.0,False
a13408-0-37544bb16af6,FINAL_APPROACH,INTERMEDIATE_APPROACH,0.18752493639071843,0.0,0.328790989829272,False
aa8513-0-6002e46a4482,FINAL_APPROACH,FINAL_APPROACH,0.1951315831721146,0.0,0.1951315831721146,False
Dec 27 2025-a01e3d-1766845252.32-1766846227.53-852-a72f66572472,FINAL_APPROACH,FINAL_APPROACH,0.13080024250964287,0.0,0.13080024250964287,False
Dec 28 2025-ad201e-1766940173.81-1766941327.9-376-1e0aa3f68924,FINAL_APPROACH,FINAL_APPROACH,0.1768361587452624,0.0,0.1768361587452624,False
Dec 28 2025-a445f8-1766888601.39-1766889814.41-3015-3f5b3d86ea77,FINAL_APPROACH,FINAL_APPROACH,0.11392724925578601,0.0,0.11392724925578601,False
Dec 28 2025-a7de93-1766923125.9-1766925076.11-1741-31dde72ae922,FINAL_APPROACH,FINAL_APPROACH,0.17695841148404656,0.0,0.17695841148404656,False
Dec 28 2025-a89f80-1766882474.51-1766883577.44-1507-8484911141c4,FINAL_APPROACH,INTERMEDIATE_APPROACH,0.2001507367538919,0.0,0.3214608829125475,False
Dec 30 2025-a26190-1767116095.69-1767117336.55-1272-b700178b8a05,FINAL_APPROACH,FINAL_APPROACH,0.0,0.0,0.0,False
a77e8f-0-8064e5d69d62,FINAL_APPROACH,FINAL_APPROACH,0.0,0.0,0.0,False
a38c66-0-4c26f74170af,FINAL_APPROACH,FINAL_APPROACH,0.22678809271883732,0.0,0.22678809271883732,False
ab7cd3-0-a630a9341d01,FINAL_APPROACH,FINAL_APPROACH,0.21693968645911674,0.0,0.21693968645911674,False
Dec 27 2025-a6c5d6-1766860062.37-1766861914.67-3162-448067bcc421,FINAL_APPROACH,INTERMEDIATE_APPROACH,0.47004773533781097,0.0,1.132012634444597,True
ac119d-0-d0531eca2271,FINAL_APPROACH,INTERMEDIATE_APPROACH,0.28828742298734084,0.0,0.8945652456679225,False
a13408-0-459e1aebba53,FINAL_APPROACH,INTERMEDIATE_APPROACH,0.28237386782674273,0.0,0.4037032508162205,False
Dec 28 2025-a91a0e-1766907933.06-1766909480.52-184-b3d503567e4b,FINAL_APPROACH,INTERMEDIATE_APPROACH,0.2621939355489335,0.0,0.29447877149953655,False
Dec 29 2025-ab7376-1766970248.73-1766971252.53-879-1f5a5c04aa01,FINAL_APPROACH,FINAL_APPROACH,0.11053906414961659,0.0,0.11053906414961659,False
Dec 28 2025-ac83d5-1766884728.43-1766885879.5-2559-f53c0a2ff869,FINAL_APPROACH,FINAL_APPROACH,0.2367556239540534,0.0,0.2367556239540534,False
abcb07-0-c1de5ac5e2ad,FINAL_APPROACH,INTERMEDIATE_APPROACH,0.7034337348351114,0.0,1.058338259201778,True
a9844d-0-b8736cf5a2f7,FINAL_APPROACH,FINAL_APPROACH,0.3637976925501255,0.0,0.3637976925501255,False
Dec 27 2025-ab879f-1766874732.18-1766875876.32-2315-9c4cd2031495,FINAL_APPROACH,FINAL_APPROACH,0.18351848778046526,0.0,0.18351848778046526,False
a96907-0-b70487e11bbe,FINAL_APPROACH,INTERMEDIATE_APPROACH,0.17694641266905847,0.0,0.19433874510482108,False
aa6fca-0-66d86e4c4f1f,FINAL_APPROACH,FINAL_APPROACH,0.17115303735707996,0.0,0.17115303735707996,False
Dec 28 2025-a3f3dc-1766962048.77-1766963036.63-2645-2f417e220138,FINAL_APPROACH,FINAL_APPROACH,0.24786839858196016,0.0,0.24786839858196016,False
a7b46e-0-b60fa64016ae,FINAL_APPROACH,FINAL_APPROACH,0.0,0.0,0.0,False
Dec 28 2025-ad474c-1766881116.65-1766882290.42-902-0ee0bf176e75,FINAL_APPROACH,FINAL_APPROACH,0.0,0.0,0.0,False
ac74f9-0-1e7206c1144b,FINAL_APPROACH,FINAL_APPROACH,0.0,0.0,0.0,False
Dec 28 2025-abd2e6-1766881902.45-1766882927.35-2783-1110bcd99918,FINAL_APPROACH,FINAL_APPROACH,0.4785719305093191,0.0,0.4785719305093191,False
Dec 27 2025-a6ef4d-1766805537.65-1766806468.69-1143-dc81c8d53c5c,FINAL_APPROACH,INTERMEDIATE_APPROACH,0.6115228312125991,0.0,1.17837950985483,True
Dec 27 2025-a47597-1766846794.03-1766847843.29-2191-2de60443e4aa,FINAL_APPROACH,FINAL_APPROACH,0.0,0.0,0.0,False
Dec 27 2025-a3e011-1766796319.52-1766797489.78-238-78a35abea80a,FINAL_APPROACH,INTERMEDIATE_APPROACH,0.12858907807534992,0.0,0.2805777294843649,False
Dec 28 2025-a35248-1766950452.58-1766952621.93-849-f88a288d7225,FINAL_APPROACH,FINAL_APPROACH,0.49452756206022747,0.0,0.49452756206022747,False
ab4712-0-f96777145ef8,FINAL_APPROACH,FINAL_APPROACH,0.31474783847854126,0.0,0.31474783847854126,False
Dec 28 2025-a37aa3-1766954454.4-1766955508.48-1949-e88555a4498a,FINAL_APPROACH,FINAL_APPROACH,0.13905795104466606,0.0,0.13905795104466606,False
ab618b-0-fab43b49a5ef,FINAL_APPROACH,FINAL_APPROACH,0.16208220150304017,0.0,0.16208220150304017,False
a33843-0-18c3e915ead0,FINAL_APPROACH,INTERMEDIATE_APPROACH,0.3465259562890051,0.0,0.38336309047441963,False
Dec 28 2025-c04ff4-1766922392.18-1766924950.51-2981-5873f1ffe785,FINAL_APPROACH,INTERMEDIATE_APPROACH,0.2328096204698175,0.0,0.2558530834809428,False
Dec 28 2025-a2c1b6-1766881823.77-1766882866.31-2196-00f0665f7515,FINAL_APPROACH,FINAL_APPROACH,0.13225335172068378,0.0,0.13225335172068378,False
Dec 30 2025-aabd2b-1767115148.12-1767116358.82-418-953fb4d145f2,FINAL_APPROACH,INTERMEDIATE_APPROACH,0.19431033043264898,0.0,0.2859528977862872,False
Dec 27 2025-ab60e3-1766854928.79-1766855944.3-3369-167d417d93df,FINAL_APPROACH,FINAL_APPROACH,0.0,0.0,0.0,False
Dec 29 2025-a79b38-1767039706.05-1767040165.68-426-093b701f46a8,FINAL_APPROACH,INTERMEDIATE_APPROACH,0.5337029107677147,0.0,0.9702937069338472,False
a4b455-0-33041198b5fe,FINAL_APPROACH,INTERMEDIATE_APPROACH,0.25917792781623133,0.0,0.37430689993735267,False
Dec 27 2025-ab5afe-1766810319.23-1766811590.18-3756-718c7ebf09b9,FINAL_APPROACH,FINAL_APPROACH,0.0,0.0,0.0,False
a52c3b-0-46067da99a65,FINAL_APPROACH,FINAL_APPROACH,0.0,0.0,0.0,False
Dec 30 2025-acd43b-1767094436.02-1767096559.69-559-9ba4d9f523d3,FINAL_APPROACH,FINAL_APPROACH,0.2363086698200463,0.0,0.2363086698200463,False
a5124c-0-3ddff749d68b,FINAL_APPROACH,FINAL_APPROACH,0.09766783246930962,0.0,0.09766783246930962,False
Dec 27 2025-adbdc9-1766845841.28-1766847024.29-2986-130f9b494846,FINAL_APPROACH,FINAL_APPROACH,0.0,0.0,0.0,False
a3f88e-0-b4ee461455b9,FINAL_APPROACH,FINAL_APPROACH,0.16267130569049626,0.0,0.16267130569049626,False
Dec 27 2025-a7e509-1766837258.62-1766838273.18-116-6a1dc8a7d40b,FINAL_APPROACH,INTERMEDIATE_APPROACH,0.3501605728622273,0.0,0.5058069999009206,False
Dec 27 2025-a6c2ff-1766857578.27-1766858969.35-3762-31cffc775311,FINAL_APPROACH,INTERMEDIATE_APPROACH,0.25568940821929054,0.0,0.7355695525697161,False
a402dd-0-82d2cbd9ee31,FINAL_APPROACH,FINAL_APPROACH,0.0,0.0,0.0,False
a4bbcb-0-1f2712a4299d,FINAL_APPROACH,FINAL_APPROACH,0.0,0.0,0.0,False
Dec 30 2025-a5477c-1767126618.09-1767130728.65-1133-147822d2a8fd,FINAL_APPROACH,FINAL_APPROACH,0.0,0.0,0.0,False
a924fc-0-d38674f2a40e,FINAL_APPROACH,FINAL_APPROACH,0.19465764109198086,0.0,0.19465764109198086,False
Dec 28 2025-a38c66-1766886589.61-1766887489.24-1191-cfa9c4b162a2,FINAL_APPROACH,FINAL_APPROACH,0.19505528894061724,0.0,0.19505528894061724,False
Dec 28 2025-a433d1-1766954697.64-1766956149.09-2500-78940968ed15,FINAL_APPROACH,INTERMEDIATE_APPROACH,0.20530781661832095,0.0,0.22122555872547042,False
Dec 27 2025-ad2efa-1766843509.96-1766844680.29-3690-c24c843c3f21,FINAL_APPROACH,FINAL_APPROACH,0.21894294518239663,0.0,0.21894294518239663,False
Dec 27 2025-a4a0b4-1766867106.99-1766868157.73-2640-3ce4029cea6c,FINAL_APPROACH,FINAL_APPROACH,0.13527956302944594,0.0,0.13527956302944594,False
ac01d3-0-398b4036416b,FINAL_APPROACH,FINAL_APPROACH,0.13670379029159493,0.0,0.13670379029159493,False
780a70-0-a43f65259448,FINAL_APPROACH,FINAL_APPROACH,0.1876530974507222,0.0,0.1876530974507222,False
e80244-0-84903a5ae39d,FINAL_APPROACH,INTERMEDIATE_APPROACH,0.44309213621861193,0.0,0.49878013183437886,False
ac088e-0-6ab68c327c44,FINAL_APPROACH,FINAL_APPROACH,0.0,0.0,0.0,False
Dec 28 2025-a5b59d-1766884562.24-1766885668.96-1873-8399b123815d,FINAL_APPROACH,FINAL_APPROACH,0.0,0.0,0.0,False
abe0df-0-431c07324560,FINAL_APPROACH,FINAL_APPROACH,0.0,0.0,0.0,False
a80f63-0-53d74a4b4732,FINAL_APPROACH,INTERMEDIATE_APPROACH,0.2919492176648638,0.0,0.3204186268676531,False
Dec 28 2025-a28f80-1766881230.67-1766882374.41-1498-a0288fa7fd38,FINAL_APPROACH,FINAL_APPROACH,0.21621557482049364,0.0,0.21621557482049364,False
Dec 29 2025-a41f0b-1767038878.48-1767040339.48-74-bfb96c925043,FINAL_APPROACH,INTERMEDIATE_APPROACH,1.031054495366661,-1.0,2.1277488140939447,True
Dec 27 2025-a3fb6f-1766872309.85-1766873302.99-1606-4a320c1de9ca,FINAL_APPROACH,FINAL_APPROACH,0.23205532701168394,0.0,0.23205532701168394,False
Dec 28 2025-a48356-1766953369.07-1766954475.14-1016-1436491db15e,FINAL_APPROACH,FINAL_APPROACH,0.18210582840516684,0.0,0.18210582840516684,False
Dec 27 2025-a87cbb-1766810873.5-1766811898.08-2780-e464a79df22c,FINAL_APPROACH,INTERMEDIATE_APPROACH,0.2528802743626298,0.0,0.25452569846838574,False
Dec 28 2025-a963b6-1766893538.31-1766894331.66-2201-f6cbe90c8d2e,FINAL_APPROACH,INTERMEDIATE_APPROACH,0.18054270911456097,0.0,0.23378826066116581,False
Dec 28 2025-a3fb3a-1766882629.13-1766884115.63-688-507605d7b41d,FINAL_APPROACH,FINAL_APPROACH,0.0,0.0,0.0,False
Dec 28 2025-a042d5-1766950893.87-1766952144.38-2548-1dfbe6f91fce,FINAL_APPROACH,FINAL_APPROACH,0.16630925335366328,0.0,0.16630925335366328,False
a46304-0-5aa43448b78a,FINAL_APPROACH,INTERMEDIATE_APPROACH,0.2549032077980121,0.0,0.3320656041072329,False
Dec 27 2025-ad479d-1766846853.54-1766847915.12-2292-928f6f1c4034,FINAL_APPROACH,FINAL_APPROACH,0.1052658647189002,0.0,0.1052658647189002,False
a01b04-0-43e43e08d9bc,FINAL_APPROACH,INTERMEDIATE_APPROACH,0.4120045287914039,0.0,0.5974578744597785,False
a466c7-0-c71820f34eb0,FINAL_APPROACH,FINAL_APPROACH,0.0,0.0,0.0,False
a37a02-0-a2025837bd87,FINAL_APPROACH,FINAL_APPROACH,0.22361228624452917,0.0,0.22361228624452917,False
Dec 28 2025-ac9709-1766961255.46-1766962325.72-126-ada574c39371,FINAL_APPROACH,INTERMEDIATE_APPROACH,0.27931584504976464,0.0,0.33629754922506977,False
Dec 28 2025-a417c9-1766887474.55-1766888601.72-2418-344e4591b245,FINAL_APPROACH,FINAL_APPROACH,0.09697211074175505,0.0,0.09697211074175505,False
Dec 29 2025-ab58b2-1767009630.13-1767010742.17-1303-a8c9fa154a98,FINAL_APPROACH,FINAL_APPROACH,0.0,0.0,0.0,False
a7aa04-0-29b80590e419,FINAL_APPROACH,INTERMEDIATE_APPROACH,0.3014133465617205,0.0,0.5451907247464829,False
Dec 27 2025-a8ae7f-1766842104.6-1766843213.36-1835-51fcbe257540,FINAL_APPROACH,FINAL_APPROACH,0.0,0.0,0.0,False
c080ac-0-2d274b6e8f0e,FINAL_APPROACH,FINAL_APPROACH,0.0,0.0,0.0,False
a952c3-0-2089ef584cc4,FINAL_APPROACH,INTERMEDIATE_APPROACH,0.5382972976943884,0.0,1.055155561446374,True
a384f2-0-dfcd2e6092d5,FINAL_APPROACH,FINAL_APPROACH,0.21987137816438526,0.0,0.21987137816438526,False
Dec 28 2025-acd486-1766881231.48-1766882294.05-1571-1914c314919c,FINAL_APPROACH,FINAL_APPROACH,0.09923469481188259,0.0,0.09923469481188259,False
Dec 30 2025-a5fb31-1767137875.65-1767139198.25-476-bf1667c03dbd,FINAL_APPROACH,INTERMEDIATE_APPROACH,0.2170061398490582,0.0,0.4094749799760122,False
ada526-0-89a0dac2cf18,FINAL_APPROACH,FINAL_APPROACH,0.0,0.0,0.0,False
a438cb-0-7221f079f928,FINAL_APPROACH,FINAL_APPROACH,0.0,0.0,0.0,False
Dec 27 2025-a6e9cd-1766859464.76-1766866221.99-3030-e349b7fead79,FINAL_APPROACH,INTERMEDIATE_APPROACH,0.3569106945425357,0.0,0.4727900503187927,False
Dec 30 2025-a2b19f-1767108790.28-1767109926.41-1420-76293c78f965,FINAL_APPROACH,INTERMEDIATE_APPROACH,0.3164219714878497,0.0,0.8729822160679064,False
a8de56-0-f735d27bd891,FINAL_APPROACH,FINAL_APPROACH,0.0,0.0,0.0,False
ab38aa-0-a56e4992215b,FINAL_APPROACH,FINAL_APPROACH,0.19013646178066432,0.0,0.19013646178066432,False
Dec 27 2025-ad18b0-1766854416.9-1766855557.81-2592-e68921edf875,FINAL_APPROACH,FINAL_APPROACH,0.0,0.0,0.0,False
Dec 28 2025-a37aa3-1766954454.4-1766955508.48-1949-7aaf7ac40c67,FINAL_APPROACH,FINAL_APPROACH,0.1883706115597856,0.0,0.1883706115597856,False
Dec 28 2025-ad63f7-1766920559.42-1766921471.53-3006-9f3bf5b142c3,FINAL_APPROACH,FINAL_APPROACH,0.18876155178426818,0.0,0.18876155178426818,False
a375f1-0-cf7c50581463,FINAL_APPROACH,INTERMEDIATE_APPROACH,0.3649166422705474,0.0,0.6599441021381637,False
Dec 28 2025-a28f80-1766948823.92-1766950379.02-1502-c3d4458771ec,FINAL_APPROACH,FINAL_APPROACH,0.0,0.0,0.0,False
Dec 28 2025-a06e0b-1766961433.15-1766962486.0-141-e91834dca5b4,FINAL_APPROACH,FINAL_APPROACH,0.3227709171210677,0.0,0.3227709171210677,False
Dec 27 2025-a45072-1766856456.23-1766857478.97-1653-83269155e293,FINAL_APPROACH,FINAL_APPROACH,0.15463175006812058,0.0,0.15463175006812058,False
Dec 27 2025-a3b414-1766848762.63-1766849770.25-308-ef629518e2f1,FINAL_APPROACH,FINAL_APPROACH,0.0,0.0,0.0,False
a11aa7-0-a90f2b30600c,FINAL_APPROACH,INTERMEDIATE_APPROACH,0.5065874093526881,0.0,0.5567185576407071,False
ab82d0-0-dd29eeb7ff26,FINAL_APPROACH,INTERMEDIATE_APPROACH,0.3725237628064055,0.0,1.0339087016611714,True
Dec 27 2025-aa9ad9-1766853388.64-1766854623.04-3204-6d9f907ff410,FINAL_APPROACH,FINAL_APPROACH,0.10962296515634644,0.0,0.10962296515634644,False
Dec 27 2025-a40d8d-1766800530.42-1766801596.05-2015-7352a67e6401,FINAL_APPROACH,FINAL_APPROACH,0.19128735618257278,0.0,0.19128735618257278,False
Dec 27 2025-acad53-1766794737.04-1766795847.71-1239-82f5be03ec74,FINAL_APPROACH,FINAL_APPROACH,0.22921690143700033,0.0,0.22921690143700033,False
a01f0d-0-775943da0d25,FINAL_APPROACH,FINAL_APPROACH,0.0,0.0,0.0,False
c02e8f-0-6e4193abd4e7,FINAL_APPROACH,FINAL_APPROACH,0.0,0.0,0.0,False
Dec 27 2025-a8f9a3-1766871715.59-1766872849.7-2375-fd3d95109c06,FINAL_APPROACH,FINAL_APPROACH,0.0,0.0,0.0,False
a88f1b-0-86e17f6280a2,FINAL_APPROACH,INTERMEDIATE_APPROACH,0.41873664185825293,0.0,0.5381393155119685,False
a423d7-0-da892ade10c6,FINAL_APPROACH,FINAL_APPROACH,0.0,0.0,0.0,False
Dec 27 2025-899082-1766855542.48-1766856776.89-1890-d2b7385f3aa2,FINAL_APPROACH,FINAL_APPROACH,0.0,0.0,0.0,False
Dec 28 2025-ab6ba6-1766954057.52-1766955406.09-2004-1b2de2c650dc,FINAL_APPROACH,FINAL_APPROACH,0.13780886268718937,0.0,0.13780886268718937,False
Dec 28 2025-a0267b-1766952933.74-1766954060.02-1442-aa0d03d00423,FINAL_APPROACH,FINAL_APPROACH,0.1463618755996161,0.0,0.1463618755996161,False
a2680f-0-a69bbfdf84b7,FINAL_APPROACH,FINAL_APPROACH,0.1730855053030978,0.0,0.1730855053030978,False
Dec 27 2025-a17c12-1766869382.21-1766870314.83-263-5a460e295752,FINAL_APPROACH,FINAL_APPROACH,0.0,0.0,0.0,False
ac058a-0-d5066d691744,INITIAL_APPROACH,INITIAL_APPROACH,0.0,0.0,0.0,False
Dec 28 2025-ac3477-1766953613.19-1766954739.32-1387-d27d6c202b01,INITIAL_APPROACH,INITIAL_APPROACH,0.18711856121546142,0.0,0.18711856121546142,False
Dec 27 2025-a8de33-1766875309.8-1766876771.86-709-38c8c32e3ef7,INITIAL_APPROACH,INITIAL_APPROACH,0.0,0.0,0.0,False
Dec 28 2025-a3f3dc-1766962048.77-1766963036.63-2645-9751f285d4c5,INITIAL_APPROACH,INITIAL_APPROACH,0.0,0.0,0.0,False
Dec 27 2025-a6a347-1766875801.81-1766877135.56-1026-f0819f107bbc,INITIAL_APPROACH,INITIAL_APPROACH,0.3684641409615131,0.0,0.3684641409615131,False
Dec 30 2025-a5d68e-1767115461.56-1767117928.56-1257-f4d4220e8952,INITIAL_APPROACH,INTERMEDIATE_APPROACH,0.374349007978497,0.0,2.0335559325542696,True
Dec 28 2025-ad3fde-1766880924.13-1766882041.97-2685-222edd902f4c,INITIAL_APPROACH,INITIAL_APPROACH,0.0,0.0,0.0,False
Dec 27 2025-a33339-1766872777.79-1766873815.68-801-2bdcebdfcec6,INITIAL_APPROACH,INITIAL_APPROACH,0.0,0.0,0.0,False
ad5679-0-8ab8ff68d5b3,INITIAL_APPROACH,INITIAL_APPROACH,1.2034760612445756,-1.0,1.2034760612445756,True
Dec 29 2025-adfe7b-1767038058.96-1767039273.1-923-0a95d8805b34,INITIAL_APPROACH,INITIAL_APPROACH,0.832618786320853,0.0,0.832618786320853,False
Dec 28 2025-a924fc-1766964456.99-1766965554.85-3063-1ec4da1e178b,INITIAL_APPROACH,INITIAL_APPROACH,0.24621638631265297,0.0,0.24621638631265297,False
Dec 28 2025-a39017-1766933430.74-1766934374.44-310-02088dad64b2,INITIAL_APPROACH,INITIAL_APPROACH,0.0,0.0,0.0,False
Dec 27 2025-ab5afe-1766810319.23-1766811590.18-3756-79698296762e,INITIAL_APPROACH,INITIAL_APPROACH,0.0,0.0,0.0,False
a88752-0-3c9d73825a1f,INITIAL_APPROACH,INITIAL_APPROACH,0.0,0.0,0.0,False
a697db-0-174befe78549,INITIAL_APPROACH,INITIAL_APPROACH,0.0,0.0,0.0,False
a996e1-0-f25eacf9faf2,INITIAL_APPROACH,INITIAL_APPROACH,0.0,0.0,0.0,False
Dec 28 2025-c03c04-1766951906.76-1766953169.89-76-234668f74195,INITIAL_APPROACH,INITIAL_APPROACH,0.0,0.0,0.0,False
acd1f6-0-d0ba2926c0f3,INITIAL_APPROACH,INITIAL_APPROACH,0.0,0.0,0.0,False
Dec 27 2025-a66ce0-1766861711.92-1766862970.11-3317-e33ff3e8fcde,INITIAL_APPROACH,INITIAL_APPROACH,0.0,0.0,0.0,False
Dec 28 2025-a4a0d9-1766927851.58-1766929231.61-2603-a2c43f857459,INITIAL_APPROACH,INITIAL_APPROACH,0.0,0.0,0.0,False
Dec 28 2025-acc5fb-1766915412.89-1766916449.0-3052-c5023e6d5f80,INITIAL_APPROACH,INITIAL_APPROACH,0.25042320148687924,0.0,0.25042320148687924,False
Dec 29 2025-a7d6a8-1766972088.84-1766973058.11-1225-4a0853dd50aa,INITIAL_APPROACH,INITIAL_APPROACH,0.0,0.0,0.0,False
a06f83-0-4436c6a940db,INITIAL_APPROACH,INITIAL_APPROACH,0.0,0.0,0.0,False
Dec 27 2025-abd971-1766810207.08-1766811361.22-1645-6a8ef5b52f2b,INITIAL_APPROACH,INITIAL_APPROACH,0.22569342180450988,0.0,0.22569342180450988,False
40771a-0-de4a4e14e997,INITIAL_APPROACH,INITIAL_APPROACH,0.0,0.0,0.0,False
Dec 27 2025-a12e80-1766875101.52-1766876149.64-1844-64821f8aa0a2,INITIAL_APPROACH,INITIAL_APPROACH,0.0,0.0,0.0,False
acdde3-0-c06c42ed1d23,INITIAL_APPROACH,INITIAL_APPROACH,0.35858685198530493,0.0,0.35858685198530493,False
Dec 27 2025-ab9a32-1766795035.57-1766796187.68-701-b466653ee5e6,INITIAL_APPROACH,INITIAL_APPROACH,0.0,0.0,0.0,False
Dec 27 2025-ad14a8-1766851757.13-1766852932.14-2469-ac58435da872,INITIAL_APPROACH,INITIAL_APPROACH,0.0,0.0,0.0,False
a4462e-0-9bf1a0a72f41,INITIAL_APPROACH,INITIAL_APPROACH,0.0,0.0,0.0,False
a27920-0-2d467c43f58b,INITIAL_APPROACH,INITIAL_APPROACH,0.0,0.0,0.0,False
Dec 28 2025-ac30c0-1766927406.47-1766928457.79-2341-a03e30090273,INITIAL_APPROACH,INITIAL_APPROACH,0.2000238632911833,0.0,0.2000238632911833,False
Dec 28 2025-a4462e-1766934269.79-1766935323.09-562-2d7e44dc912f,INITIAL_APPROACH,INITIAL_APPROACH,0.4426936928663508,0.0,0.4426936928663508,False
Dec 27 2025-a4e35f-1766869827.82-1766870813.04-1365-acd6295f0f8e,INITIAL_APPROACH,INITIAL_APPROACH,0.0,0.0,0.0,False
Dec 28 2025-ac27f0-1766880975.2-1766882106.95-2925-afe851fcf87e,INITIAL_APPROACH,INITIAL_APPROACH,0.26513682455403254,0.0,0.26513682455403254,False
Dec 27 2025-a7e509-1766837258.62-1766838273.18-116-fa8a4a633053,INITIAL_APPROACH,INITIAL_APPROACH,0.0,0.0,0.0,False
Dec 28 2025-a44e18-1766939280.87-1766940402.42-322-c9a7e873576a,INITIAL_APPROACH,INITIAL_APPROACH,0.40868610866997435,0.0,0.40868610866997435,False
Dec 27 2025-a28f80-1766841461.67-1766842760.26-1847-a5d677dcdbdd,INITIAL_APPROACH,INITIAL_APPROACH,0.19490947291376745,0.0,0.19490947291376745,False
Dec 28 2025-aa01b5-1766953870.05-1766955563.83-2188-495dacb5d881,INITIAL_APPROACH,INITIAL_APPROACH,0.0,2.0,0.0,False
Dec 28 2025-a39e6b-1766948866.21-1766949932.78-1257-e6efb64e58f7,INITIAL_APPROACH,INITIAL_APPROACH,0.0,0.0,0.0,False
a348a1-0-ea95fdf4c84b,INITIAL_APPROACH,INITIAL_APPROACH,0.0,0.0,0.0,False
Dec 30 2025-acb4f9-1767126207.69-1767128801.86-2147-30d3500083e3,INITIAL_APPROACH,INTERMEDIATE_APPROACH,0.2001120866842744,0.0,0.28273223796493907,False
Dec 27 2025-aaffed-1766830708.05-1766831712.49-3515-1d2ba98a3b73,INITIAL_APPROACH,INITIAL_APPROACH,0.0,0.0,0.0,False
ac07dc-0-bb7f89ae208d,INITIAL_APPROACH,INITIAL_APPROACH,0.0,0.0,0.0,False
a8cec7-0-63a62862f95f,INITIAL_APPROACH,INITIAL_APPROACH,0.0,0.0,0.0,False
Dec 28 2025-a45f8e-1766931912.53-1766933050.64-1672-784414df0123,INITIAL_APPROACH,INITIAL_APPROACH,0.28637510933168453,0.0,0.28637510933168453,False
Dec 27 2025-a9d66c-1766821360.05-1766822508.3-1577-c3c740667c4f,INITIAL_APPROACH,INITIAL_APPROACH,0.0,0.0,0.0,False
a8c802-0-b8902eb12f57,INITIAL_APPROACH,INITIAL_APPROACH,0.0,0.0,0.0,False
4bb1a5-0-69672f996cce,INITIAL_APPROACH,INITIAL_APPROACH,0.0,0.0,0.0,False
Dec 30 2025-ad5ca3-1767107930.0-1767109209.54-1471-ce87b74e2e81,INITIAL_APPROACH,INITIAL_APPROACH,0.2132588059241912,0.0,0.2132588059241912,False
3c4a04-0-6c06d29605bd,INITIAL_APPROACH,INITIAL_APPROACH,0.0,0.0,0.0,False
a9a465-0-999e6de307d2,INITIAL_APPROACH,INITIAL_APPROACH,0.9613858392354072,0.0,0.9613858392354072,False
ab12b0-0-0ccc1fc05572,INITIAL_APPROACH,INITIAL_APPROACH,0.0,0.0,0.0,False
e80244-0-b055ed00ae60,INITIAL_APPROACH,INITIAL_APPROACH,0.0,0.0,0.0,False
Dec 27 2025-ad5fea-1766795175.01-1766796638.37-3472-1a9e96b8c13b,INITIAL_APPROACH,INITIAL_APPROACH,0.0,0.0,0.0,False
Dec 27 2025-a7dadc-1766796257.67-1766797443.18-3247-6286dd071937,INITIAL_APPROACH,INITIAL_APPROACH,0.0,0.0,0.0,False
a31b38-0-d59b04df9795,INITIAL_APPROACH,INITIAL_APPROACH,0.0,0.0,0.0,False
Dec 27 2025-a6a347-1766875801.81-1766877135.56-1026-0736a144f666,INITIAL_APPROACH,INITIAL_APPROACH,0.0,0.0,0.0,False
Dec 28 2025-a37aa3-1766954454.4-1766955508.48-1949-367e44109316,INITIAL_APPROACH,INITIAL_APPROACH,0.0,0.0,0.0,False
Dec 27 2025-a9cff8-1766857344.1-1766858653.0-3657-00277fbeff9f,INITIAL_APPROACH,INITIAL_APPROACH,0.0,0.0,0.0,False
Dec 27 2025-a49206-1766803168.74-1766804158.68-85-28d82e93bdc3,INITIAL_APPROACH,INITIAL_APPROACH,0.0,0.0,0.0,False
Dec 28 2025-a0267b-1766952933.74-1766954060.02-1442-7009f345294a,INITIAL_APPROACH,INITIAL_APPROACH,0.0,0.0,0.0,False
ac39e3-0-8095bb5e269c,INITIAL_APPROACH,INITIAL_APPROACH,0.7355913535914101,1.0,0.7355913535914101,False
Dec 28 2025-a39e6b-1766922678.85-1766923727.44-1255-5eb4120fdd82,INITIAL_APPROACH,INITIAL_APPROACH,0.0,0.0,0.0,False
ad2b43-0-12d1551b96fd,INITIAL_APPROACH,INITIAL_APPROACH,0.22949573001137358,0.0,0.22949573001137358,False
Dec 28 2025-ad3c78-1766930390.88-1766931579.27-1402-2e1386cf4d36,INITIAL_APPROACH,INITIAL_APPROACH,0.0,0.0,0.0,False
a894b5-0-621e505b9877,INITIAL_APPROACH,INITIAL_APPROACH,0.0,0.0,0.0,False
a09961-0-08797852d86f,INITIAL_APPROACH,INITIAL_APPROACH,0.0,0.0,0.0,False
Dec 30 2025-a0cba9-1767126895.53-1767128208.05-1527-336bdbd2eac6,INITIAL_APPROACH,INITIAL_APPROACH,0.0,0.0,0.0,False
acaa77-0-9672f99546e4,INITIAL_APPROACH,INITIAL_APPROACH,0.0,0.0,0.0,False
a539c9-0-29177378e804,INITIAL_APPROACH,INITIAL_APPROACH,0.0,0.0,0.0,False
Dec 27 2025-ac57f9-1766866542.55-1766867514.52-3673-9a7a1e66e52a,INITIAL_APPROACH,INITIAL_APPROACH,0.0,0.0,0.0,False
a4418d-0-5f7373dc8a57,INITIAL_APPROACH,INITIAL_APPROACH,0.0,0.0,0.0,False
ad01ab-0-721d8bc80151,INITIAL_APPROACH,INITIAL_APPROACH,0.0,0.0,0.0,False
Dec 30 2025-a79b38-1767061555.79-1767063335.34-529-28ec20989967,INITIAL_APPROACH,INITIAL_APPROACH,0.0,0.0,0.0,False
a39dca-0-9fd85db8609a,INITIAL_APPROACH,INITIAL_APPROACH,0.0,0.0,0.0,False
Dec 28 2025-ace9ba-1766963433.36-1766964542.71-2269-e0e4f76b6d24,INITIAL_APPROACH,INITIAL_APPROACH,0.36317490629690524,0.0,0.36317490629690524,False
a8fe5d-0-d69f912824d0,INITIAL_APPROACH,INITIAL_APPROACH,0.0,0.0,0.0,False
Dec 27 2025-ac685d-1766840450.85-1766841856.12-1347-640ad9de87b7,INITIAL_APPROACH,INITIAL_APPROACH,0.0,0.0,0.0,False
ac0417-0-fd74037dd113,INITIAL_APPROACH,INITIAL_APPROACH,0.4882580663483749,0.0,0.4882580663483749,False
Dec 28 2025-a88752-1766959896.27-1766961083.84-977-b939153b0ae1,INITIAL_APPROACH,INITIAL_APPROACH,0.0,0.0,0.0,False
a6b94a-0-62eac59af1af,INITIAL_APPROACH,INITIAL_APPROACH,0.0,0.0,0.0,False
abadc0-0-06206e3ba146,INITIAL_APPROACH,INITIAL_APPROACH,0.0,0.0,0.0,False
06a12f-0-2770c57ee43c,INITIAL_APPROACH,INITIAL_APPROACH,0.0,0.0,0.0,False
Dec 27 2025-a4a484-1766800623.66-1766802040.03-1911-1c39544c7394,INITIAL_APPROACH,INITIAL_APPROACH,0.40004773601733185,0.0,0.40004773601733185,False
a99e09-0-23b760a64720,INITIAL_APPROACH,INITIAL_APPROACH,0.2580348240501943,0.0,0.2580348240501943,False
a3117c-0-eb4b6310a9b3,INITIAL_APPROACH,INITIAL_APPROACH,0.0,0.0,0.0,False
Dec 28 2025-ab400f-1766932632.97-1766933786.01-197-7b662c230014,INITIAL_APPROACH,INITIAL_APPROACH,0.0,0.0,0.0,False
a482fc-0-40137ad541d1,INITIAL_APPROACH,INITIAL_APPROACH,0.0,0.0,0.0,False
Dec 28 2025-a42020-1766882710.65-1766883883.25-389-8ec01c7a7501,INITIAL_APPROACH,INITIAL_APPROACH,0.0,0.0,0.0,False
Dec 28 2025-a97dcb-1766890255.14-1766891265.33-2457-dd697879c9f8,INITIAL_APPROACH,INITIAL_APPROACH,0.1985016934041568,0.0,0.1985016934041568,False
Dec 30 2025-a26077-1767135875.64-1767137378.85-1095-84325c5b7b54,INITIAL_APPROACH,INITIAL_APPROACH,2.4114226390440443,-1.0,2.4114226390440443,True
Dec 27 2025-ad8f18-1766846568.39-1766847740.8-380-92a7fe86f5bc,INITIAL_APPROACH,INITIAL_APPROACH,0.19469388127401813,0.0,0.19469388127401813,False
Dec 28 2025-a613e7-1766944815.54-1766945906.29-2797-a86c20aa9380,INITIAL_APPROACH,INITIAL_APPROACH,0.0,0.0,0.0,False
abb440-0-47fec02127b3,INITIAL_APPROACH,INITIAL_APPROACH,0.0,0.0,0.0,False
Dec 29 2025-a15c01-1766967922.78-1766969146.32-14-1982a183089c,INITIAL_APPROACH,INITIAL_APPROACH,0.2458291934043047,0.0,0.2458291934043047,False
ad14f9-0-e5dfc441e9ee,INITIAL_APPROACH,INITIAL_APPROACH,0.0,0.0,0.0,False
Dec 28 2025-ac21e4-1766884738.34-1766886013.9-2765-4476649de301,INITIAL_APPROACH,INITIAL_APPROACH,0.0,0.0,0.0,False
Dec 27 2025-a788d3-1766873921.73-1766874967.75-3100-31a8a25af0a8,INITIAL_APPROACH,INITIAL_APPROACH,0.0,0.0,0.0,False
a3a8ef-0-ed1a11012586,INITIAL_APPROACH,INITIAL_APPROACH,0.0,0.0,0.0,False
Dec 27 2025-a8d5db-1766800334.57-1766801848.58-3231-afbdc85d7501,INITIAL_APPROACH,INITIAL_APPROACH,0.390473591273124,0.0,0.390473591273124,False
ad87aa-0-63c172d99887,INITIAL_APPROACH,INITIAL_APPROACH,0.2506747389697751,0.0,0.2506747389697751,False
Dec 28 2025-a1dcf2-1766881601.46-1766882803.94-2936-c6bd27254716,INITIAL_APPROACH,INITIAL_APPROACH,0.421886196528664,0.0,0.421886196528664,False
Dec 27 2025-a3ec93-1766860568.88-1766861645.73-2120-1ed23ee24271,INITIAL_APPROACH,INITIAL_APPROACH,0.3384110822438631,0.0,0.3384110822438631,False
acb10a-0-f6bce9f89998,INITIAL_APPROACH,INITIAL_APPROACH,0.0,0.0,0.0,False
Dec 28 2025-c080a2-1766922186.96-1766924678.92-1946-1d41da376625,INITIAL_APPROACH,INITIAL_APPROACH,0.0,0.0,0.0,False
a47cd1-0-4651edb3a586,INITIAL_APPROACH,INITIAL_APPROACH,0.0,0.0,0.0,False
Dec 28 2025-a26c12-1766965569.93-1766966398.4-239-8fafa347389d,INITIAL_APPROACH,INITIAL_APPROACH,0.0,0.0,0.0,False
a3a9b6-0-4d41b4702ac8,INITIAL_APPROACH,INITIAL_APPROACH,0.28299454579326244,0.0,0.28299454579326244,False
Dec 28 2025-a2e28f-1766926413.24-1766927911.06-1689-fbe6c1031afc,INITIAL_APPROACH,INITIAL_APPROACH,0.0,0.0,0.0,False
Dec 28 2025-39d2ae-1766958777.11-1766959813.25-2083-01fc99be94bc,INITIAL_APPROACH,INITIAL_APPROACH,0.4380307600250357,0.0,0.4380307600250357,False
Dec 27 2025-ac5723-1766865588.95-1766866647.05-517-17717002e7b7,INITIAL_APPROACH,INITIAL_APPROACH,0.0,0.0,0.0,False
Dec 27 2025-ad4b54-1766801863.02-1766802774.87-1258-6069ffa1b70d,INITIAL_APPROACH,INITIAL_APPROACH,0.0,0.0,0.0,False
Dec 28 2025-a4a484-1766881187.98-1766882131.2-1556-ad92340f4678,INITIAL_APPROACH,INITIAL_APPROACH,0.0,0.0,0.0,False
c00b8a-0-548b5ba6949e,INITIAL_APPROACH,INITIAL_APPROACH,0.0,0.0,0.0,False
Dec 27 2025-ad23d5-1766878682.02-1766879864.15-3155-14b162ee1afa,INITIAL_APPROACH,INITIAL_APPROACH,0.6913894674014016,0.0,0.6913894674014016,False
a437c0-0-7062920bedd8,INITIAL_APPROACH,INITIAL_APPROACH,0.0,0.0,0.0,False
Dec 28 2025-a57171-1766886445.49-1766887581.64-1332-421faaf0a19b,INITIAL_APPROACH,INITIAL_APPROACH,0.0,1.0,0.0,False
Dec 27 2025-acf0e0-1766859256.38-1766860237.95-3329-fe83409bb7d2,INITIAL_APPROACH,INITIAL_APPROACH,0.0,0.0,0.0,False
Dec 27 2025-a5d648-1766846199.38-1766847136.27-1051-a8a1e692d113,INITIAL_APPROACH,INITIAL_APPROACH,0.0,0.0,0.0,False
a5e041-0-5756e1147450,INITIAL_APPROACH,INTERMEDIATE_APPROACH,0.5764070105927023,0.0,1.8707292482885363,True
Dec 28 2025-a4ace1-1766881768.33-1766882985.22-2716-8dd61a9d5256,INITIAL_APPROACH,INITIAL_APPROACH,0.0,0.0,0.0,False
Dec 27 2025-ab4866-1766833078.32-1766834163.83-1499-3d5026deddc2,INITIAL_APPROACH,INITIAL_APPROACH,0.1599477967386351,0.0,0.1599477967386351,False
Dec 27 2025-a486b3-1766864659.18-1766865721.7-2622-e444ad912c44,INITIAL_APPROACH,INITIAL_APPROACH,0.0,0.0,0.0,False
a423d7-0-a2b6430679f3,INITIAL_APPROACH,INTERMEDIATE_APPROACH,0.5810057392806426,0.0,0.6402972419518629,False
Dec 27 2025-ace9ba-1766855656.58-1766856695.08-2769-350f37ff1766,INITIAL_APPROACH,INITIAL_APPROACH,0.0,0.0,0.0,False
a31b38-0-7af9798e194d,INITIAL_APPROACH,INITIAL_APPROACH,1.8135496118997159,-1.0,1.8135496118997159,True
ac76f2-0-54205ee6e42c,INITIAL_APPROACH,INITIAL_APPROACH,0.0,0.0,0.0,False
Dec 28 2025-a445f8-1766888601.39-1766889814.41-3015-260b798c5ce1,INITIAL_APPROACH,INITIAL_APPROACH,0.0,0.0,0.0,False
abadc0-0-5f26ccc88a8a,INITIAL_APPROACH,INITIAL_APPROACH,0.0,0.0,0.0,False
ac30c0-0-c7b5d2f9026b,INITIAL_APPROACH,INITIAL_APPROACH,0.0,0.0,0.0,False
a437ce-0-1181d51693e4,INITIAL_APPROACH,INITIAL_APPROACH,0.0,0.0,0.0,False
40771a-0-3c803692d38b,INITIAL_APPROACH,INITIAL_APPROACH,0.36251664399651784,0.0,0.36251664399651784,False
a49206-0-f9cb06fc1b4c,INITIAL_APPROACH,INITIAL_APPROACH,0.0,0.0,0.0,False
Dec 27 2025-ab482b-1766864731.8-1766866240.16-618-ba9673c50d2b,INITIAL_APPROACH,INTERMEDIATE_APPROACH,1.271919394288801,-1.0,1.8308862585081445,True
a4c34c-0-b6782cb5b81d,INITIAL_APPROACH,INITIAL_APPROACH,0.0,0.0,0.0,False
Dec 28 2025-a2b7cd-1766932940.14-1766934125.54-2471-cc0c9a50f45b,INITIAL_APPROACH,INITIAL_APPROACH,0.0,0.0,0.0,False
Dec 28 2025-a486b3-1766939917.32-1766941110.33-2146-a7b54869aba4,INITIAL_APPROACH,INITIAL_APPROACH,0.19571340031029044,0.0,0.19571340031029044,False
Dec 27 2025-4851b0-1766857006.18-1766858065.27-2576-9991c573a4bd,INITIAL_APPROACH,INITIAL_APPROACH,0.0,0.0,0.0,False
Dec 28 2025-ad0919-1766952355.7-1766953457.67-334-bebf0734536d,INITIAL_APPROACH,INITIAL_APPROACH,0.0,0.0,0.0,False
ad2384-0-155ac1218a91,INITIAL_APPROACH,INITIAL_APPROACH,0.0,0.0,0.0,False
Dec 28 2025-a44db3-1766930870.31-1766932052.77-2140-2755276a154a,INITIAL_APPROACH,INITIAL_APPROACH,0.0,0.0,0.0,False
Dec 28 2025-a86d36-1766955492.13-1766956717.88-654-f32331497aa7,INITIAL_APPROACH,INITIAL_APPROACH,0.0,0.0,0.0,False
Dec 28 2025-aaf111-1766964288.38-1766965215.29-228-8d18867e3e26,INITIAL_APPROACH,INITIAL_APPROACH,0.20970239779259256,0.0,0.20970239779259256,False
394a03-0-f4ec70f6c7ae,INITIAL_APPROACH,INITIAL_APPROACH,0.0,0.0,0.0,False
a3133c-0-747e4043e209,INITIAL_APPROACH,INITIAL_APPROACH,0.0,0.0,0.0,False
Dec 29 2025-a486cc-1766973131.84-1766974241.38-1505-78c0d703bd71,INITIAL_APPROACH,INITIAL_APPROACH,0.0,0.0,0.0,False
Dec 28 2025-aca5e5-1766965070.64-1766966173.14-2777-b60cb8d2dd2e,INITIAL_APPROACH,INITIAL_APPROACH,0.15043357591455997,0.0,0.15043357591455997,False
Dec 28 2025-ad67ae-1766954505.0-1766955834.39-2102-23098c13ed59,INITIAL_APPROACH,INITIAL_APPROACH,0.1555929291359602,0.0,0.1555929291359602,False
Dec 28 2025-a72ca2-1766944898.28-1766946097.62-1941-1979853dc22b,INITIAL_APPROACH,INITIAL_APPROACH,0.0,0.0,0.0,False
a32acf-0-f7ebf7483d39,INITIAL_APPROACH,INITIAL_APPROACH,0.0,0.0,0.0,False
ad2384-0-6bb35194561f,INITIAL_APPROACH,INITIAL_APPROACH,0.47766545895512963,0.0,0.47766545895512963,False
abeeea-0-2e0d20f43724,INITIAL_APPROACH,INITIAL_APPROACH,0.0,0.0,0.0,False
a2396e-0-3bb8d7bec025,INITIAL_APPROACH,INITIAL_APPROACH,0.3587064986572236,0.0,0.3587064986572236,False
Dec 28 2025-a57171-1766886445.49-1766887581.64-1332-b1bef500cded,INITIAL_APPROACH,INITIAL_APPROACH,0.0,1.0,0.0,False
a72823-0-285574e594e3,INITIAL_APPROACH,INITIAL_APPROACH,0.3064727896275427,0.0,0.3064727896275427,False
Dec 27 2025-a15c01-1766794163.84-1766795580.29-15-be1cce67d0b6,INITIAL_APPROACH,INITIAL_APPROACH,0.0,0.0,0.0,False
Dec 27 2025-a336f0-1766876112.49-1766877202.09-3545-ba902339036f,INITIAL_APPROACH,INITIAL_APPROACH,0.7664559440861549,0.0,0.7664559440861549,False
Dec 27 2025-a8ae7f-1766875205.1-1766876572.4-1837-c3dc086d7a5f,INITIAL_APPROACH,INITIAL_APPROACH,0.0,0.0,0.0,False
Dec 28 2025-a94c7b-1766922314.51-1766923756.28-1446-063263e75946,INITIAL_APPROACH,INITIAL_APPROACH,0.0,0.0,0.0,False
Dec 27 2025-a28f80-1766841461.67-1766842760.26-1847-2f16649bde3c,INITIAL_APPROACH,INITIAL_APPROACH,0.11910574064716371,0.0,0.11910574064716371,False
a73ea3-0-0c79566bd0e8,INITIAL_APPROACH,INITIAL_APPROACH,1.5225759777990997,-1.0,1.5225759777990997,True
ab9387-0-7c50b8c0bc36,INITIAL_APPROACH,INITIAL_APPROACH,0.7280481433334051,3.0,0.7280481433334051,False
Dec 27 2025-aa4080-1766859376.19-1766859841.14-1866-084cde1b346c,INITIAL_APPROACH,INITIAL_APPROACH,0.7762426242457365,0.0,0.7762426242457365,False
ab3c58-0-92c20b6377ff,INITIAL_APPROACH,INITIAL_APPROACH,0.0,0.0,0.0,False
ad84db-0-f0c7ed15b7d3,INITIAL_APPROACH,INITIAL_APPROACH,0.0,0.0,0.0,False
Dec 28 2025-a40d8d-1766959914.83-1766961009.43-1665-a1368b9f07b2,INITIAL_APPROACH,INITIAL_APPROACH,0.08497396009986832,0.0,0.08497396009986832,False
a7da5f-0-ce88831ce676,INITIAL_APPROACH,INITIAL_APPROACH,0.0,0.0,0.0,False
Dec 29 2025-a508c5-1766972926.17-1766974095.96-1447-cd39ba55402c,INITIAL_APPROACH,INITIAL_APPROACH,0.0,0.0,0.0,False
abfa65-0-a5ba91762172,INITIAL_APPROACH,INITIAL_APPROACH,0.0,0.0,0.0,False
Dec 28 2025-a042d5-1766950893.87-1766952144.38-2548-26c89893a235,INITIAL_APPROACH,INITIAL_APPROACH,0.7329002207722868,0.0,0.7329002207722868,False
ad2b43-0-5176abf65089,INITIAL_APPROACH,INITIAL_APPROACH,0.0,0.0,0.0,False
06a1ec-0-81891f971bcf,INITIAL_APPROACH,INITIAL_APPROACH,0.0,0.0,0.0,False
Dec 27 2025-abb54f-1766794672.28-1766795908.84-1180-df637152b037,INITIAL_APPROACH,INITIAL_APPROACH,0.0,0.0,0.0,False
a2b151-0-138c90ad1138,INITIAL_APPROACH,INITIAL_APPROACH,0.0,0.0,0.0,False
Dec 27 2025-a451cf-1766879221.78-1766879986.03-3045-5f7fbe30edaa,INITIAL_APPROACH,INITIAL_APPROACH,0.17020276654657882,0.0,0.17020276654657882,False
Dec 27 2025-a1636e-1766858726.68-1766859660.89-1590-51d027dcab06,INITIAL_APPROACH,INITIAL_APPROACH,0.7980404765893571,0.0,0.7980404765893571,False
acad53-0-ce99f5a196be,INITIAL_APPROACH,INITIAL_APPROACH,0.0,0.0,0.0,False
aa6fca-0-783db5ba5b33,INITIAL_APPROACH,INITIAL_APPROACH,0.0,0.0,0.0,False
acfc56-0-2d32db6d9f3f,INITIAL_APPROACH,INITIAL_APPROACH,0.299819516499746,0.0,0.299819516499746,False
Dec 28 2025-a8de7d-1766885967.93-1766886991.19-1461-3d742aa361c9,INITIAL_APPROACH,INITIAL_APPROACH,0.0,0.0,0.0,False
Dec 28 2025-ab73ca-1766937327.85-1766938517.17-2440-43bf671f13e0,INITIAL_APPROACH,INITIAL_APPROACH,0.0,0.0,0.0,False
Dec 28 2025-a8df06-1766963199.38-1766964217.89-95-f119d68ef0e4,INITIAL_APPROACH,INITIAL_APPROACH,0.2609057802241818,0.0,0.2609057802241818,False
Dec 27 2025-a4a484-1766800623.66-1766802040.03-1911-ff9e54deddbf,INITIAL_APPROACH,INITIAL_APPROACH,0.5537924374265536,0.0,0.5537924374265536,False
ac8009-0-65ee385b65b7,INITIAL_APPROACH,INITIAL_APPROACH,0.0,0.0,0.0,False
e80244-0-2b4b01f95b1c,INITIAL_APPROACH,INITIAL_APPROACH,2.2834611072870663,-1.0,2.2834611072870663,True
a50e93-0-b40649ac4154,INITIAL_APPROACH,INITIAL_APPROACH,0.0,0.0,0.0,False
Dec 27 2025-0d09b9-1766863129.24-1766864341.21-2727-a5ffdce356ea,INITIAL_APPROACH,INITIAL_APPROACH,0.0,0.0,0.0,False
Dec 27 2025-a15c01-1766857710.56-1766858934.02-19-6cce1b459b68,INITIAL_APPROACH,INITIAL_APPROACH,0.0,0.0,0.0,False
Dec 29 2025-ab819c-1766973709.44-1766974832.72-1130-9ea23e9eba3d,INITIAL_APPROACH,INITIAL_APPROACH,0.0,0.0,0.0,False
Dec 28 2025-ac30c0-1766888565.23-1766889636.37-2339-f1c0d680ad82,INITIAL_APPROACH,INITIAL_APPROACH,0.0,0.0,0.0,False
Dec 28 2025-ac4cd4-1766966064.41-1766966395.56-2546-f4eb53b6d78a,INITIAL_APPROACH,INITIAL_APPROACH,0.0,0.0,0.0,False
Dec 28 2025-a46304-1766956832.47-1766957964.72-71-e3c78f3d6fdb,INITIAL_APPROACH,INITIAL_APPROACH,0.0,0.0,0.0,False
a2f6b3-0-fd6c8c30c149,INITIAL_APPROACH,INITIAL_APPROACH,0.0,0.0,0.0,False
a895f8-0-ee950d45af95,INITIAL_APPROACH,INITIAL_APPROACH,0.3766283226382189,0.0,0.3766283226382189,False
Dec 27 2025-ac2bb7-1766864589.89-1766865645.91-2701-c6fb75eb6dbe,INITIAL_APPROACH,INITIAL_APPROACH,0.0,0.0,0.0,False
a47597-0-32c49e73bbf8,INITIAL_APPROACH,INITIAL_APPROACH,0.0,0.0,0.0,False
Dec 29 2025-adabfd-1767021333.11-1767022446.12-1856-6aac67c6f52a,INITIAL_APPROACH,INITIAL_APPROACH,0.7628801078280605,1.0,0.7628801078280605,False
ac5331-0-c9ca2bd2ac2d,INITIAL_APPROACH,INITIAL_APPROACH,0.0,0.0,0.0,False
Dec 27 2025-ac66d5-1766839674.57-1766840897.52-3137-753b3c18476e,INITIAL_APPROACH,INITIAL_APPROACH,0.0,0.0,0.0,False
Dec 28 2025-71bc17-1766883574.39-1766884833.52-304-4531bba4be3c,INITIAL_APPROACH,INITIAL_APPROACH,0.16578178088914333,0.0,0.16578178088914333,False
Dec 30 2025-ad5ca3-1767107930.0-1767109209.54-1471-4b64df063b94,INITIAL_APPROACH,INITIAL_APPROACH,0.6151709757710581,0.0,0.6151709757710581,False
Dec 27 2025-acd4d7-1766848528.37-1766849495.23-3175-b2717c44874e,INITIAL_APPROACH,INITIAL_APPROACH,0.0,0.0,0.0,False
aa7a3c-0-be0912c350af,INITIAL_APPROACH,INITIAL_APPROACH,0.1687554686575956,0.0,0.1687554686575956,False
Dec 29 2025-a7b13f-1767016434.43-1767017569.15-469-c4fc9ecd047f,INITIAL_APPROACH,INITIAL_APPROACH,0.8050450279041607,0.0,0.8050450279041607,False
adbeed-0-bebb921d5b2a,INITIAL_APPROACH,INITIAL_APPROACH,0.7247738783415315,0.0,0.7247738783415315,False
Dec 27 2025-ad6fef-1766851530.1-1766852718.4-3533-2111055e6664,INITIAL_APPROACH,INITIAL_APPROACH,0.0,0.0,0.0,False
Dec 27 2025-a1dcf2-1766846822.9-1766848015.11-3566-56700ebc6127,INITIAL_APPROACH,INITIAL_APPROACH,0.37121051076820444,0.0,0.37121051076820444,False
Dec 27 2025-a12798-1766859899.29-1766861122.19-2200-d22724ebe2b8,INITIAL_APPROACH,INITIAL_APPROACH,0.0,0.0,0.0,False
ada16f-0-d995cceec833,INITIAL_APPROACH,INITIAL_APPROACH,0.0,0.0,0.0,False
Dec 27 2025-a8de33-1766839962.04-1766841512.41-707-9c6a2b212aaf,INITIAL_APPROACH,INITIAL_APPROACH,0.0,0.0,0.0,False
a3ed69-0-324312cc08a5,INITIAL_APPROACH,INITIAL_APPROACH,0.0,0.0,0.0,False
aa6fca-0-5fc706603a89,INITIAL_APPROACH,INITIAL_APPROACH,0.0,0.0,0.0,False
a4503d-0-319bf064104a,INITIAL_APPROACH,INITIAL_APPROACH,0.0,0.0,0.0,False
Dec 28 2025-a40ca4-1766960601.92-1766961633.36-1969-820f1dace377,INITIAL_APPROACH,INITIAL_APPROACH,0.0,0.0,0.0,False
Dec 27 2025-a8f9a3-1766871715.59-1766872849.7-2375-e030d85d0144,INITIAL_APPROACH,INITIAL_APPROACH,0.0,0.0,0.0,False
ab09b4-0-2f27f85f95aa,INITIAL_APPROACH,INITIAL_APPROACH,0.0,0.0,0.0,False
Dec 27 2025-a8d5db-1766841591.49-1766842833.1-3233-a316f526dddd,INITIAL_APPROACH,INITIAL_APPROACH,0.2483697489470288,0.0,0.2483697489470288,False
Dec 29 2025-a7ac49-1767040764.51-1767041835.16-556-13a9b0df4783,INITIAL_APPROACH,INITIAL_APPROACH,0.0,0.0,0.0,False
adbeed-0-0cbf7bd6cbde,INITIAL_APPROACH,INITIAL_APPROACH,1.5419875811839883,-1.0,1.5419875811839883,True
Dec 28 2025-ac9709-1766961255.46-1766962325.72-126-9f6956f57076,INITIAL_APPROACH,INITIAL_APPROACH,0.0,0.0,0.0,False
a9eeb6-0-9bb6a4481636,INITIAL_APPROACH,INITIAL_APPROACH,0.0,0.0,0.0,False
Dec 28 2025-acdc40-1766964814.98-1766965982.64-751-9ea9b905c61b,INITIAL_APPROACH,INITIAL_APPROACH,0.0,0.0,0.0,False
Dec 28 2025-a43b91-1766935231.61-1766936429.46-1717-445932f988b1,INITIAL_APPROACH,INITIAL_APPROACH,0.0,0.0,0.0,False
Dec 27 2025-a513ea-1766795444.25-1766796818.47-3461-04a53e054607,INITIAL_APPROACH,INITIAL_APPROACH,0.0,0.0,0.0,False
ac181d-0-8bba7ddebecc,INITIAL_APPROACH,INITIAL_APPROACH,0.0,0.0,0.0,False
abec6c-0-7e8d3352ff46,INITIAL_APPROACH,INITIAL_APPROACH,0.0,0.0,0.0,False
Dec 27 2025-a33d62-1766800957.96-1766802184.08-1412-0cda2b443b4a,INITIAL_APPROACH,INITIAL_APPROACH,0.0,0.0,0.0,False
Dec 28 2025-ad201e-1766940173.81-1766941327.9-376-ec2262405063,INITIAL_APPROACH,INITIAL_APPROACH,0.0,0.0,0.0,False
ab5eb2-0-cd3d88ef02ba,INITIAL_APPROACH,INITIAL_APPROACH,0.0,0.0,0.0,False
Dec 29 2025-a7b13f-1767016434.43-1767017569.15-469-af774a2312de,INITIAL_APPROACH,INITIAL_APPROACH,1.147399539445337,-1.0,1.147399539445337,True
a448d5-0-1af09c26563f,INITIAL_APPROACH,INITIAL_APPROACH,0.0,0.0,0.0,False
a6e89b-0-d6a171abd96e,INITIAL_APPROACH,INITIAL_APPROACH,0.0,0.0,0.0,False
a6657e-0-346858a61914,INITIAL_APPROACH,INITIAL_APPROACH,0.7557270313451402,0.0,0.7557270313451402,False
Dec 28 2025-a39d9b-1766951079.27-1766952440.89-1845-a461f8d9142c,INITIAL_APPROACH,INITIAL_APPROACH,0.0,0.0,0.0,False
Dec 27 2025-a9cff8-1766857344.1-1766858653.0-3657-bbaa9da9f662,INITIAL_APPROACH,INITIAL_APPROACH,0.10679523772514438,0.0,0.10679523772514438,False
Dec 28 2025-ac66d5-1766947359.55-1766948483.06-2557-43f15ebb382c,INITIAL_APPROACH,INITIAL_APPROACH,0.2458751071108033,0.0,0.2458751071108033,False
Dec 27 2025-a6fe0e-1766870708.15-1766871607.91-196-45930b0acec2,INITIAL_APPROACH,INTERMEDIATE_APPROACH,0.5965485415443591,0.0,1.038554243760804,True
Dec 27 2025-a07f60-1766796029.04-1766797220.1-1376-28a2c50ed025,INITIAL_APPROACH,INITIAL_APPROACH,0.0,0.0,0.0,False
Dec 28 2025-a446eb-1766895490.61-1766896392.19-2848-34cb914842c1,INITIAL_APPROACH,INITIAL_APPROACH,0.0,0.0,0.0,False
aca22e-0-e10fc9567641,INITIAL_APPROACH,INITIAL_APPROACH,0.0,0.0,0.0,False
4005c0-0-a0ddd8df936b,INITIAL_APPROACH,INITIAL_APPROACH,0.0,0.0,0.0,False
Dec 27 2025-a1ba97-1766878681.57-1766879663.11-2188-752586cc87d6,INITIAL_APPROACH,INITIAL_APPROACH,0.0,0.0,0.0,False
aba7b0-0-dfb537ea6765,INITIAL_APPROACH,INITIAL_APPROACH,0.0,0.0,0.0,False
Dec 27 2025-a89f80-1766870242.05-1766871513.88-1863-ed845bcf01e2,INITIAL_APPROACH,INITIAL_APPROACH,0.3262852338366235,0.0,0.3262852338366235,False
Dec 28 2025-a8e1cc-1766939670.6-1766940817.82-2466-7e423d96c50e,INITIAL_APPROACH,INITIAL_APPROACH,0.4492578837067168,0.0,0.4492578837067168,False
a63c37-0-e88cd0e1153d,INITIAL_APPROACH,INITIAL_APPROACH,0.0,0.0,0.0,False
a542d7-0-4a7e3d55b6fa,INITIAL_APPROACH,INITIAL_APPROACH,0.0,0.0,0.0,False
adbdc9-0-f8368d3d5eb1,INITIAL_APPROACH,INITIAL_APPROACH,0.0,0.0,0.0,False
a43ef1-0-bbd63ccc2dc7,INITIAL_APPROACH,INITIAL_APPROACH,0.0,0.0,0.0,False
Dec 27 2025-a47345-1766864881.06-1766866368.47-995-a0b1977eafb7,INITIAL_APPROACH,INITIAL_APPROACH,0.0,0.0,0.0,False
ab649a-0-06966aba189e,INITIAL_APPROACH,INITIAL_APPROACH,0.0,0.0,0.0,False
Dec 28 2025-a35ab8-1766952267.34-1766953352.15-2231-b3ff06d36e1f,INITIAL_APPROACH,INITIAL_APPROACH,0.0,0.0,0.0,False
Dec 28 2025-a72ca2-1766944898.28-1766946097.62-1941-bf2987eabeda,INITIAL_APPROACH,INITIAL_APPROACH,0.20771602747586515,0.0,0.20771602747586515,False
a3f4ea-0-9fcf386c3e65,INITIAL_APPROACH,INITIAL_APPROACH,0.0,0.0,0.0,False
a42a37-0-7cf3bb8e1a8c,INITIAL_APPROACH,INITIAL_APPROACH,0.0,0.0,0.0,False
Dec 27 2025-e8040c-1766878481.02-1766879784.22-159-828429131b7e,INITIAL_APPROACH,INITIAL_APPROACH,0.0,0.0,0.0,False
a74992-0-58a55ef59cfa,INITIAL_APPROACH,INITIAL_APPROACH,0.6991892091358407,1.0,0.6991892091358407,False
a46304-0-4dda05617168,INITIAL_APPROACH,INITIAL_APPROACH,0.30530639032073503,0.0,0.30530639032073503,False
Dec 28 2025-a32f82-1766931627.8-1766932496.16-1534-1519a068d835,INITIAL_APPROACH,INITIAL_APPROACH,0.0,0.0,0.0,False
0d09e3-0-e749efcc553c,INITIAL_APPROACH,INITIAL_APPROACH,1.0126469463824939,-1.0,1.0126469463824939,True
acc7ae-0-5c2483a92703,INITIAL_APPROACH,INITIAL_APPROACH,0.0,0.0,0.0,False
Dec 27 2025-a4a0b4-1766867106.99-1766868157.73-2640-ad2bb66fec2e,INITIAL_APPROACH,INITIAL_APPROACH,0.0,0.0,0.0,False
ac6227-0-ef6fa7d5f4ee,INITIAL_APPROACH,INITIAL_APPROACH,1.0779062901892187,-1.0,1.0779062901892187,True
a486b3-0-065151a3e623,INITIAL_APPROACH,INITIAL_APPROACH,0.0,0.0,0.0,False
ad159b-0-126f261d5c03,INITIAL_APPROACH,INITIAL_APPROACH,1.122278512464299,-1.0,1.122278512464299,True
Dec 28 2025-a86d36-1766955492.13-1766956717.88-654-f18c7b4c8e58,INITIAL_APPROACH,INITIAL_APPROACH,0.367194513645875,0.0,0.367194513645875,False
Dec 29 2025-a106fd-1766966489.35-1766967460.34-1850-8696d4a6758c,INITIAL_APPROACH,INITIAL_APPROACH,0.0,0.0,0.0,False
Dec 27 2025-a28f80-1766794413.35-1766795623.53-1845-e4bb4470bd73,INITIAL_APPROACH,INITIAL_APPROACH,0.0,0.0,0.0,False
Dec 28 2025-ad6fef-1766885800.34-1766886766.62-2911-0289ff2c532c,INITIAL_APPROACH,INITIAL_APPROACH,0.0,0.0,0.0,False
Dec 29 2025-a90e61-1766976592.32-1766977797.42-717-af8865e09b92,INITIAL_APPROACH,INITIAL_APPROACH,0.5046018485524444,1.0,0.5046018485524444,False
Dec 27 2025-a336f0-1766863788.64-1766865039.31-3543-17515cbaab85,INITIAL_APPROACH,INITIAL_APPROACH,0.11518370317126818,0.0,0.11518370317126818,False
Dec 28 2025-a34ae0-1766884915.49-1766885935.25-2703-383e9b75781a,INITIAL_APPROACH,INITIAL_APPROACH,0.0,0.0,0.0,False
Dec 27 2025-abd69d-1766794325.19-1766795725.21-2283-6777f10cdbfc,INITIAL_APPROACH,INITIAL_APPROACH,0.0,0.0,0.0,False
Dec 28 2025-a07f60-1766946439.26-1766947726.38-1129-5b02b088fbee,INITIAL_APPROACH,INITIAL_APPROACH,0.0,0.0,0.0,False
Dec 28 2025-abb579-1766926732.52-1766928190.83-1418-f5977aa1778b,INITIAL_APPROACH,INITIAL_APPROACH,0.0,0.0,0.0,False
Dec 28 2025-a44e18-1766939280.87-1766940402.42-322-3b5cd76395c5,INITIAL_APPROACH,INITIAL_APPROACH,0.0,0.0,0.0,False
a33843-0-2cf4c90b5f98,INITIAL_APPROACH,INITIAL_APPROACH,0.0,0.0,0.0,False
Dec 27 2025-a9d66c-1766821360.05-1766822508.3-1577-7df76b014a6d,INITIAL_APPROACH,INITIAL_APPROACH,0.0,0.0,0.0,False
Dec 27 2025-448466-1766857439.01-1766858460.69-1486-992d7f3df841,INITIAL_APPROACH,INITIAL_APPROACH,0.0,0.0,0.0,False
e80244-0-ba7c7968db74,INITIAL_APPROACH,INITIAL_APPROACH,2.0121567058924286,-1.0,2.0121567058924286,True
abb440-0-a80e1e82fd6b,INITIAL_APPROACH,INITIAL_APPROACH,0.0,0.0,0.0,False
abb440-0-a480db8db08e,INITIAL_APPROACH,INITIAL_APPROACH,0.0,0.0,0.0,False
Dec 29 2025-ada167-1766987755.23-1766988996.59-773-5d11095cd34f,INITIAL_APPROACH,INITIAL_APPROACH,0.0,0.0,0.0,False
Dec 28 2025-c02e91-1766890385.15-1766891356.72-1725-e53391840041,INITIAL_APPROACH,INITIAL_APPROACH,0.2818818473208901,0.0,0.2818818473208901,False
a72823-0-931b70a53ab2,INITIAL_APPROACH,INITIAL_APPROACH,0.0,0.0,0.0,False
Dec 28 2025-a4105b-1766936927.78-1766938156.31-1083-f51813ed1113,INITIAL_APPROACH,INITIAL_APPROACH,2.002196832107868,-1.0,2.002196832107868,True
Dec 27 2025-3949f4-1766863596.37-1766864561.86-3584-c2c4a1039ddb,INITIAL_APPROACH,INITIAL_APPROACH,0.0,0.0,0.0,False
Dec 27 2025-a44aa2-1766851608.93-1766852783.6-2355-c0ed3880621b,INITIAL_APPROACH,INITIAL_APPROACH,0.3443359053698338,0.0,0.3443359053698338,False
Dec 27 2025-aa9ad9-1766853388.64-1766854623.04-3204-85d90ff4bd68,INITIAL_APPROACH,INITIAL_APPROACH,0.0,0.0,0.0,False
a45586-0-1f2645a2dace,INITIAL_APPROACH,INITIAL_APPROACH,1.815998019826237,-1.0,1.815998019826237,True
Dec 27 2025-a38c66-1766866106.78-1766867223.14-1490-f1695121812e,INITIAL_APPROACH,INITIAL_APPROACH,0.3858667317465957,0.0,0.3858667317465957,False
Dec 28 2025-c03c04-1766951906.76-1766953169.89-76-97073a8b5cca,INITIAL_APPROACH,INITIAL_APPROACH,0.0,0.0,0.0,False
ad84db-0-4ea0dcb4853b,INITIAL_APPROACH,INITIAL_APPROACH,0.3030068946662683,0.0,0.3030068946662683,False
Dec 28 2025-ac83d5-1766884728.43-1766885879.5-2559-11a80150d394,INITIAL_APPROACH,INITIAL_APPROACH,0.0,0.0,0.0,False
Dec 28 2025-a1584a-1766885947.1-1766887123.63-870-8cab1e25a4a2,INITIAL_APPROACH,INITIAL_APPROACH,0.0,0.0,0.0,False
Dec 27 2025-ac83d5-1766835344.23-1766836410.06-3144-db17b786d573,INITIAL_APPROACH,INITIAL_APPROACH,0.0,0.0,0.0,False
a6657e-0-12f146af6c3d,INITIAL_APPROACH,INITIAL_APPROACH,0.0,0.0,0.0,False
Dec 28 2025-ab9387-1766949473.4-1766950556.14-1590-6390e4b5d604,INITIAL_APPROACH,INITIAL_APPROACH,0.0,0.0,0.0,False
Dec 27 2025-acd4d7-1766848528.37-1766849495.23-3175-701d7e4f62be,INITIAL_APPROACH,INITIAL_APPROACH,0.5702926616706144,0.0,0.5702926616706144,False
Dec 28 2025-a61949-1766960301.82-1766961311.43-866-846618492c6c,INITIAL_APPROACH,INITIAL_APPROACH,0.0,0.0,0.0,False
Dec 28 2025-a3bd81-1766934494.27-1766935745.51-1520-2fac44dce1c8,INITIAL_APPROACH,INITIAL_APPROACH,0.0,0.0,0.0,False
Dec 28 2025-a7de93-1766883981.2-1766885259.72-1739-8f899b1f7f96,INITIAL_APPROACH,INITIAL_APPROACH,0.0,0.0,0.0,False
484370-0-2be610bbbafe,INITIAL_APPROACH,INITIAL_APPROACH,0.0,0.0,0.0,False
Dec 28 2025-ad67ae-1766954505.0-1766955834.39-2102-ae90f4583f20,INITIAL_APPROACH,INITIAL_APPROACH,0.16934871988431363,0.0,0.16934871988431363,False
a3c9a1-0-e757b3391758,INITIAL_APPROACH,INITIAL_APPROACH,0.0,0.0,0.0,False
Dec 28 2025-ac0ff9-1766931307.55-1766932220.85-3034-db3d3b43e43f,INITIAL_APPROACH,INITIAL_APPROACH,0.25195439717384327,0.0,0.25195439717384327,False
abc7e9-0-ace8132ce390,INITIAL_APPROACH,INITIAL_APPROACH,0.0,0.0,0.0,False
Dec 29 2025-abf09c-1766976307.06-1766977383.13-1132-e7748acdbc3e,INITIAL_APPROACH,INITIAL_APPROACH,0.0,0.0,0.0,False
Dec 28 2025-adbdc9-1766886805.2-1766887935.01-2426-3d5a514d472a,INITIAL_APPROACH,INITIAL_APPROACH,0.0,0.0,0.0,False
Dec 28 2025-a8ae7f-1766930483.45-1766931764.23-1488-ce7d1b5368ed,INITIAL_APPROACH,INITIAL_APPROACH,0.0,0.0,0.0,False
Dec 28 2025-a38c66-1766886589.61-1766887489.24-1191-12cbb57dcf19,INITIAL_APPROACH,INITIAL_APPROACH,0.0,0.0,0.0,False
Dec 27 2025-ad18b0-1766854416.9-1766855557.81-2592-90cc9efe1c70,INITIAL_APPROACH,INITIAL_APPROACH,0.24496652787010298,0.0,0.24496652787010298,False
Dec 27 2025-ade548-1766864341.45-1766865328.63-1067-6a4727417841,INITIAL_APPROACH,INITIAL_APPROACH,0.0,0.0,0.0,False
a3b86c-0-f0d5b129adac,INITIAL_APPROACH,INITIAL_APPROACH,0.7736745366681019,0.0,0.7736745366681019,False
ac3e5d-0-0aefe2ae295b,INITIAL_APPROACH,INITIAL_APPROACH,0.0,0.0,0.0,False
Dec 27 2025-a35ab8-1766847080.13-1766848215.0-2708-24571ed5f235,INITIAL_APPROACH,INITIAL_APPROACH,0.0,0.0,0.0,False
Dec 27 2025-ada16f-1766799708.9-1766800825.02-1613-a1df71599754,INITIAL_APPROACH,INITIAL_APPROACH,0.0,0.0,0.0,False
Dec 28 2025-ad4b54-1766949337.2-1766950329.5-996-6a671dd238e9,INITIAL_APPROACH,INITIAL_APPROACH,0.0,0.0,0.0,False
a388a9-0-97385a3cacb5,INITIAL_APPROACH,INITIAL_APPROACH,0.0,0.0,0.0,False
a9225e-0-e4d3aa0ff29c,INITIAL_APPROACH,INITIAL_APPROACH,0.0,0.0,0.0,False
Dec 28 2025-aa70b8-1766887790.9-1766889463.57-2240-6d603861aa8a,INITIAL_APPROACH,INITIAL_APPROACH,0.0,0.0,0.0,False
abef16-0-f4a95699c003,INITIAL_APPROACH,INITIAL_APPROACH,0.0,0.0,0.0,False
Dec 28 2025-c03da9-1766890027.4-1766890894.32-2049-7a3668b0660a,INITIAL_APPROACH,INITIAL_APPROACH,0.0,0.0,0.0,False
Dec 29 2025-ad775d-1766970028.18-1766971083.4-694-53fb7bf6d123,INITIAL_APPROACH,INITIAL_APPROACH,0.0,0.0,0.0,False
Dec 27 2025-a3ed69-1766843155.32-1766844281.24-1533-9d0821ea9374,INITIAL_APPROACH,INITIAL_APPROACH,0.0,0.0,0.0,False
e80210-0-1069aaa245e3,INITIAL_APPROACH,INITIAL_APPROACH,0.0,0.0,0.0,False
a7e509-0-7a5d7582b0ad,INITIAL_APPROACH,INITIAL_APPROACH,0.0,0.0,0.0,False
a423d7-0-c8c4fcb149de,INITIAL_APPROACH,INITIAL_APPROACH,0.0,0.0,0.0,False
0c20a4-0-59ca3435715f,INITIAL_APPROACH,INITIAL_APPROACH,0.0,0.0,0.0,False
a49206-0-0a3eae850ce1,INITIAL_APPROACH,INITIAL_APPROACH,0.0,0.0,0.0,False
Dec 27 2025-a34729-1766865445.02-1766866586.14-582-ca49efae0e4f,INITIAL_APPROACH,INITIAL_APPROACH,0.18266862063555112,0.0,0.18266862063555112,False
Dec 28 2025-a5b59d-1766884562.24-1766885668.96-1873-d923597e2968,INITIAL_APPROACH,INITIAL_APPROACH,0.0,0.0,0.0,False
ab1122-0-5607538ca27f,INITIAL_APPROACH,INITIAL_APPROACH,0.0,0.0,0.0,False
Dec 27 2025-a66ce0-1766861711.92-1766862970.11-3317-90dac6ed224e,INITIAL_APPROACH,INITIAL_APPROACH,0.0,0.0,0.0,False
Dec 27 2025-ad694c-1766804522.97-1766805620.03-1136-116f4c9d109a,INITIAL_APPROACH,INITIAL_APPROACH,0.40809691976929535,0.0,0.40809691976929535,False
a3a8ef-0-9227b3f5f0fc,INITIAL_APPROACH,INITIAL_APPROACH,0.0,0.0,0.0,False
Dec 28 2025-ac30c0-1766888565.23-1766889636.37-2339-58416c2976fb,INITIAL_APPROACH,INITIAL_APPROACH,0.0,0.0,0.0,False
Dec 28 2025-a40ca4-1766888122.41-1766889100.4-1965-015ba3a80f38,INITIAL_APPROACH,INITIAL_APPROACH,0.0,0.0,0.0,False
ac3030-0-bd0af30ce2c5,INITIAL_APPROACH,INITIAL_APPROACH,0.0,0.0,0.0,False
ab4840-0-f2ac0df72540,INITIAL_APPROACH,INITIAL_APPROACH,0.24268732439942756,0.0,0.24268732439942756,False
Dec 28 2025-ac3beb-1766881584.94-1766882583.86-2858-08cb326fd795,INITIAL_APPROACH,INITIAL_APPROACH,0.0,0.0,0.0,False
Dec 29 2025-ac5bf6-1767051954.08-1767052797.6-1804-701d08ccb963,INITIAL_APPROACH,INITIAL_APPROACH,0.0,0.0,0.0,False
Dec 28 2025-ab38aa-1766924828.54-1766926651.49-2055-1d7e4eb3eda0,INITIAL_APPROACH,INITIAL_APPROACH,4.109729604983674,-1.0,4.109729604983674,True
Dec 27 2025-a788d3-1766873921.73-1766874967.75-3100-0002343dd411,INITIAL_APPROACH,INITIAL_APPROACH,0.0,0.0,0.0,False
aa974f-0-9fe0ceebdf71,INITIAL_APPROACH,INITIAL_APPROACH,1.3973427514256367,-1.0,1.3973427514256367,True
Dec 28 2025-ac10af-1766929085.87-1766930488.91-2108-d45fd0a07ec4,INITIAL_APPROACH,INITIAL_APPROACH,0.763011155908225,0.0,0.763011155908225,False
a2b151-0-0a1a8624527b,INITIAL_APPROACH,INITIAL_APPROACH,0.0,0.0,0.0,False
Dec 27 2025-a8bc34-1766852029.49-1766852998.54-724-51754f21ebaa,INITIAL_APPROACH,INITIAL_APPROACH,0.0,0.0,0.0,False
c02e9b-0-6fa70d70e5f1,INITIAL_APPROACH,INITIAL_APPROACH,0.0,0.0,0.0,False
Dec 27 2025-a28f80-1766794413.35-1766795623.53-1845-fd59d8f74b05,INITIAL_APPROACH,INITIAL_APPROACH,0.0,0.0,0.0,False
Dec 27 2025-ac006d-1766874576.59-1766875502.12-1587-babf2042ce3a,INITIAL_APPROACH,INITIAL_APPROACH,0.0,0.0,0.0,False
Dec 28 2025-a417c9-1766887474.55-1766888601.72-2418-d48dd359f06e,INITIAL_APPROACH,INITIAL_APPROACH,0.0,0.0,0.0,False
Dec 28 2025-acb82c-1766942120.97-1766943283.56-542-719544236103,INITIAL_APPROACH,INITIAL_APPROACH,0.0,0.0,0.0,False
ac733b-0-41fc2f78d0f7,INITIAL_APPROACH,INITIAL_APPROACH,0.0,0.0,0.0,False
Dec 28 2025-a3bd81-1766934494.27-1766935745.51-1520-568abb148c9f,INITIAL_APPROACH,INITIAL_APPROACH,0.0,0.0,0.0,False
Dec 27 2025-a7e509-1766858636.55-1766859746.53-118-cfebe5c5ba97,INITIAL_APPROACH,INITIAL_APPROACH,0.0,0.0,0.0,False
Dec 28 2025-a44943-1766941779.4-1766942902.23-786-a0c0278cfb6d,INITIAL_APPROACH,INITIAL_APPROACH,0.0,0.0,0.0,False
aa6b43-0-ca035b0862be,INITIAL_APPROACH,INITIAL_APPROACH,0.0,0.0,0.0,False
Dec 27 2025-ac2fc3-1766856605.62-1766857768.08-2904-11e7eb664640,INITIAL_APPROACH,INITIAL_APPROACH,0.0,0.0,0.0,False
ad23d5-0-2ee221a5a0da,INITIAL_APPROACH,INITIAL_APPROACH,0.0,0.0,0.0,False
Dec 28 2025-ac6645-1766882099.23-1766883063.82-817-4912bc836c84,INITIAL_APPROACH,INITIAL_APPROACH,0.0,0.0,0.0,False
a2a213-0-645c11e6a9cd,INITIAL_APPROACH,INITIAL_APPROACH,0.0,0.0,0.0,False
Dec 28 2025-a28f80-1766881230.67-1766882374.41-1498-774ae65b6486,INITIAL_APPROACH,INITIAL_APPROACH,0.3173147509109395,0.0,0.3173147509109395,False
ac7074-0-c68503fcdfda,INITIAL_APPROACH,INITIAL_APPROACH,0.0,0.0,0.0,False
a70812-0-a51918c4d80b,INITIAL_APPROACH,INITIAL_APPROACH,1.3737905030212412,-1.0,1.3737905030212412,True
Dec 27 2025-acfc05-1766848677.1-1766849587.07-81-a3c74d448d82,INITIAL_APPROACH,INITIAL_APPROACH,0.0,0.0,0.0,False
Dec 27 2025-a89f80-1766801389.68-1766802747.21-1861-6fcfd3c106c5,INITIAL_APPROACH,INITIAL_APPROACH,0.0,0.0,0.0,False
Dec 27 2025-ad50a9-1766858798.05-1766859754.82-2488-61f4aa509b71,INITIAL_APPROACH,INITIAL_APPROACH,0.2546739450172817,0.0,0.2546739450172817,False
accb50-0-24a65895c636,INITIAL_APPROACH,INTERMEDIATE_APPROACH,0.2539552455082902,0.0,0.2654054300187194,False
Dec 28 2025-a15c01-1766948464.22-1766949734.54-17-f219ae3b81d1,INITIAL_APPROACH,INITIAL_APPROACH,0.0,0.0,0.0,False
a2107b-0-52fb1d990301,INITIAL_APPROACH,INITIAL_APPROACH,0.0,0.0,0.0,False
ad185f-0-8149b0b8ed6c,INITIAL_APPROACH,INITIAL_APPROACH,0.0,0.0,0.0,False
Dec 28 2025-e80212-1766965946.51-1766966381.55-246-2d5541ba3e61,INITIAL_APPROACH,INITIAL_APPROACH,0.5439164185366168,0.0,0.5439164185366168,False
Dec 28 2025-a3a8ef-1766886678.81-1766887633.92-2909-af03d77e2e62,INITIAL_APPROACH,INITIAL_APPROACH,0.0,0.0,0.0,False
a437da-0-f3265da05a36,INITIAL_APPROACH,INITIAL_APPROACH,0.39104352876784043,0.0,0.39104352876784043,False
ab4fae-0-9ba3e7a63c27,INITIAL_APPROACH,INITIAL_APPROACH,0.0,0.0,0.0,False
Dec 30 2025-ad5ca3-1767107930.0-1767109209.54-1471-ca01a83225d8,INITIAL_APPROACH,INITIAL_APPROACH,0.0,0.0,0.0,False
Dec 29 2025-a203b0-1767020210.43-1767020552.81-1278-9befb2374d14,INITIAL_APPROACH,INITIAL_APPROACH,2.4157183765012014,-1.0,2.4157183765012014,True
Dec 27 2025-ad3c78-1766877944.55-1766879098.33-1755-552647f5c622,INITIAL_APPROACH,INITIAL_APPROACH,0.0,0.0,0.0,False
Dec 27 2025-4bb190-1766854071.9-1766855106.46-2069-53112c738550,INITIAL_APPROACH,INITIAL_APPROACH,0.0,0.0,0.0,False
Dec 28 2025-a21142-1766888349.1-1766889465.99-764-7eaa351fe4fc,INITIAL_APPROACH,INITIAL_APPROACH,0.0,0.0,0.0,False
Dec 27 2025-a39d9b-1766854501.19-1766855651.84-2240-8aacd84a7491,INITIAL_APPROACH,INITIAL_APPROACH,0.0,0.0,0.0,False
Dec 28 2025-a94c7b-1766922314.51-1766923756.28-1446-9f09105184dd,INITIAL_APPROACH,INITIAL_APPROACH,0.0,0.0,0.0,False
Dec 27 2025-a44262-1766797753.74-1766798717.36-1416-8160532dad8c,INITIAL_APPROACH,INITIAL_APPROACH,0.0,0.0,0.0,False
a23525-0-515b2effb304,INITIAL_APPROACH,INITIAL_APPROACH,0.5510153157838537,0.0,0.5510153157838537,False
Dec 27 2025-ad63f7-1766871518.21-1766872424.35-3648-6427158b3ee8,INITIAL_APPROACH,INITIAL_APPROACH,0.0,0.0,0.0,False
Dec 27 2025-a8dffc-1766859320.16-1766860320.5-3713-552e68b57751,INITIAL_APPROACH,INITIAL_APPROACH,0.0,0.0,0.0,False
Dec 27 2025-ad63f7-1766871518.21-1766872424.35-3648-515aaa0f8e4f,INITIAL_APPROACH,INITIAL_APPROACH,0.0,0.0,0.0,False
a042d5-0-d876fc6e8559,INITIAL_APPROACH,INITIAL_APPROACH,0.0,0.0,0.0,False
ad23d5-0-24e84a8c211c,INITIAL_APPROACH,INITIAL_APPROACH,0.0,0.0,0.0,False
Dec 27 2025-a66ce0-1766861711.92-1766862970.11-3317-aa54e717e898,INITIAL_APPROACH,INITIAL_APPROACH,0.0,0.0,0.0,False
abbd8d-0-e219479eb3ca,INITIAL_APPROACH,INITIAL_APPROACH,0.0,0.0,0.0,False
Dec 28 2025-ad4f0b-1766925974.91-1766927460.21-153-95335bae19f4,INITIAL_APPROACH,INITIAL_APPROACH,0.0,0.0,0.0,False
Dec 27 2025-a7e24a-1766841948.45-1766843297.49-1098-9e38ce856cbe,INITIAL_APPROACH,INITIAL_APPROACH,0.30251104547178387,0.0,0.30251104547178387,False
Dec 27 2025-0d06e5-1766858579.28-1766859656.46-3386-9b41cdcadbda,INITIAL_APPROACH,INITIAL_APPROACH,0.0,0.0,0.0,False
Dec 27 2025-ac3beb-1766803031.7-1766804257.88-3485-be235988819a,INITIAL_APPROACH,INITIAL_APPROACH,0.0,0.0,0.0,False
a9d66c-0-1d6bc9a5a766,INITIAL_APPROACH,INITIAL_APPROACH,0.0,0.0,0.0,False
Dec 27 2025-aa7833-1766808558.16-1766809652.72-711-93c878c52024,INITIAL_APPROACH,INITIAL_APPROACH,0.0,0.0,0.0,False
Dec 27 2025-a336f0-1766863788.64-1766865039.31-3543-a595b1013094,INITIAL_APPROACH,INITIAL_APPROACH,0.0,0.0,0.0,False
a45586-0-fab6f6e526bf,INITIAL_APPROACH,INITIAL_APPROACH,0.0,0.0,0.0,False
a8fe5d-0-2694d11101c6,INITIAL_APPROACH,INITIAL_APPROACH,0.0,0.0,0.0,False
Dec 28 2025-a5f3cf-1766895630.07-1766896740.42-2489-9c7590975d12,INITIAL_APPROACH,INITIAL_APPROACH,0.0,0.0,0.0,False
Dec 27 2025-440a8d-1766847351.01-1766848400.38-2007-f48c64e5d599,INITIAL_APPROACH,INITIAL_APPROACH,0.16263062178264948,0.0,0.16263062178264948,False
a46304-0-6fa085d24149,INITIAL_APPROACH,INITIAL_APPROACH,0.0,0.0,0.0,False
Dec 27 2025-a3dffe-1766879396.46-1766879998.51-3749-c8e5c59f531d,INITIAL_APPROACH,INITIAL_APPROACH,0.28577010783396684,0.0,0.28577010783396684,False
Dec 27 2025-a40d8d-1766800530.42-1766801596.05-2015-33db477c73f2,INITIAL_APPROACH,INITIAL_APPROACH,0.0,0.0,0.0,False
ab00d6-0-dcce7f662c5a,INITIAL_APPROACH,INITIAL_APPROACH,0.0,0.0,0.0,False
ad0b73-0-53476705c0b6,INITIAL_APPROACH,INITIAL_APPROACH,0.0,0.0,0.0,False
Dec 27 2025-a73e80-1766801136.31-1766802804.24-1858-d761c289149b,INITIAL_APPROACH,INITIAL_APPROACH,0.0,0.0,0.0,False
a42a37-0-519d2720c9d7,INITIAL_APPROACH,INITIAL_APPROACH,0.0,0.0,0.0,False
ab20e7-0-0dbf4b697137,INITIAL_APPROACH,INITIAL_APPROACH,0.0,0.0,0.0,False
Dec 28 2025-a40d8d-1766959914.83-1766961009.43-1665-1d076f67e6cb,INITIAL_APPROACH,INITIAL_APPROACH,0.0,0.0,0.0,False
a54bab-0-e982d5ee802f,INITIAL_APPROACH,INITIAL_APPROACH,0.0,0.0,0.0,False
abc478-0-ce57c7f63024,INITIAL_APPROACH,INITIAL_APPROACH,0.0,0.0,0.0,False
a7da5f-0-4f42e3079ae0,INITIAL_APPROACH,INITIAL_APPROACH,0.0,0.0,0.0,False
Dec 27 2025-448466-1766857439.01-1766858460.69-1486-cb20763fda5c,INITIAL_APPROACH,INITIAL_APPROACH,0.0,0.0,0.0,False
Dec 29 2025-203cac-1767029267.01-1767030144.04-1245-c0da759a993b,INITIAL_APPROACH,INITIAL_APPROACH,0.0,0.0,0.0,False
Dec 27 2025-a3ec93-1766795486.07-1766796618.51-2118-960a34d4d684,INITIAL_APPROACH,INITIAL_APPROACH,0.9881544281652079,0.0,0.9881544281652079,False
Dec 27 2025-0d06e5-1766858579.28-1766859656.46-3386-3db9925aaafa,INITIAL_APPROACH,INITIAL_APPROACH,0.0,0.0,0.0,False
Dec 27 2025-a29aa5-1766857951.87-1766859251.81-2404-35f9bd17997e,INITIAL_APPROACH,INITIAL_APPROACH,0.0,0.0,0.0,False
a01b56-0-0db4ddca23fd,INITIAL_APPROACH,INITIAL_APPROACH,0.0,0.0,0.0,False
Dec 28 2025-a0d6a8-1766951357.09-1766952515.38-2029-df9e839d738d,INITIAL_APPROACH,INITIAL_APPROACH,0.0,0.0,0.0,False
a52aed-0-b3b78dd0b5f1,INITIAL_APPROACH,INITIAL_APPROACH,0.0,0.0,0.0,False
Dec 28 2025-aaf111-1766884247.59-1766885401.32-224-f83ae8931d28,INITIAL_APPROACH,INITIAL_APPROACH,0.0,0.0,0.0,False
a2cffc-0-fadad041e728,INITIAL_APPROACH,INITIAL_APPROACH,1.7382503236935178,-1.0,1.7382503236935178,True
Dec 28 2025-abe4db-1766941953.25-1766943088.46-2636-526216256f9c,INITIAL_APPROACH,INITIAL_APPROACH,0.0,0.0,0.0,False
e80212-0-0c019cfde1b0,INITIAL_APPROACH,INITIAL_APPROACH,0.0,0.0,0.0,False
ad43e6-0-dd8b03d4dbf7,INITIAL_APPROACH,INITIAL_APPROACH,0.0,0.0,0.0,False
a7d751-0-f47e20e5c3a9,INITIAL_APPROACH,INITIAL_APPROACH,0.277125290838492,0.0,0.277125290838492,False
Dec 27 2025-a145b7-1766850359.53-1766851460.27-2692-79c97b61f306,INITIAL_APPROACH,INITIAL_APPROACH,0.0,0.0,0.0,False
Dec 27 2025-ab879f-1766874732.18-1766875876.32-2315-974a72082ce5,INITIAL_APPROACH,INITIAL_APPROACH,0.0,0.0,0.0,False
4bb146-0-8e4a118b238a,INITIAL_APPROACH,INITIAL_APPROACH,0.2023358612486547,0.0,0.2023358612486547,False
Dec 28 2025-a8cf70-1766932008.15-1766933134.44-1326-9cb2e7b561bb,INITIAL_APPROACH,INITIAL_APPROACH,0.0,0.0,0.0,False
Dec 27 2025-ac4843-1766862236.14-1766863462.71-969-5322042f4ad0,INITIAL_APPROACH,INITIAL_APPROACH,0.0,0.0,0.0,False
ab5975-0-1e227eebc247,INITIAL_APPROACH,INITIAL_APPROACH,0.9821815967087792,0.0,0.9821815967087792,False
Dec 28 2025-a88752-1766959896.27-1766961083.84-977-68eb8ff2c27f,INITIAL_APPROACH,INITIAL_APPROACH,0.0,0.0,0.0,False
c02e9b-0-0645d848a153,INITIAL_APPROACH,INITIAL_APPROACH,0.0,0.0,0.0,False
a557c3-0-49864f46861d,INITIAL_APPROACH,INITIAL_APPROACH,0.0,0.0,0.0,False
Dec 27 2025-ac66d5-1766875738.18-1766876701.01-3141-133fb9b6d501,INITIAL_APPROACH,INITIAL_APPROACH,0.38388683223779047,0.0,0.38388683223779047,False
a320a6-0-732cc5e50846,INITIAL_APPROACH,INITIAL_APPROACH,0.0,0.0,0.0,False
Dec 28 2025-a382b6-1766956139.29-1766957183.5-2198-de11fe032780,INITIAL_APPROACH,INITIAL_APPROACH,0.0,0.0,0.0,False
a3c68c-0-b44be6a14ccb,INITIAL_APPROACH,INITIAL_APPROACH,0.0,0.0,0.0,False
a88752-0-cfcf8669f211,INITIAL_APPROACH,INITIAL_APPROACH,0.0,0.0,0.0,False
a335f4-0-799aab53d921,INITIAL_APPROACH,INITIAL_APPROACH,0.0,0.0,0.0,False
ac671b-0-cea5a5c995b5,INITIAL_APPROACH,INITIAL_APPROACH,1.4082343955971623,-1.0,1.4082343955971623,True
Dec 27 2025-a8ae7f-1766875205.1-1766876572.4-1837-44564ccee336,INITIAL_APPROACH,INITIAL_APPROACH,0.20031976200102722,0.0,0.20031976200102722,False
a74505-0-1668c30175d6,INITIAL_APPROACH,INITIAL_APPROACH,0.0,0.0,0.0,False
a437da-0-b22c9479192a,INITIAL_APPROACH,INITIAL_APPROACH,0.0,0.0,0.0,False
a6657e-0-828e92b8a85d,INITIAL_APPROACH,INITIAL_APPROACH,0.0,0.0,0.0,False
Dec 27 2025-a4105b-1766848262.36-1766849231.55-1330-29dd8c558a37,INITIAL_APPROACH,INITIAL_APPROACH,2.03865730104585,-1.0,2.03865730104585,True
a3ed69-0-673e16d4c732,INITIAL_APPROACH,INITIAL_APPROACH,0.0,0.0,0.0,False
a61f05-0-63f947213c7f,INITIAL_APPROACH,INITIAL_APPROACH,0.0,0.0,0.0,False
Dec 27 2025-ab879f-1766874732.18-1766875876.32-2315-e28d9bf7b659,INITIAL_APPROACH,INITIAL_APPROACH,1.0747527279309248,-1.0,1.0747527279309248,True
ab5975-0-6dc564377d59,INITIAL_APPROACH,INITIAL_APPROACH,0.5028005877544844,0.0,0.5028005877544844,False
a06e0b-0-31722b526e36,INITIAL_APPROACH,INITIAL_APPROACH,0.0,0.0,0.0,False
Dec 27 2025-adb2a4-1766848295.72-1766849412.74-2397-d01b9befc6ae,INITIAL_APPROACH,INITIAL_APPROACH,0.0,0.0,0.0,False
Dec 28 2025-ad0919-1766952355.7-1766953457.67-334-c7216dd0334f,INITIAL_APPROACH,INITIAL_APPROACH,0.0,0.0,0.0,False
Dec 28 2025-a45ba2-1766932574.11-1766933736.83-1939-01c2540d8a36,INITIAL_APPROACH,INITIAL_APPROACH,0.0,0.0,0.0,False
Dec 29 2025-a106fd-1766966489.35-1766967460.34-1850-c3060abbc94e,INITIAL_APPROACH,INITIAL_APPROACH,0.0,0.0,0.0,False
a4fd6f-0-25b92d03bca8,INITIAL_APPROACH,INITIAL_APPROACH,0.0,0.0,0.0,False
ab92c4-0-f7e970ea180b,INITIAL_APPROACH,INITIAL_APPROACH,0.17367526810260506,0.0,0.17367526810260506,False
Dec 28 2025-ab2b23-1766963441.33-1766964753.26-437-cb717605b02e,INITIAL_APPROACH,INITIAL_APPROACH,0.0,0.0,0.0,False
Dec 27 2025-a3bc01-1766846044.46-1766846906.59-23-9133859451c4,INITIAL_APPROACH,INITIAL_APPROACH,0.6643736573085172,0.0,0.6643736573085172,False
Dec 28 2025-a8e1cc-1766964469.58-1766965714.06-2468-eba71cda9d19,INITIAL_APPROACH,INITIAL_APPROACH,0.18174953816144257,0.0,0.18174953816144257,False
Dec 27 2025-a9d66c-1766821360.05-1766822508.3-1577-4d1f13c9ff30,INITIAL_APPROACH,INITIAL_APPROACH,0.36108423758713565,0.0,0.36108423758713565,False
Dec 28 2025-a51d6f-1766958867.21-1766959917.81-1308-331f410e41c2,INITIAL_APPROACH,INITIAL_APPROACH,0.0,0.0,0.0,False
a320a6-0-7a758e1ec483,INITIAL_APPROACH,INITIAL_APPROACH,0.8603611575391945,0.0,0.8603611575391945,False
a91616-0-086ff1e6cb7f,INITIAL_APPROACH,INITIAL_APPROACH,0.0,0.0,0.0,False
a586b0-0-96c8f067e590,INITIAL_APPROACH,INITIAL_APPROACH,1.2284761330907374,-1.0,1.2284761330907374,True
Dec 29 2025-ac826a-1767043824.02-1767045195.3-796-5d2f201b9826,INITIAL_APPROACH,INITIAL_APPROACH,1.0973943485454483,-1.0,1.0973943485454483,True
ad1c16-0-ee149d24d59c,INITIAL_APPROACH,INITIAL_APPROACH,0.0,0.0,0.0,False
a45586-0-5362970aab82,INITIAL_APPROACH,INITIAL_APPROACH,0.0,0.0,0.0,False
ab5975-0-8414f0ad711b,INITIAL_APPROACH,INITIAL_APPROACH,0.0,0.0,0.0,False
Dec 28 2025-3965b4-1766950114.63-1766951155.81-2157-f8b475033937,INITIAL_APPROACH,INITIAL_APPROACH,0.0,0.0,0.0,False
a388a9-0-23fda3ff3b20,INITIAL_APPROACH,INITIAL_APPROACH,0.0,0.0,0.0,False
Dec 28 2025-ad2efa-1766887543.29-1766888620.83-3041-cdd8548fb34d,INITIAL_APPROACH,INITIAL_APPROACH,0.1981850995362011,0.0,0.1981850995362011,False
Dec 28 2025-06a1ec-1766905157.74-1766906306.38-2862-e2d91e4d0d5c,INITIAL_APPROACH,INITIAL_APPROACH,0.0,0.0,0.0,False
Dec 28 2025-aca3e6-1766949330.89-1766950827.41-2789-0be5c8ca9999,INITIAL_APPROACH,INITIAL_APPROACH,0.0,0.0,0.0,False
Dec 27 2025-adb2a4-1766799896.3-1766800951.74-2395-b115f37387dd,INITIAL_APPROACH,INITIAL_APPROACH,0.0,0.0,0.0,False
Dec 27 2025-ac5723-1766865588.95-1766866647.05-517-565802ef8808,INITIAL_APPROACH,INITIAL_APPROACH,0.0,0.0,0.0,False
aa0653-0-56f2f64d4d10,INITIAL_APPROACH,INITIAL_APPROACH,0.0,0.0,0.0,False
Dec 28 2025-71ba02-1766930020.9-1766930982.9-32-a4804a6ec602,INITIAL_APPROACH,INITIAL_APPROACH,0.0,0.0,0.0,False
Dec 28 2025-a977bb-1766938244.28-1766939400.15-2275-15a49d4a3f58,INITIAL_APPROACH,INITIAL_APPROACH,0.0,0.0,0.0,False
Dec 27 2025-a6c70f-1766873508.26-1766874492.65-207-485efb65f405,INITIAL_APPROACH,INITIAL_APPROACH,0.0,0.0,0.0,False
Dec 27 2025-aa9e4a-1766796230.38-1766797311.28-1103-0e6f56bdc959,INITIAL_APPROACH,INITIAL_APPROACH,0.0,0.0,0.0,False
a72823-0-6db596245b7b,INITIAL_APPROACH,INITIAL_APPROACH,0.0,0.0,0.0,False
Dec 28 2025-aa1ae3-1766943620.17-1766944741.83-2747-19d4e59bfcfa,INITIAL_APPROACH,INITIAL_APPROACH,0.0,0.0,0.0,False
Dec 27 2025-ac2c9c-1766861430.33-1766862531.37-2269-c4db0a864629,INITIAL_APPROACH,INITIAL_APPROACH,0.3574500759157272,0.0,0.3574500759157272,False
a33d62-0-7bbd6a1e09c9,INITIAL_APPROACH,INITIAL_APPROACH,1.076318495060355,-1.0,1.076318495060355,True
a82e3d-0-26c3795b6cb4,INITIAL_APPROACH,INITIAL_APPROACH,0.0,0.0,0.0,False
a31b38-0-1b00fbdcc13f,INITIAL_APPROACH,INITIAL_APPROACH,0.0,0.0,0.0,False
a642b4-0-ae7d22e5973b,INITIAL_APPROACH,INITIAL_APPROACH,0.0,0.0,0.0,False
Dec 27 2025-a45072-1766856456.23-1766857478.97-1653-eb02172c6729,INITIAL_APPROACH,INITIAL_APPROACH,0.0,0.0,0.0,False
Dec 27 2025-a3524e-1766859960.07-1766860972.47-1160-46da76404c07,INITIAL_APPROACH,INITIAL_APPROACH,0.2230935889472965,0.0,0.2230935889472965,False
Dec 28 2025-a1584a-1766921859.02-1766923850.68-872-d6354e69ed7f,INITIAL_APPROACH,INITIAL_APPROACH,0.0,0.0,0.0,False
ac181d-0-39335788a490,INITIAL_APPROACH,INITIAL_APPROACH,0.0,0.0,0.0,False
Dec 30 2025-ab92a2-1767112880.58-1767114054.94-1463-f22b73f9d9d3,INITIAL_APPROACH,INITIAL_APPROACH,0.0,2.0,0.0,False
Dec 28 2025-a8ae7f-1766930483.45-1766931764.23-1488-cb7eb2809d99,INITIAL_APPROACH,INITIAL_APPROACH,0.0,0.0,0.0,False
a72799-0-90d23e302998,INITIAL_APPROACH,INITIAL_APPROACH,0.793650677791216,1.0,0.793650677791216,False
Dec 27 2025-ad273b-1766835908.78-1766836927.0-830-293fc78ad4b4,INTERMEDIATE_APPROACH,INTERMEDIATE_APPROACH,0.3201390928113351,0.0,0.3201390928113351,False
aae6b3-0-4505553a85c6,INTERMEDIATE_APPROACH,INTERMEDIATE_APPROACH,0.24107417055763802,0.0,0.24107417055763802,False
Dec 29 2025-a4f481-1767023578.64-1767024237.86-958-053ada316540,INTERMEDIATE_APPROACH,INTERMEDIATE_APPROACH,0.3814658323150338,0.0,0.3814658323150338,False
aaf264-0-4d9d6f165ebb,INTERMEDIATE_APPROACH,INTERMEDIATE_APPROACH,0.36584619928258577,0.0,0.36584619928258577,False
Dec 28 2025-a596a3-1766941411.83-1766943163.87-1952-dbc751362f5a,INTERMEDIATE_APPROACH,INTERMEDIATE_APPROACH,0.27335099122582585,0.0,0.27335099122582585,False
Dec 27 2025-a44262-1766838443.86-1766839445.18-1418-5ca40e9f9fc7,INTERMEDIATE_APPROACH,INTERMEDIATE_APPROACH,0.5116129874231965,0.0,0.5116129874231965,False
Dec 28 2025-a86925-1766880745.77-1766881790.94-460-aac09d3d17b4,INTERMEDIATE_APPROACH,INTERMEDIATE_APPROACH,0.24004788862546123,0.0,0.24004788862546123,False
acde8c-0-a4c76558072c,INTERMEDIATE_APPROACH,INTERMEDIATE_APPROACH,0.6480080776655982,0.0,0.6480080776655982,False
Dec 28 2025-a7a89d-1766922995.35-1766924573.77-1876-6032fbdfce86,INTERMEDIATE_APPROACH,INTERMEDIATE_APPROACH,0.0,0.0,0.0,False
Dec 27 2025-a12c22-1766876832.12-1766878240.17-492-93f6b3b0d44b,INTERMEDIATE_APPROACH,INTERMEDIATE_APPROACH,0.06678286037367673,0.0,0.06678286037367673,False
Dec 27 2025-ad2efa-1766843509.96-1766844680.29-3690-96f83d96686f,INTERMEDIATE_APPROACH,INTERMEDIATE_APPROACH,0.2306099032661981,0.0,0.2306099032661981,False
a2b19f-0-46e6a0b972e6,INTERMEDIATE_APPROACH,INTERMEDIATE_APPROACH,0.1676470454763706,0.0,0.1676470454763706,False
Dec 30 2025-a96fb0-1767121180.74-1767123284.68-1584-33cb7261ae1d,INTERMEDIATE_APPROACH,ENROUTE_CLIMB,1.9493410368926338,-1.0,1.8152925413499268,True
Dec 28 2025-a33e08-1766935825.16-1766936766.54-110-b98ca7f98d90,INTERMEDIATE_APPROACH,INTERMEDIATE_APPROACH,0.6227516656710597,0.0,0.6227516656710597,False
Dec 28 2025-a4a484-1766961128.79-1766962133.28-1560-9367cc16053b,INTERMEDIATE_APPROACH,INTERMEDIATE_APPROACH,0.26226890530101127,0.0,0.26226890530101127,False
aa6fca-0-2f2a95e7a490,INTERMEDIATE_APPROACH,INTERMEDIATE_APPROACH,0.2573716553225772,0.0,0.2573716553225772,False
Dec 27 2025-a12c22-1766876832.12-1766878240.17-492-d3b6f976072b,INTERMEDIATE_APPROACH,INTERMEDIATE_APPROACH,0.22075012766327862,0.0,0.22075012766327862,False
Dec 27 2025-a72567-1766869527.01-1766870279.39-1510-93bf5e2aa107,INTERMEDIATE_APPROACH,INTERMEDIATE_APPROACH,0.3410348328792221,0.0,0.3410348328792221,False
Dec 27 2025-ad77d3-1766878538.17-1766879539.23-3116-ac2ca037934d,INTERMEDIATE_APPROACH,INTERMEDIATE_APPROACH,0.17489177832193192,0.0,0.17489177832193192,False
aa1929-0-57e21d88369c,INTERMEDIATE_APPROACH,INTERMEDIATE_APPROACH,1.4628406875170352,-1.0,1.4628406875170352,True
Dec 27 2025-a45f64-1766846111.24-1766847338.24-1462-39f4d472b087,INTERMEDIATE_APPROACH,INTERMEDIATE_APPROACH,0.29407553413467596,0.0,0.29407553413467596,False
Dec 27 2025-a35e47-1766853720.99-1766855125.37-1021-157e79b320fc,INTERMEDIATE_APPROACH,INTERMEDIATE_APPROACH,0.3264083777985031,0.0,0.3264083777985031,False
Dec 28 2025-a93711-1766960885.69-1766961918.64-220-25e56945343a,INTERMEDIATE_APPROACH,INTERMEDIATE_APPROACH,0.7890774543240289,0.0,0.7890774543240289,False
Dec 27 2025-a0f3b0-1766866068.69-1766866386.78-2583-dd88c6b7dc7a,INTERMEDIATE_APPROACH,INTERMEDIATE_APPROACH,0.2059732909500159,0.0,0.2059732909500159,False
Dec 30 2025-ab79d4-1767114487.4-1767118222.42-1835-f4ebf2d68635,INTERMEDIATE_APPROACH,INTERMEDIATE_APPROACH,0.23476470608052105,0.0,0.23476470608052105,False
Dec 27 2025-a915dc-1766878451.06-1766879482.63-3255-ab8ca377d2ec,INTERMEDIATE_APPROACH,INTERMEDIATE_APPROACH,0.26581459268699964,0.0,0.26581459268699964,False
Dec 28 2025-a948c4-1766964743.74-1766965802.79-2376-307f4af42099,INTERMEDIATE_APPROACH,INTERMEDIATE_APPROACH,0.0,0.0,0.0,False
Dec 27 2025-3c4a02-1766861786.22-1766862796.95-39-4e824b95c920,INTERMEDIATE_APPROACH,INTERMEDIATE_APPROACH,0.30946795100737806,0.0,0.30946795100737806,False
Dec 29 2025-ab58b2-1767009630.13-1767010742.17-1303-c92357e137d7,INTERMEDIATE_APPROACH,INTERMEDIATE_APPROACH,0.3283677534594199,0.0,0.3283677534594199,False
Dec 27 2025-a07f60-1766840583.82-1766842074.15-1378-8bdd2f6f602e,INTERMEDIATE_APPROACH,INTERMEDIATE_APPROACH,0.22396240183723434,0.0,0.22396240183723434,False
a92465-0-a8ab3fa8bede,INTERMEDIATE_APPROACH,INTERMEDIATE_APPROACH,0.20327396523239913,0.0,0.20327396523239913,False
Dec 28 2025-a12fda-1766944596.39-1766945850.38-2611-cbc19831d8f1,INTERMEDIATE_APPROACH,INTERMEDIATE_APPROACH,0.1892934323110754,0.0,0.1892934323110754,False
Dec 30 2025-abbdfa-1767138657.1-1767139199.64-2152-b6306681d711,INTERMEDIATE_APPROACH,INTERMEDIATE_APPROACH,0.6580948178591736,0.0,0.6580948178591736,False
Dec 27 2025-adbdc9-1766800168.52-1766801333.96-2984-25148675e8c6,INTERMEDIATE_APPROACH,INTERMEDIATE_APPROACH,0.47019361320901193,0.0,0.47019361320901193,False
Dec 28 2025-a86925-1766930182.11-1766931283.87-462-f2f2e666cb84,INTERMEDIATE_APPROACH,INTERMEDIATE_APPROACH,0.3721261391457191,0.0,0.3721261391457191,False
Dec 28 2025-ab4489-1766949939.07-1766951122.1-1611-3e4fdb0cca6e,INTERMEDIATE_APPROACH,INTERMEDIATE_APPROACH,0.22603334724256482,0.0,0.22603334724256482,False
Dec 27 2025-a35ab8-1766872597.47-1766873488.82-2712-e453ce33049b,INTERMEDIATE_APPROACH,INTERMEDIATE_APPROACH,0.0,0.0,0.0,False
Dec 27 2025-a60ed9-1766803469.46-1766805007.23-3197-e58cab361d0a,INTERMEDIATE_APPROACH,INTERMEDIATE_APPROACH,0.0,0.0,0.0,False
ab9387-0-450dd9fe7c4e,INTERMEDIATE_APPROACH,INTERMEDIATE_APPROACH,0.24119446922536528,0.0,0.24119446922536528,False
Dec 28 2025-a4105b-1766964573.88-1766965629.19-1085-c20c3ef5d534,INTERMEDIATE_APPROACH,INTERMEDIATE_APPROACH,0.07522098556512817,0.0,0.07522098556512817,False
040045-0-5e554e09ec70,INTERMEDIATE_APPROACH,INTERMEDIATE_APPROACH,0.19535795464111233,0.0,0.19535795464111233,False
Dec 27 2025-a4491f-1766876936.39-1766877839.62-466-e7d81babac11,INTERMEDIATE_APPROACH,ENROUTE_CLIMB,0.8856378749569442,0.0,3.3357785878386563,True
Dec 28 2025-a8d5db-1766929738.22-1766930728.87-2626-a0189d44d067,INTERMEDIATE_APPROACH,INTERMEDIATE_APPROACH,0.21154811605863943,0.0,0.21154811605863943,False
ab958b-0-31ea90862a42,INTERMEDIATE_APPROACH,INTERMEDIATE_APPROACH,0.13566667192976148,0.0,0.13566667192976148,False
Dec 29 2025-aa73c3-1767011581.92-1767012889.21-1428-6d6b025272e2,INTERMEDIATE_APPROACH,INTERMEDIATE_APPROACH,0.3908292383150232,0.0,0.3908292383150232,False
Dec 28 2025-a44e24-1766964535.08-1766965607.15-445-1989e891b59b,INTERMEDIATE_APPROACH,INTERMEDIATE_APPROACH,0.6705004161331266,0.0,0.6705004161331266,False
Dec 28 2025-aaf111-1766964288.38-1766965215.29-228-69ebbd69b5c3,INTERMEDIATE_APPROACH,INTERMEDIATE_APPROACH,0.2669941257573391,0.0,0.2669941257573391,False
ad402f-0-98cb8f32653a,INTERMEDIATE_APPROACH,INTERMEDIATE_APPROACH,0.30971692419691355,0.0,0.30971692419691355,False
a90799-0-ea5f25b580bd,INTERMEDIATE_APPROACH,INTERMEDIATE_APPROACH,0.0,0.0,0.0,False
Dec 29 2025-a7d6a8-1766972088.84-1766973058.11-1225-e3679a380303,INTERMEDIATE_APPROACH,INTERMEDIATE_APPROACH,0.4139161298328624,0.0,0.4139161298328624,False
a9973d-0-6a875209a22b,INTERMEDIATE_APPROACH,INTERMEDIATE_APPROACH,0.6423147866426394,0.0,0.6423147866426394,False
485b44-0-92fbff323b18,INTERMEDIATE_APPROACH,INTERMEDIATE_APPROACH,0.37812758613942643,0.0,0.37812758613942643,False
a7e509-0-d0c5863a5ee5,INTERMEDIATE_APPROACH,INTERMEDIATE_APPROACH,0.34594919995585804,0.0,0.34594919995585804,False
a3a78e-0-4ff88c319c4e,INTERMEDIATE_APPROACH,INTERMEDIATE_APPROACH,0.36010646365529464,0.0,0.36010646365529464,False
c07eda-0-ce9672d61f15,INTERMEDIATE_APPROACH,INTERMEDIATE_APPROACH,0.25556979244137207,0.0,0.25556979244137207,False
Dec 28 2025-a40ca4-1766888122.41-1766889100.4-1965-2f1e57a790d6,INTERMEDIATE_APPROACH,INTERMEDIATE_APPROACH,0.2025572898286688,0.0,0.2025572898286688,False
ad036e-0-1a0a5c8d82f5,INTERMEDIATE_APPROACH,INTERMEDIATE_APPROACH,0.21412469617683486,0.0,0.21412469617683486,False
a63b86-0-3c25bedb4a2b,INTERMEDIATE_APPROACH,INTERMEDIATE_APPROACH,0.28201905988586634,0.0,0.28201905988586634,False
Dec 28 2025-ac27f0-1766880975.2-1766882106.95-2925-2de3a8ceca12,INTERMEDIATE_APPROACH,INTERMEDIATE_APPROACH,0.19161422382615215,0.0,0.19161422382615215,False
Dec 27 2025-ab649a-1766862632.67-1766863798.54-2230-5a7680f023b9,INTERMEDIATE_APPROACH,INTERMEDIATE_APPROACH,0.3514944135964786,0.0,0.3514944135964786,False
Dec 28 2025-a445f8-1766888601.39-1766889814.41-3015-9db60c5c9085,INTERMEDIATE_APPROACH,INTERMEDIATE_APPROACH,0.2531059298945081,0.0,0.2531059298945081,False
ab3c58-0-a7d5f7242696,INTERMEDIATE_APPROACH,INTERMEDIATE_APPROACH,0.23705674371094693,0.0,0.23705674371094693,False
Dec 27 2025-aae181-1766856959.28-1766859073.85-1885-ff36b8e8a97f,INTERMEDIATE_APPROACH,INTERMEDIATE_APPROACH,0.5218996544213867,0.0,0.5218996544213867,False
Dec 27 2025-ab0b42-1766868179.96-1766869202.21-952-3b91afb4b47c,INTERMEDIATE_APPROACH,INTERMEDIATE_APPROACH,0.39900119996746714,0.0,0.39900119996746714,False
Dec 30 2025-a75c48-1767136042.09-1767138360.39-687-92694fa1ee88,INTERMEDIATE_APPROACH,INTERMEDIATE_APPROACH,0.4256754647678556,0.0,0.4256754647678556,False
Dec 27 2025-a385c8-1766804666.11-1766805772.39-2954-ced1b66c952f,INTERMEDIATE_APPROACH,INTERMEDIATE_APPROACH,0.6501145582368162,0.0,0.6501145582368162,False
Dec 28 2025-ab38aa-1766924828.54-1766926651.49-2055-02166f2fca41,INTERMEDIATE_APPROACH,INTERMEDIATE_APPROACH,0.5223691476916846,0.0,0.5223691476916846,False
Dec 28 2025-a25d36-1766949041.38-1766950219.51-646-5c5dc2256c58,INTERMEDIATE_APPROACH,INTERMEDIATE_APPROACH,0.0,0.0,0.0,False
ac2859-0-9eb56ae97621,INTERMEDIATE_APPROACH,INTERMEDIATE_APPROACH,0.580843335524853,0.0,0.580843335524853,False
ac77f8-0-c68c4486b8e2,INTERMEDIATE_APPROACH,INTERMEDIATE_APPROACH,0.3766598980946611,0.0,0.3766598980946611,False
a32acf-0-d1e223ed44c9,INTERMEDIATE_APPROACH,INTERMEDIATE_APPROACH,0.0,0.0,0.0,False
a92e73-0-e47f4dcee8d0,INTERMEDIATE_APPROACH,INTERMEDIATE_APPROACH,0.3920689890782756,0.0,0.3920689890782756,False
ab6ba6-0-ccf64b0bfff1,INTERMEDIATE_APPROACH,INTERMEDIATE_APPROACH,0.6388732514427218,0.0,0.6388732514427218,False
Dec 30 2025-a2f080-1767114926.37-1767117252.97-1158-57d8174f13db,INTERMEDIATE_APPROACH,INTERMEDIATE_APPROACH,0.29209420884558657,0.0,0.29209420884558657,False
a7798c-0-4b6811b6de88,INTERMEDIATE_APPROACH,INTERMEDIATE_APPROACH,0.0,0.0,0.0,False
~2c21ae-0-a6aedb7d2668,INTERMEDIATE_APPROACH,INTERMEDIATE_APPROACH,0.4805898360583241,0.0,0.4805898360583241,False
a7a73c-0-ea3d33c2f3af,INTERMEDIATE_APPROACH,INTERMEDIATE_APPROACH,0.1398904610919756,0.0,0.1398904610919756,False
a01f0d-0-01095ecf1065,INTERMEDIATE_APPROACH,INTERMEDIATE_APPROACH,0.5193901660642908,0.0,0.5193901660642908,False
Dec 27 2025-a47d11-1766830755.27-1766831814.84-246-c077942846d6,INTERMEDIATE_APPROACH,INTERMEDIATE_APPROACH,0.39676268310475965,0.0,0.39676268310475965,False
a50e93-0-2f85e3f2a211,INTERMEDIATE_APPROACH,INTERMEDIATE_APPROACH,0.1784516210422092,0.0,0.1784516210422092,False
a2b151-0-eb378fe9eeac,INTERMEDIATE_APPROACH,INTERMEDIATE_APPROACH,0.21396631616727335,0.0,0.21396631616727335,False
a960ad-0-d1b3339a1f30,INTERMEDIATE_APPROACH,INTERMEDIATE_APPROACH,0.4981302785176237,0.0,0.4981302785176237,False
Dec 28 2025-ad67ae-1766935364.56-1766936325.69-2100-452a99051d5c,INTERMEDIATE_APPROACH,INTERMEDIATE_APPROACH,0.32337562650873386,0.0,0.32337562650873386,False
Dec 28 2025-aa6d47-1766944418.35-1766945457.11-841-e268473bc3c7,INTERMEDIATE_APPROACH,INTERMEDIATE_APPROACH,0.0,0.0,0.0,False
Dec 28 2025-a38f74-1766954983.66-1766956326.15-1363-2ef5d80e5644,INTERMEDIATE_APPROACH,INTERMEDIATE_APPROACH,0.43723417309823287,0.0,0.43723417309823287,False
a8e35b-0-c5e47482e018,INTERMEDIATE_APPROACH,INTERMEDIATE_APPROACH,0.39060431789256655,0.0,0.39060431789256655,False
Dec 30 2025-a88f1b-1767129289.5-1767133614.12-269-65f69b988e50,INTERMEDIATE_APPROACH,INTERMEDIATE_APPROACH,0.2539182744112495,0.0,0.2539182744112495,False
aa7a1f-0-3f03f5dbcce1,INTERMEDIATE_APPROACH,INTERMEDIATE_APPROACH,0.2540916513183247,0.0,0.2540916513183247,False
a91a0e-0-3ea43817e923,INTERMEDIATE_APPROACH,INTERMEDIATE_APPROACH,0.1671912720448094,0.0,0.1671912720448094,False
Dec 28 2025-a1584a-1766885947.1-1766887123.63-870-da62ef261eac,INTERMEDIATE_APPROACH,INTERMEDIATE_APPROACH,0.20534849701091926,0.0,0.20534849701091926,False
a6fc80-0-2dfc40857f07,INTERMEDIATE_APPROACH,INTERMEDIATE_APPROACH,0.24472196373757424,0.0,0.24472196373757424,False
Dec 28 2025-a34ae0-1766884915.49-1766885935.25-2703-893e75a46c3b,INTERMEDIATE_APPROACH,INTERMEDIATE_APPROACH,0.3984062748069245,0.0,0.3984062748069245,False
Dec 28 2025-ac8d42-1766956022.24-1766957343.23-784-d123eea968fa,INTERMEDIATE_APPROACH,INTERMEDIATE_APPROACH,0.41723218413621027,0.0,0.41723218413621027,False
40641d-0-59ff91158b3a,INTERMEDIATE_APPROACH,INTERMEDIATE_APPROACH,0.20612223688383383,0.0,0.20612223688383383,False
a6612c-0-c1a81e9deeb9,INTERMEDIATE_APPROACH,INTERMEDIATE_APPROACH,0.14145363970751304,0.0,0.14145363970751304,False
a45c62-0-74d475841136,INTERMEDIATE_APPROACH,INTERMEDIATE_APPROACH,0.44200322840711814,0.0,0.44200322840711814,False
a7daf1-0-47b340d92503,INTERMEDIATE_APPROACH,INTERMEDIATE_APPROACH,0.0,0.0,0.0,False
a46e6a-0-537b8c4be71a,INTERMEDIATE_APPROACH,INTERMEDIATE_APPROACH,0.0,0.0,0.0,False
a736a7-0-195290dce639,INTERMEDIATE_APPROACH,INTERMEDIATE_APPROACH,0.29321180758042936,0.0,0.29321180758042936,False
a88f1b-0-3068a7a7d919,INTERMEDIATE_APPROACH,INTERMEDIATE_APPROACH,0.22090141874915134,0.0,0.22090141874915134,False
Dec 28 2025-a0d6a8-1766965408.34-1766966399.95-2031-df6452910fb0,INTERMEDIATE_APPROACH,INTERMEDIATE_APPROACH,0.28501429669290235,0.0,0.28501429669290235,False
abd57e-0-7cd8581646a8,INTERMEDIATE_APPROACH,INTERMEDIATE_APPROACH,0.643599880771451,0.0,0.643599880771451,False
aa0f8d-0-a138734e4610,INTERMEDIATE_APPROACH,INTERMEDIATE_APPROACH,0.3732992894880449,0.0,0.3732992894880449,False
a06f63-0-8ada431aacf0,INTERMEDIATE_APPROACH,INTERMEDIATE_APPROACH,0.305471084871285,0.0,0.305471084871285,False
Dec 28 2025-acfc05-1766883973.07-1766885014.13-85-a0d355d6cbcd,INTERMEDIATE_APPROACH,INTERMEDIATE_APPROACH,0.17374982030639755,0.0,0.17374982030639755,False
Dec 27 2025-ab4866-1766833078.32-1766834163.83-1499-6356958c4d6c,INTERMEDIATE_APPROACH,INTERMEDIATE_APPROACH,0.9509131884085377,0.0,0.9509131884085377,False
a0f60d-0-f7554a9208be,INTERMEDIATE_APPROACH,FINAL_APPROACH,0.6046755076479643,0.0,0.1565688992861053,False
Dec 30 2025-aa2523-1767122869.26-1767126206.31-354-6d9905524795,INTERMEDIATE_APPROACH,INTERMEDIATE_APPROACH,0.3083102311449632,0.0,0.3083102311449632,False
ab2408-0-28ebd3b10a48,INTERMEDIATE_APPROACH,INTERMEDIATE_APPROACH,0.28774172171436474,0.0,0.28774172171436474,False
Dec 27 2025-a79b93-1766806000.03-1766806756.93-2130-1e9afa6343a9,INTERMEDIATE_APPROACH,INTERMEDIATE_APPROACH,0.5864250241520476,0.0,0.5864250241520476,False
aca015-0-732a74e71745,INTERMEDIATE_APPROACH,INTERMEDIATE_APPROACH,0.47847804660845106,0.0,0.47847804660845106,False
Dec 28 2025-a446eb-1766895490.61-1766896392.19-2848-735106c21f2c,INTERMEDIATE_APPROACH,INTERMEDIATE_APPROACH,0.3453348269991935,0.0,0.3453348269991935,False
a1c794-0-026652760cb0,INTERMEDIATE_APPROACH,INTERMEDIATE_APPROACH,0.2797659748975042,0.0,0.2797659748975042,False
Dec 27 2025-a4105b-1766848262.36-1766849231.55-1330-2884315b1c6e,INTERMEDIATE_APPROACH,INTERMEDIATE_APPROACH,0.4190899317649986,0.0,0.4190899317649986,False
0d09e3-0-4ae282e47bba,INTERMEDIATE_APPROACH,INTERMEDIATE_APPROACH,0.4186665592529343,0.0,0.4186665592529343,False
Dec 27 2025-abde0b-1766837935.22-1766838968.13-146-f2a66664d4eb,INTERMEDIATE_APPROACH,INTERMEDIATE_APPROACH,0.34665900948264855,0.0,0.34665900948264855,False
Dec 27 2025-a997cc-1766803256.88-1766804399.81-3018-62cc7e091154,INTERMEDIATE_APPROACH,INTERMEDIATE_APPROACH,0.2996421862117588,0.0,0.2996421862117588,False
a561e8-0-2cb56bcfa942,INTERMEDIATE_APPROACH,INTERMEDIATE_APPROACH,0.23791797026545006,0.0,0.23791797026545006,False
Dec 28 2025-ab7e4d-1766960801.71-1766962918.8-920-5e3f80f9ff70,INTERMEDIATE_APPROACH,INTERMEDIATE_APPROACH,1.5910388236729625,-1.0,1.5910388236729625,True
a7e023-0-435f0ea8c7f5,INTERMEDIATE_APPROACH,INTERMEDIATE_APPROACH,0.44469170237414657,0.0,0.44469170237414657,False
Dec 27 2025-a73aec-1766867092.67-1766868126.57-3495-098fd4b2d827,INTERMEDIATE_APPROACH,INTERMEDIATE_APPROACH,0.30425370390386364,0.0,0.30425370390386364,False
Dec 28 2025-a4462e-1766934269.79-1766935323.09-562-3e5033752fdd,INTERMEDIATE_APPROACH,INTERMEDIATE_APPROACH,0.1920741753159483,0.0,0.1920741753159483,False
Dec 27 2025-a50f80-1766861981.32-1766863103.71-1854-bebd6dc1906b,INTERMEDIATE_APPROACH,INTERMEDIATE_APPROACH,0.17738817571160925,0.0,0.17738817571160925,False
Dec 28 2025-a1df47-1766949872.07-1766951331.31-837-e104853820e3,INTERMEDIATE_APPROACH,INTERMEDIATE_APPROACH,0.0,0.0,0.0,False
a70885-0-5289f822f165,INTERMEDIATE_APPROACH,INTERMEDIATE_APPROACH,0.23940194941109683,0.0,0.23940194941109683,False
Dec 27 2025-a3f401-1766840811.96-1766842235.64-26-87080c252cc9,INTERMEDIATE_APPROACH,INTERMEDIATE_APPROACH,0.43862486518817473,0.0,0.43862486518817473,False
a9d66c-0-b91bdaf5c87e,INTERMEDIATE_APPROACH,INTERMEDIATE_APPROACH,0.9598471750880953,0.0,0.9598471750880953,False
a09961-0-fbf0abba655b,INTERMEDIATE_APPROACH,INTERMEDIATE_APPROACH,0.3092016866469554,0.0,0.3092016866469554,False
Dec 29 2025-4006c4-1766966403.52-1766967489.35-1431-962c0e39f741,INTERMEDIATE_APPROACH,INTERMEDIATE_APPROACH,0.7461472484211583,0.0,0.7461472484211583,False
Dec 29 2025-a3be36-1767021588.35-1767022267.94-402-91b7368e4674,INTERMEDIATE_APPROACH,INTERMEDIATE_APPROACH,0.2075879899094644,0.0,0.2075879899094644,False
Dec 29 2025-a54520-1767019594.86-1767020699.9-227-0447bfdaf3d9,INTERMEDIATE_APPROACH,ENROUTE_CLIMB,1.3304325238147894,-1.0,3.7684606835536885,True
Dec 29 2025-ada167-1766987755.23-1766988996.59-773-c778973a7e5d,INTERMEDIATE_APPROACH,INTERMEDIATE_APPROACH,0.36511186587111955,0.0,0.36511186587111955,False
Dec 27 2025-a6a977-1766840121.62-1766843115.9-1718-e7afbf10c8a2,INTERMEDIATE_APPROACH,INTERMEDIATE_APPROACH,1.2909108659718185,-1.0,1.2909108659718185,True
ad01ab-0-9ca7159e9601,INTERMEDIATE_APPROACH,INTERMEDIATE_APPROACH,0.2939753116739644,0.0,0.2939753116739644,False
Dec 28 2025-ad2efa-1766887543.29-1766888620.83-3041-86665cf4adfa,INTERMEDIATE_APPROACH,INTERMEDIATE_APPROACH,0.3650997543712823,0.0,0.3650997543712823,False
Dec 28 2025-4ac8a8-1766957645.18-1766958613.28-2024-4ff33ec9309e,INTERMEDIATE_APPROACH,INTERMEDIATE_APPROACH,0.0,0.0,0.0,False
Dec 29 2025-a38019-1766971604.45-1766972760.66-176-2ad5ab24ba9a,INTERMEDIATE_APPROACH,INTERMEDIATE_APPROACH,0.30512659925653035,0.0,0.30512659925653035,False
Dec 29 2025-a99876-1766976208.35-1766977345.73-875-4e26106b6051,INTERMEDIATE_APPROACH,INTERMEDIATE_APPROACH,0.22177306657365078,0.0,0.22177306657365078,False
a1373d-0-71abd5be09cf,INTERMEDIATE_APPROACH,INTERMEDIATE_APPROACH,0.7734520485128807,0.0,0.7734520485128807,False
a1c53d-0-6503a4db1a67,INTERMEDIATE_APPROACH,INTERMEDIATE_APPROACH,0.3319895565007913,0.0,0.3319895565007913,False
abc29a-0-e9626372eef0,INTERMEDIATE_APPROACH,INTERMEDIATE_APPROACH,0.5929885072719489,0.0,0.5929885072719489,False
Dec 27 2025-a4556d-1766868684.89-1766869881.57-1582-b0e01151b723,INTERMEDIATE_APPROACH,INTERMEDIATE_APPROACH,0.3340590863345838,0.0,0.3340590863345838,False
Dec 28 2025-a26c12-1766965569.93-1766966398.4-239-f2a498fb7e14,INTERMEDIATE_APPROACH,INTERMEDIATE_APPROACH,0.35767890286002063,0.0,0.35767890286002063,False
a88eae-0-6076055b54f1,INTERMEDIATE_APPROACH,INTERMEDIATE_APPROACH,1.241393456194651,-1.0,1.241393456194651,True
abb68c-0-f7f6f34c8110,INTERMEDIATE_APPROACH,INTERMEDIATE_APPROACH,0.30629752082377276,0.0,0.30629752082377276,False
a32acf-0-4c0f57536898,INTERMEDIATE_APPROACH,INTERMEDIATE_APPROACH,0.13998405610524234,0.0,0.13998405610524234,False
Dec 27 2025-a8e262-1766842442.11-1766843541.58-1434-0246908aa2ea,INTERMEDIATE_APPROACH,INTERMEDIATE_APPROACH,0.17659151147446103,0.0,0.17659151147446103,False
Dec 30 2025-a0cba9-1767126895.53-1767128208.05-1527-24bee0e959df,INTERMEDIATE_APPROACH,INTERMEDIATE_APPROACH,1.0039746217112009,-1.0,1.0039746217112009,True
ad2b43-0-1fd223cb5543,INTERMEDIATE_APPROACH,INTERMEDIATE_APPROACH,0.38787336561686775,0.0,0.38787336561686775,False
a0f60d-0-d5776d81b78f,INTERMEDIATE_APPROACH,INTERMEDIATE_APPROACH,0.2487997656344303,0.0,0.2487997656344303,False
Dec 27 2025-a8de33-1766802078.36-1766803155.24-705-b7908cd0bee7,INTERMEDIATE_APPROACH,INTERMEDIATE_APPROACH,0.1268260113903034,0.0,0.1268260113903034,False
Dec 29 2025-a996e1-1766973343.39-1766974424.78-1635-bddf124d29cb,INTERMEDIATE_APPROACH,INTERMEDIATE_APPROACH,0.34486111367124433,0.0,0.34486111367124433,False
ad3a05-0-1dad7f7d9b08,INTERMEDIATE_APPROACH,INTERMEDIATE_APPROACH,0.10445323678634809,0.0,0.10445323678634809,False
Dec 27 2025-ad23d5-1766835580.9-1766836590.04-3151-d86ebfdd6982,INTERMEDIATE_APPROACH,INTERMEDIATE_APPROACH,0.40197890863538704,0.0,0.40197890863538704,False
Dec 28 2025-a3524e-1766926123.37-1766927545.59-929-80435413d924,INTERMEDIATE_APPROACH,INTERMEDIATE_APPROACH,0.3234741613402219,0.0,0.3234741613402219,False
Dec 28 2025-a3b796-1766886472.93-1766887481.35-1770-ae7014c8bd8d,INTERMEDIATE_APPROACH,INTERMEDIATE_APPROACH,0.0,0.0,0.0,False
Dec 27 2025-a38c66-1766866106.78-1766867223.14-1490-42ce6e3a0a25,INTERMEDIATE_APPROACH,INTERMEDIATE_APPROACH,0.5100717547421294,0.0,0.5100717547421294,False
Dec 28 2025-a417c9-1766959631.7-1766960628.45-2422-f597e25bf1c6,INTERMEDIATE_APPROACH,INTERMEDIATE_APPROACH,0.1562264616483894,0.0,0.1562264616483894,False
Dec 27 2025-a2000d-1766842470.27-1766843622.45-165-cd529fd8ec35,INTERMEDIATE_APPROACH,INTERMEDIATE_APPROACH,0.33731142409701337,0.0,0.33731142409701337,False
a80f63-0-d47b323fc562,INTERMEDIATE_APPROACH,FINAL_APPROACH,0.5787866746238685,0.0,0.21059887317212037,False
Dec 30 2025-a5f007-1767129399.89-1767130069.94-74-3fa531a3b801,INTERMEDIATE_APPROACH,INTERMEDIATE_APPROACH,0.22545033427031944,0.0,0.22545033427031944,False
ab8fd0-0-b4bdc363b53a,INTERMEDIATE_APPROACH,INTERMEDIATE_APPROACH,0.30856933019927324,0.0,0.30856933019927324,False
aba7b0-0-216cfbf1591d,INTERMEDIATE_APPROACH,INTERMEDIATE_APPROACH,0.3733763797259711,0.0,0.3733763797259711,False
Dec 30 2025-ac6497-1767112068.81-1767113729.58-1350-42473157b6dc,INTERMEDIATE_APPROACH,INTERMEDIATE_APPROACH,0.22948258921013776,0.0,0.22948258921013776,False
Dec 28 2025-ad474c-1766949452.45-1766950587.91-906-84d21ea195e6,INTERMEDIATE_APPROACH,INTERMEDIATE_APPROACH,0.30825862616999095,0.0,0.30825862616999095,False
a62da0-0-227680cb9883,INTERMEDIATE_APPROACH,INTERMEDIATE_APPROACH,0.4904945072935796,0.0,0.4904945072935796,False
a9122e-0-5f77d38e6105,INTERMEDIATE_APPROACH,INTERMEDIATE_APPROACH,0.2828730658816857,0.0,0.2828730658816857,False
Dec 30 2025-ac2ce7-1767129460.34-1767130506.62-1997-2f7cb26674df,INTERMEDIATE_APPROACH,INTERMEDIATE_APPROACH,0.6024185112376201,0.0,0.6024185112376201,False
Dec 30 2025-a360ee-1767102398.59-1767103232.11-2045-d7c6c51387b7,INTERMEDIATE_APPROACH,INTERMEDIATE_APPROACH,0.3252530127736614,0.0,0.3252530127736614,False
a35e69-0-9f653d949dd2,INTERMEDIATE_APPROACH,INTERMEDIATE_APPROACH,0.40828931189394957,0.0,0.40828931189394957,False
Dec 28 2025-adab36-1766932591.93-1766933479.69-659-57e0506463db,INTERMEDIATE_APPROACH,INTERMEDIATE_APPROACH,0.30942590633995265,0.0,0.30942590633995265,False
a43e60-0-e9cdc157102a,INTERMEDIATE_APPROACH,INTERMEDIATE_APPROACH,0.2246286119202835,0.0,0.2246286119202835,False
Dec 27 2025-abbd2d-1766860664.98-1766861706.1-642-a04bcfca6bcc,INTERMEDIATE_APPROACH,INTERMEDIATE_APPROACH,0.2870879959300143,0.0,0.2870879959300143,False
aa693c-0-27b3d7bc462b,INTERMEDIATE_APPROACH,INTERMEDIATE_APPROACH,0.5256826486496705,0.0,0.5256826486496705,False
Dec 28 2025-a0d6a8-1766951357.09-1766952515.38-2029-6169f2e95380,INTERMEDIATE_APPROACH,INTERMEDIATE_APPROACH,0.4284642485547921,0.0,0.4284642485547921,False
Dec 27 2025-a88752-1766833767.42-1766835060.1-1224-d4f6b88b298c,INTERMEDIATE_APPROACH,INTERMEDIATE_APPROACH,0.3055534546038994,0.0,0.3055534546038994,False
Dec 27 2025-ac3110-1766872338.89-1766875733.96-235-00e61011cf55,INTERMEDIATE_APPROACH,FINAL_APPROACH,0.6251154484207662,0.0,0.2895664776834767,False
a06408-0-4458a842e40e,INTERMEDIATE_APPROACH,INTERMEDIATE_APPROACH,0.9272697585310493,0.0,0.9272697585310493,False
a63f08-0-872381bf8669,INTERMEDIATE_APPROACH,INTERMEDIATE_APPROACH,0.4708691527436158,0.0,0.4708691527436158,False
Dec 28 2025-a52d10-1766962690.57-1766965235.86-208-a56d19e18fa1,INTERMEDIATE_APPROACH,INTERMEDIATE_APPROACH,0.1935291766529743,0.0,0.1935291766529743,False
Dec 28 2025-a97c9a-1766956932.56-1766958117.78-1830-f1eaef9c8b97,INTERMEDIATE_APPROACH,INTERMEDIATE_APPROACH,0.37729154180283186,0.0,0.37729154180283186,False
Dec 28 2025-a890fe-1766886370.8-1766887283.89-3079-ae5e5b2daa56,INTERMEDIATE_APPROACH,INTERMEDIATE_APPROACH,0.6041943430807968,0.0,0.6041943430807968,False
Dec 27 2025-a90110-1766861296.01-1766862185.25-232-74f6884f2ef5,INTERMEDIATE_APPROACH,INTERMEDIATE_APPROACH,0.5297810722596916,0.0,0.5297810722596916,False
Dec 28 2025-a850dc-1766952653.86-1766953741.83-2662-cbd0bf6dfa68,INTERMEDIATE_APPROACH,INTERMEDIATE_APPROACH,0.24453857766361603,0.0,0.24453857766361603,False
Dec 27 2025-a28c9b-1766871669.99-1766872730.17-2236-bf5d18503870,INTERMEDIATE_APPROACH,INTERMEDIATE_APPROACH,0.17218753857101352,0.0,0.17218753857101352,False
a46e6a-0-c8977bea4cae,INTERMEDIATE_APPROACH,INTERMEDIATE_APPROACH,0.37368077040084363,0.0,0.37368077040084363,False
Dec 27 2025-acb82c-1766874286.51-1766875345.83-632-cc7dcdf9d706,INTERMEDIATE_APPROACH,INTERMEDIATE_APPROACH,0.5220349781232283,0.0,0.5220349781232283,False
a3b86c-0-97f0b73481f3,INTERMEDIATE_APPROACH,INTERMEDIATE_APPROACH,0.1563031303273193,0.0,0.1563031303273193,False
a0540a-0-75b5733247bf,INTERMEDIATE_APPROACH,INTERMEDIATE_APPROACH,0.19856113414876542,0.0,0.19856113414876542,False
Dec 28 2025-a4aa62-1766930685.75-1766932533.05-1153-421e5a3ca30f,INTERMEDIATE_APPROACH,INTERMEDIATE_APPROACH,2.49454484880819,-1.0,2.49454484880819,True
Dec 27 2025-a3ed69-1766843155.32-1766844281.24-1533-e3f717d6b35b,INTERMEDIATE_APPROACH,INTERMEDIATE_APPROACH,0.5122818233254232,0.0,0.5122818233254232,False
Dec 28 2025-ad63f7-1766920559.42-1766921471.53-3006-befcc2f23624,INTERMEDIATE_APPROACH,INTERMEDIATE_APPROACH,0.18672044136543614,0.0,0.18672044136543614,False
a1bcfd-0-2e382e292bed,INTERMEDIATE_APPROACH,INTERMEDIATE_APPROACH,0.31546515971827754,0.0,0.31546515971827754,False
acf735-0-8bc2bb26cb3f,INTERMEDIATE_APPROACH,FINAL_APPROACH,0.8413552511442246,0.0,0.2605018349067079,False
Dec 28 2025-a63774-1766953056.89-1766953245.24-1368-92bcb905427a,INTERMEDIATE_APPROACH,INTERMEDIATE_APPROACH,0.5478543952528678,0.0,0.5478543952528678,False
ad5460-0-e4d8d84eb523,INTERMEDIATE_APPROACH,INTERMEDIATE_APPROACH,0.4056355353639976,0.0,0.4056355353639976,False
a6fc80-0-60980274d46e,INTERMEDIATE_APPROACH,FINAL_APPROACH,0.9068657054562181,0.0,0.3444280828492932,False
Dec 28 2025-a959b4-1766965545.54-1766966391.93-2176-d75fbf087a33,INTERMEDIATE_APPROACH,INTERMEDIATE_APPROACH,0.15408031491473126,0.0,0.15408031491473126,False
Dec 27 2025-a5f5bf-1766876587.0-1766877573.25-2844-0c63ce0b8891,INTERMEDIATE_APPROACH,FINAL_APPROACH,0.2920533834255688,0.0,0.313769360944085,False
a6ba7a-0-9fd3d66a8d67,INTERMEDIATE_APPROACH,INTERMEDIATE_APPROACH,0.5024705833720139,0.0,0.5024705833720139,False
Dec 28 2025-a3d3f0-1766953721.28-1766954782.81-2916-87ae6297a92c,INTERMEDIATE_APPROACH,INTERMEDIATE_APPROACH,0.1695284588036491,0.0,0.1695284588036491,False
Dec 27 2025-a47597-1766875957.69-1766877049.5-2193-9175297544aa,INTERMEDIATE_APPROACH,INTERMEDIATE_APPROACH,0.217540878993352,0.0,0.217540878993352,False
Dec 27 2025-a93d40-1766874401.02-1766875920.18-903-27980c38304c,INTERMEDIATE_APPROACH,INTERMEDIATE_APPROACH,0.0,0.0,0.0,False
Dec 27 2025-ad52c2-1766866967.17-1766867960.01-2894-9efb2325cde3,INTERMEDIATE_APPROACH,INTERMEDIATE_APPROACH,0.26814779022668683,0.0,0.26814779022668683,False
Dec 27 2025-a51601-1766852475.32-1766853539.55-29-154ad8fd9229,INTERMEDIATE_APPROACH,INTERMEDIATE_APPROACH,0.4341877985303357,0.0,0.4341877985303357,False
a47597-0-2951dcf8bdac,INTERMEDIATE_APPROACH,INTERMEDIATE_APPROACH,0.8569209148658067,0.0,0.8569209148658067,False
ac4963-0-f770afb5da7b,INTERMEDIATE_APPROACH,INTERMEDIATE_APPROACH,0.29930279443005514,0.0,0.29930279443005514,False
Dec 28 2025-a8fd5a-1766936063.99-1766937040.7-1074-3453555f8979,INTERMEDIATE_APPROACH,INTERMEDIATE_APPROACH,0.25018274064578555,0.0,0.25018274064578555,False
a5124c-0-e0ca394a5c35,INTERMEDIATE_APPROACH,INTERMEDIATE_APPROACH,0.33322598698305694,0.0,0.33322598698305694,False
ab4712-0-2df3238b6265,INTERMEDIATE_APPROACH,INTERMEDIATE_APPROACH,0.5487931040241922,0.0,0.5487931040241922,False
Dec 28 2025-ab72b3-1766934202.71-1766935141.14-2154-b9b4f78d277c,INTERMEDIATE_APPROACH,INTERMEDIATE_APPROACH,0.2756456813999339,0.0,0.2756456813999339,False
a46304-0-7ff72fee0a41,INTERMEDIATE_APPROACH,INTERMEDIATE_APPROACH,0.36996501200768883,0.0,0.36996501200768883,False
ab6ba6-0-c77a662eaa15,INTERMEDIATE_APPROACH,INTERMEDIATE_APPROACH,0.6599512888334305,0.0,0.6599512888334305,False
a9dffd-0-e9343c55ccba,INTERMEDIATE_APPROACH,FINAL_APPROACH,1.0014631052899254,-1.0,0.30210294275067284,False
Dec 27 2025-ab94ab-1766860505.08-1766865552.49-2527-51b010eaad90,INTERMEDIATE_APPROACH,INTERMEDIATE_APPROACH,0.45812864401293857,0.0,0.45812864401293857,False
Dec 27 2025-a07f60-1766875419.35-1766876370.36-1382-fc52b9378277,INTERMEDIATE_APPROACH,INTERMEDIATE_APPROACH,0.18098734685908924,0.0,0.18098734685908924,False
a07f4d-0-c37357525a6c,INTERMEDIATE_APPROACH,INTERMEDIATE_APPROACH,0.34212323150569424,0.0,0.34212323150569424,False
Dec 27 2025-3949f4-1766863596.37-1766864561.86-3584-4b8e83af1c6b,INTERMEDIATE_APPROACH,INTERMEDIATE_APPROACH,0.179164252230828,0.0,0.179164252230828,False
aa01b5-0-7c6dc20551cc,INTERMEDIATE_APPROACH,INTERMEDIATE_APPROACH,0.34925057148989347,0.0,0.34925057148989347,False
Dec 27 2025-aa4080-1766859376.19-1766859841.14-1866-be8a67df7f71,INTERMEDIATE_APPROACH,INTERMEDIATE_APPROACH,0.8882000391000556,0.0,0.8882000391000556,False
Dec 28 2025-ad5c33-1766932013.09-1766932972.42-626-a8d0a0fa1f40,INTERMEDIATE_APPROACH,INTERMEDIATE_APPROACH,0.34406751125526475,0.0,0.34406751125526475,False
a52c2d-0-b9125fc16b4e,INTERMEDIATE_APPROACH,INTERMEDIATE_APPROACH,0.43367202653879133,0.0,0.43367202653879133,False
Dec 30 2025-a5d68e-1767115461.56-1767117928.56-1257-8ecd54de0483,INTERMEDIATE_APPROACH,INTERMEDIATE_APPROACH,0.3425873785226517,0.0,0.3425873785226517,False
a1c918-0-5dfe36480dc7,INTERMEDIATE_APPROACH,INTERMEDIATE_APPROACH,0.23497604136439626,0.0,0.23497604136439626,False
a111bd-0-682e45ced2a3,INTERMEDIATE_APPROACH,INTERMEDIATE_APPROACH,0.6551920110207391,0.0,0.6551920110207391,False
a69530-0-dde47ed8d6e1,INTERMEDIATE_APPROACH,INTERMEDIATE_APPROACH,0.324256362386084,0.0,0.324256362386084,False
Dec 27 2025-a42f43-1766862136.29-1766863685.8-965-ea6b5381af34,INTERMEDIATE_APPROACH,INTERMEDIATE_APPROACH,0.1620761780681431,0.0,0.1620761780681431,False
a924fc-0-52f8f694894c,INTERMEDIATE_APPROACH,INTERMEDIATE_APPROACH,0.41628681292966124,0.0,0.41628681292966124,False
Dec 27 2025-a46304-1766851910.91-1766853100.84-67-36fbb7b13b8c,INTERMEDIATE_APPROACH,INTERMEDIATE_APPROACH,0.0,0.0,0.0,False
a70885-0-8ea2b6af36c3,INTERMEDIATE_APPROACH,INTERMEDIATE_APPROACH,0.0,0.0,0.0,False
a74505-0-b281c8f74387,INTERMEDIATE_APPROACH,INTERMEDIATE_APPROACH,0.4401150479342643,0.0,0.4401150479342643,False
Dec 29 2025-4006c4-1766966403.52-1766967489.35-1431-d036df3e6ed3,INTERMEDIATE_APPROACH,INTERMEDIATE_APPROACH,0.0,0.0,0.0,False
Dec 27 2025-a38884-1766877892.08-1766879983.81-1910-768ca563233d,INTERMEDIATE_APPROACH,INTERMEDIATE_APPROACH,0.2446824631761055,0.0,0.2446824631761055,False
a08a41-0-e40d85c14f41,INTERMEDIATE_APPROACH,INTERMEDIATE_APPROACH,0.0,0.0,0.0,False
a6fc80-0-c7f0f66c83b7,INTERMEDIATE_APPROACH,INTERMEDIATE_APPROACH,0.21778155838112795,0.0,0.21778155838112795,False
a48a8f-0-d77a07af3ae6,INTERMEDIATE_APPROACH,INTERMEDIATE_APPROACH,0.1904430270533847,0.0,0.1904430270533847,False
abe7c5-0-0f08ec4434ac,INTERMEDIATE_APPROACH,INTERMEDIATE_APPROACH,0.2093684537134129,0.0,0.2093684537134129,False
485b45-0-f06df41f2586,INTERMEDIATE_APPROACH,INTERMEDIATE_APPROACH,0.39641621716765263,0.0,0.39641621716765263,False
aba7b0-0-0f1fcbee7147,INTERMEDIATE_APPROACH,INTERMEDIATE_APPROACH,0.0,0.0,0.0,False
Dec 27 2025-71c076-1766813803.03-1766815108.4-1705-5ba820eb82e3,INTERMEDIATE_APPROACH,INTERMEDIATE_APPROACH,0.49319248325243364,0.0,0.49319248325243364,False
Dec 27 2025-ac4963-1766798995.04-1766800074.08-1455-3a0b111fab26,INTERMEDIATE_APPROACH,INTERMEDIATE_APPROACH,0.20188660164420777,0.0,0.20188660164420777,False
a1bc9f-0-1b11372f6784,INTERMEDIATE_APPROACH,INTERMEDIATE_APPROACH,0.2772851918266335,0.0,0.2772851918266335,False
Dec 28 2025-ad6b14-1766884417.53-1766885401.1-276-047191050d7a,INTERMEDIATE_APPROACH,INTERMEDIATE_APPROACH,0.27688426342242095,0.0,0.27688426342242095,False
Dec 27 2025-a1f3e0-1766857046.66-1766861305.34-3315-c163f0b3dd6e,INTERMEDIATE_APPROACH,INTERMEDIATE_APPROACH,0.47143338295300347,0.0,0.47143338295300347,False
a7b032-0-4fe18d2cf26b,INTERMEDIATE_APPROACH,INTERMEDIATE_APPROACH,0.286885308510705,0.0,0.286885308510705,False
Dec 27 2025-a919cd-1766843517.04-1766844505.09-3033-229e297fa5e3,INTERMEDIATE_APPROACH,INTERMEDIATE_APPROACH,0.37934109643144875,0.0,0.37934109643144875,False
Dec 27 2025-a48321-1766879354.74-1766879999.75-486-5e21cbe95f90,INTERMEDIATE_APPROACH,INTERMEDIATE_APPROACH,0.0,0.0,0.0,False
Dec 30 2025-a80ba5-1767120483.67-1767122267.84-1500-b7f069672ec1,INTERMEDIATE_APPROACH,FINAL_APPROACH,1.072383419582267,-1.0,0.4206288027011765,False
Dec 27 2025-ac119d-1766796565.5-1766798029.86-2286-92a080ea40fd,INTERMEDIATE_APPROACH,INTERMEDIATE_APPROACH,0.2128649226489842,0.0,0.2128649226489842,False
Dec 27 2025-ab6fbf-1766869036.95-1766870106.68-2853-7069cc93ee39,INTERMEDIATE_APPROACH,INTERMEDIATE_APPROACH,0.3583177879131119,0.0,0.3583177879131119,False
a600a6-0-cf7a1a9057d4,INTERMEDIATE_APPROACH,INTERMEDIATE_APPROACH,0.53117784062319,0.0,0.53117784062319,False
a67040-0-14807bb563f9,INTERMEDIATE_APPROACH,INTERMEDIATE_APPROACH,0.0,0.0,0.0,False
ac7e60-0-7efd39cfbec5,INTERMEDIATE_APPROACH,INTERMEDIATE_APPROACH,0.25974760452661966,0.0,0.25974760452661966,False
Dec 29 2025-a44591-1766968186.44-1766969282.41-1058-f52e0399d6c4,INTERMEDIATE_APPROACH,INTERMEDIATE_APPROACH,0.34868798741956103,0.0,0.34868798741956103,False
Dec 29 2025-a05343-1767016620.1-1767017425.74-502-de5d8cc00bdb,INTERMEDIATE_APPROACH,ENROUTE_CLIMB,1.8779503197650749,-1.0,2.5781623921716927,True
Dec 27 2025-a28c9b-1766871669.99-1766872730.17-2236-8d0785103767,INTERMEDIATE_APPROACH,INTERMEDIATE_APPROACH,0.27967012534108326,0.0,0.27967012534108326,False
aafdd5-0-bbade3cb3541,INTERMEDIATE_APPROACH,INTERMEDIATE_APPROACH,0.32840975543585343,0.0,0.32840975543585343,False
Dec 28 2025-a34ae0-1766964991.4-1766966270.59-2705-a93d2cbb5f28,INTERMEDIATE_APPROACH,INTERMEDIATE_APPROACH,0.7523948620383846,0.0,0.7523948620383846,False
Dec 27 2025-acad53-1766794737.04-1766795847.71-1239-428e72b006b9,INTERMEDIATE_APPROACH,INTERMEDIATE_APPROACH,0.3818879913600676,0.0,0.3818879913600676,False
Dec 27 2025-a564d3-1766852783.92-1766853874.76-3095-01b030673113,INTERMEDIATE_APPROACH,INTERMEDIATE_APPROACH,0.3361589848168512,0.0,0.3361589848168512,False
Dec 27 2025-adbdc9-1766845841.28-1766847024.29-2986-2c82de6a8b61,INTERMEDIATE_APPROACH,INTERMEDIATE_APPROACH,0.3160216637547457,0.0,0.3160216637547457,False
a0236f-0-6d8c0324dc95,INTERMEDIATE_APPROACH,INTERMEDIATE_APPROACH,0.381195193362373,0.0,0.381195193362373,False
a32033-0-cf82c2c8a42d,INTERMEDIATE_APPROACH,INTERMEDIATE_APPROACH,0.22046034957095173,0.0,0.22046034957095173,False
0d844c-0-6c8ab3e6c738,INTERMEDIATE_APPROACH,INTERMEDIATE_APPROACH,0.2970833792976806,0.0,0.2970833792976806,False
Dec 27 2025-a1636e-1766858726.68-1766859660.89-1590-6bf722a2f133,INTERMEDIATE_APPROACH,INTERMEDIATE_APPROACH,0.7834096772810794,0.0,0.7834096772810794,False
a06f83-0-740edfaa3bb2,INTERMEDIATE_APPROACH,INTERMEDIATE_APPROACH,0.4089924946943371,0.0,0.4089924946943371,False
Dec 27 2025-ac92b1-1766796153.26-1766797579.69-2602-23e755cc2a33,INTERMEDIATE_APPROACH,INTERMEDIATE_APPROACH,0.5350809385670513,0.0,0.5350809385670513,False
Dec 27 2025-abd3cf-1766795064.2-1766796182.88-3046-80f4724d48f5,INTERMEDIATE_APPROACH,INTERMEDIATE_APPROACH,0.36109761752662556,0.0,0.36109761752662556,False
Dec 27 2025-a8de33-1766839962.04-1766841512.41-707-c5ee287a8eef,INTERMEDIATE_APPROACH,INTERMEDIATE_APPROACH,0.10852059739783275,0.0,0.10852059739783275,False
Dec 27 2025-a36105-1766847616.16-1766848713.7-74-6eff55f25a10,INTERMEDIATE_APPROACH,INTERMEDIATE_APPROACH,0.3130906851078814,0.0,0.3130906851078814,False
a1be82-0-957800b755a4,INTERMEDIATE_APPROACH,INTERMEDIATE_APPROACH,0.22167617581962912,0.0,0.22167617581962912,False
Dec 30 2025-a50fe7-1767124409.88-1767125530.17-1992-436b4d33d488,INTERMEDIATE_APPROACH,INTERMEDIATE_APPROACH,0.42804173090893094,0.0,0.42804173090893094,False
Dec 27 2025-a31fd2-1766862842.37-1766864008.23-3081-14945cb384ab,INTERMEDIATE_APPROACH,INTERMEDIATE_APPROACH,0.26157850489227646,0.0,0.26157850489227646,False
a4940c-0-b9a306e0b6f3,INTERMEDIATE_APPROACH,FINAL_APPROACH,4.354856362356269,-1.0,1.627109529609215,True
Dec 30 2025-acb4f9-1767126207.69-1767128801.86-2147-20f0378e21e3,INTERMEDIATE_APPROACH,INTERMEDIATE_APPROACH,0.257508115054218,0.0,0.257508115054218,False
Dec 29 2025-aa5a0e-1766966511.14-1766967722.08-96-2d653a9d4e6c,INTERMEDIATE_APPROACH,INTERMEDIATE_APPROACH,0.4587788032806453,0.0,0.4587788032806453,False
a95fe6-0-f502a6fb7bc7,INTERMEDIATE_APPROACH,INTERMEDIATE_APPROACH,0.42034776550536884,0.0,0.42034776550536884,False
a4e4d8-0-708f16605581,INTERMEDIATE_APPROACH,INTERMEDIATE_APPROACH,0.29956772173865565,0.0,0.29956772173865565,False
Dec 28 2025-a1b8a6-1766943875.93-1766945447.37-1987-64bbd10f3a4c,INTERMEDIATE_APPROACH,INTERMEDIATE_APPROACH,0.2734983000974695,0.0,0.2734983000974695,False
Dec 28 2025-a5fd2d-1766917069.16-1766918103.47-554-886175554c6b,INTERMEDIATE_APPROACH,INTERMEDIATE_APPROACH,0.3004758553899009,0.0,0.3004758553899009,False
a5fb91-0-112c54c29420,INTERMEDIATE_APPROACH,INTERMEDIATE_APPROACH,0.3398843981198375,0.0,0.3398843981198375,False
a7d751-0-c35d438cec7f,INTERMEDIATE_APPROACH,INTERMEDIATE_APPROACH,0.23696565254113783,0.0,0.23696565254113783,False
Dec 27 2025-a3fb6f-1766872309.85-1766873302.99-1606-32137d026b84,INTERMEDIATE_APPROACH,INTERMEDIATE_APPROACH,0.2999493039972063,0.0,0.2999493039972063,False
a7003d-0-a419d5f7212e,INTERMEDIATE_APPROACH,INTERMEDIATE_APPROACH,0.1648327328882156,0.0,0.1648327328882156,False
Dec 27 2025-a21142-1766835018.36-1766836105.12-927-7abdc2e20133,INTERMEDIATE_APPROACH,INTERMEDIATE_APPROACH,0.0,0.0,0.0,False
a23eed-0-4ec3580e3147,INTERMEDIATE_APPROACH,INTERMEDIATE_APPROACH,0.31471942877692255,0.0,0.31471942877692255,False
a91859-0-55459a592670,INTERMEDIATE_APPROACH,INTERMEDIATE_APPROACH,0.2271442463737215,0.0,0.2271442463737215,False
Dec 27 2025-a2b32c-1766871395.94-1766873506.0-619-6e57a9b0dbc5,INTERMEDIATE_APPROACH,INTERMEDIATE_APPROACH,0.216414300042638,0.0,0.216414300042638,False
Dec 28 2025-aae6d5-1766946938.6-1766947912.91-2553-118ce86e1729,INTERMEDIATE_APPROACH,INTERMEDIATE_APPROACH,0.25423256710037423,0.0,0.25423256710037423,False
Dec 30 2025-ab5626-1767133802.42-1767136839.47-382-400972fabbac,INTERMEDIATE_APPROACH,INTERMEDIATE_APPROACH,0.1485371465047581,0.0,0.1485371465047581,False
Dec 27 2025-acf0e0-1766859256.38-1766860237.95-3329-ddb91d91a7ab,INTERMEDIATE_APPROACH,INTERMEDIATE_APPROACH,0.19503018323559312,0.0,0.19503018323559312,False
Dec 28 2025-a5468e-1766945768.53-1766946608.67-1676-183f983c7435,INTERMEDIATE_APPROACH,ENROUTE_CLIMB,1.0558508270944975,-1.0,2.7030167447856037,True
Dec 28 2025-ab22e0-1766955028.74-1766956002.08-2713-69da0f0ed342,INTERMEDIATE_APPROACH,INTERMEDIATE_APPROACH,0.21396451917646445,0.0,0.21396451917646445,False
ac2abd-0-0a68f2350c21,INTERMEDIATE_APPROACH,INTERMEDIATE_APPROACH,0.2828049286043289,0.0,0.2828049286043289,False
Dec 27 2025-aaffed-1766830708.05-1766831712.49-3515-0ddbcc27d5de,INTERMEDIATE_APPROACH,INTERMEDIATE_APPROACH,0.0,0.0,0.0,False
a061c2-0-6cfeece4fb34,INTERMEDIATE_APPROACH,INTERMEDIATE_APPROACH,0.2257485787133067,0.0,0.2257485787133067,False
Dec 27 2025-4851b0-1766857006.18-1766858065.27-2576-6b3fb437bee0,INTERMEDIATE_APPROACH,INTERMEDIATE_APPROACH,0.1359456900542333,0.0,0.1359456900542333,False
Dec 28 2025-a3524e-1766887794.17-1766888916.47-927-71376e4cd079,INTERMEDIATE_APPROACH,INTERMEDIATE_APPROACH,0.31194991359107616,0.0,0.31194991359107616,False
aa6b43-0-47dc069f4af4,INTERMEDIATE_APPROACH,INTERMEDIATE_APPROACH,0.43799072789191634,0.0,0.43799072789191634,False
a79aa7-0-0b42f6fd5365,INTERMEDIATE_APPROACH,INTERMEDIATE_APPROACH,0.2924382519023307,0.0,0.2924382519023307,False
Dec 28 2025-a3323d-1766944661.23-1766945622.57-723-c61100afa558,INTERMEDIATE_APPROACH,INTERMEDIATE_APPROACH,0.3632240864416528,0.0,0.3632240864416528,False
ad4b54-0-3c17b2c09370,INTERMEDIATE_APPROACH,INTERMEDIATE_APPROACH,0.32046128056382084,0.0,0.32046128056382084,False
Dec 28 2025-ab58b2-1766930673.22-1766931743.7-2136-c186940dfb86,INTERMEDIATE_APPROACH,INTERMEDIATE_APPROACH,0.4068019484920481,0.0,0.4068019484920481,False
a33d62-0-d8141dc91ace,INTERMEDIATE_APPROACH,INTERMEDIATE_APPROACH,0.38756051029339117,0.0,0.38756051029339117,False
a1c918-0-d292be882ff2,INTERMEDIATE_APPROACH,INTERMEDIATE_APPROACH,0.17980121454040068,0.0,0.17980121454040068,False
aba7b0-0-4a9efe8f04bc,INTERMEDIATE_APPROACH,INTERMEDIATE_APPROACH,0.46719362892134525,0.0,0.46719362892134525,False
a6657e-0-cb47e9c3807f,INTERMEDIATE_APPROACH,INTERMEDIATE_APPROACH,0.1046947401189107,0.0,0.1046947401189107,False
adb2a4-0-952215fe2ae0,INTERMEDIATE_APPROACH,INTERMEDIATE_APPROACH,0.28289237705482817,0.0,0.28289237705482817,False
Dec 27 2025-adcca5-1766839727.99-1766840689.34-2414-6456201aa555,INTERMEDIATE_APPROACH,INTERMEDIATE_APPROACH,0.36901173853452485,0.0,0.36901173853452485,False
a346ec-0-b975c5b8da71,INTERMEDIATE_APPROACH,INTERMEDIATE_APPROACH,0.35337906909271055,0.0,0.35337906909271055,False
a50728-0-7c7909326b99,INTERMEDIATE_APPROACH,INTERMEDIATE_APPROACH,0.9037740741447583,0.0,0.9037740741447583,False
Dec 28 2025-a14d40-1766952759.88-1766953844.06-736-5e7276bd3d68,INTERMEDIATE_APPROACH,INTERMEDIATE_APPROACH,0.3504820482991085,0.0,0.3504820482991085,False
Dec 27 2025-a5237f-1766868798.16-1766869730.77-1829-b02d5def8256,INTERMEDIATE_APPROACH,INTERMEDIATE_APPROACH,0.2014747587609795,0.0,0.2014747587609795,False
a48e7b-0-fef903f1a7f6,INTERMEDIATE_APPROACH,INTERMEDIATE_APPROACH,0.0,0.0,0.0,False
Dec 27 2025-a7d13d-1766857270.96-1766859300.88-868-d5e0ea1213e6,INTERMEDIATE_APPROACH,INTERMEDIATE_APPROACH,0.0,0.0,0.0,False
abae2c-0-76bf808c02ef,INTERMEDIATE_APPROACH,INTERMEDIATE_APPROACH,0.3215351383769678,0.0,0.3215351383769678,False
a20675-0-fa34d409a801,INTERMEDIATE_APPROACH,INTERMEDIATE_APPROACH,0.0,0.0,0.0,False
Dec 27 2025-a03cc6-1766850622.93-1766851246.85-2933-f498e8abebbd,INTERMEDIATE_APPROACH,INTERMEDIATE_APPROACH,0.1921530258621699,0.0,0.1921530258621699,False
Dec 27 2025-ac66d5-1766855888.19-1766857083.2-3139-c560c811291a,INTERMEDIATE_APPROACH,INTERMEDIATE_APPROACH,0.21355956968338374,0.0,0.21355956968338374,False
Dec 27 2025-ad77d3-1766865154.8-1766865901.43-3114-f64851b66153,INTERMEDIATE_APPROACH,INTERMEDIATE_APPROACH,0.0,0.0,0.0,False
Dec 28 2025-a6946b-1766959172.68-1766960475.06-1261-0f69f879ccb7,INTERMEDIATE_APPROACH,INTERMEDIATE_APPROACH,0.3332763894578317,0.0,0.3332763894578317,False
a1bcfd-0-526b05b06443,INTERMEDIATE_APPROACH,INTERMEDIATE_APPROACH,0.3267601201328221,0.0,0.3267601201328221,False
a6bad4-0-bd0f27f39339,INTERMEDIATE_APPROACH,INTERMEDIATE_APPROACH,0.20886095821367254,0.0,0.20886095821367254,False
aa988a-0-0297883e4645,INTERMEDIATE_APPROACH,INTERMEDIATE_APPROACH,0.1994666025650417,0.0,0.1994666025650417,False
Dec 27 2025-a17c12-1766800235.75-1766801809.97-257-303d122091f1,INTERMEDIATE_APPROACH,INTERMEDIATE_APPROACH,0.0,0.0,0.0,False
Dec 28 2025-a613e7-1766944815.54-1766945906.29-2797-a8b599ae599b,INTERMEDIATE_APPROACH,INTERMEDIATE_APPROACH,0.30729994117508347,0.0,0.30729994117508347,False
Dec 30 2025-a1e15a-1767104136.09-1767108734.06-829-b5cef8656e4f,INTERMEDIATE_APPROACH,INTERMEDIATE_APPROACH,0.20244992152942234,0.0,0.20244992152942234,False
a30bf7-0-4dd7f1dfaada,INTERMEDIATE_APPROACH,INTERMEDIATE_APPROACH,0.5470316911836433,0.0,0.5470316911836433,False
a71e04-0-b556a2ffb7d1,INTERMEDIATE_APPROACH,INTERMEDIATE_APPROACH,0.20072161290691276,0.0,0.20072161290691276,False
Dec 30 2025-a90166-1767121957.67-1767124223.69-959-18ddd86e6057,INTERMEDIATE_APPROACH,INTERMEDIATE_APPROACH,0.3288503102884024,0.0,0.3288503102884024,False
Dec 27 2025-486073-1766796936.7-1766797952.27-1661-89c4d41aa916,INTERMEDIATE_APPROACH,INTERMEDIATE_APPROACH,0.2909207988028621,0.0,0.2909207988028621,False
Dec 28 2025-a86925-1766930182.11-1766931283.87-462-905bbdda5a2a,INTERMEDIATE_APPROACH,INTERMEDIATE_APPROACH,0.4467182535864041,0.0,0.4467182535864041,False
Dec 27 2025-a1e08a-1766864765.44-1766865636.42-1978-383c382a4302,INTERMEDIATE_APPROACH,INTERMEDIATE_APPROACH,0.2552913277601981,0.0,0.2552913277601981,False
Dec 29 2025-ac382e-1767005817.72-1767006953.66-338-4307a4b6b9c1,INTERMEDIATE_APPROACH,INTERMEDIATE_APPROACH,0.0842897812924076,0.0,0.0842897812924076,False
Dec 28 2025-a35248-1766950452.58-1766952621.93-849-d2552e8acb26,INTERMEDIATE_APPROACH,INTERMEDIATE_APPROACH,0.4743152305823625,0.0,0.4743152305823625,False
Dec 29 2025-a44591-1766968186.44-1766969282.41-1058-e84dd514293c,INTERMEDIATE_APPROACH,INTERMEDIATE_APPROACH,0.5436764963953107,0.0,0.5436764963953107,False
Dec 28 2025-a63b86-1766960128.31-1766960602.71-1570-57207b27233a,INTERMEDIATE_APPROACH,INTERMEDIATE_APPROACH,0.35807161434908,0.0,0.35807161434908,False
Dec 28 2025-a53774-1766950969.42-1766952333.55-1365-61e041ddddae,INTERMEDIATE_APPROACH,INTERMEDIATE_APPROACH,0.11795211204543955,0.0,0.11795211204543955,False
abb440-0-bfcfd6cdefd5,INTERMEDIATE_APPROACH,INTERMEDIATE_APPROACH,0.5910246497967088,0.0,0.5910246497967088,False
Dec 27 2025-ac7c21-1766798329.47-1766799879.25-490-35e809a53dc0,INTERMEDIATE_APPROACH,INTERMEDIATE_APPROACH,0.21487439362704297,0.0,0.21487439362704297,False
Dec 28 2025-a6c1dc-1766957629.85-1766959132.63-2651-b4e005a7427b,INTERMEDIATE_APPROACH,INTERMEDIATE_APPROACH,0.1763172820726842,0.0,0.1763172820726842,False
Dec 27 2025-a564d3-1766859841.01-1766860719.87-3096-fcee2cca17a3,INTERMEDIATE_APPROACH,ENROUTE_CLIMB,0.6325850012858848,0.0,2.659347231494468,True
a63f08-0-3a234bb7c86a,INTERMEDIATE_APPROACH,INTERMEDIATE_APPROACH,0.4783817718285701,0.0,0.4783817718285701,False
Dec 30 2025-a5e4ea-1767114891.12-1767115639.85-2017-9788f08988a4,INTERMEDIATE_APPROACH,INTERMEDIATE_APPROACH,0.3654964500830674,0.0,0.3654964500830674,False
Dec 28 2025-acd486-1766954808.22-1766955887.15-1575-e818813c3cee,INTERMEDIATE_APPROACH,INTERMEDIATE_APPROACH,0.5018981626686895,0.0,0.5018981626686895,False
Dec 27 2025-aaf111-1766843832.26-1766844820.19-252-95a4869f7f14,INTERMEDIATE_APPROACH,INTERMEDIATE_APPROACH,0.18755977788487668,0.0,0.18755977788487668,False
Dec 28 2025-a850dc-1766952653.86-1766953741.83-2662-fa8241b63296,INTERMEDIATE_APPROACH,INTERMEDIATE_APPROACH,0.121952379739827,0.0,0.121952379739827,False
ad23d5-0-796af74f1873,INTERMEDIATE_APPROACH,INTERMEDIATE_APPROACH,0.8522332266019522,0.0,0.8522332266019522,False
Dec 28 2025-a39e6b-1766922678.85-1766923727.44-1255-6ff7a1f951a3,INTERMEDIATE_APPROACH,INTERMEDIATE_APPROACH,0.3472729685092277,0.0,0.3472729685092277,False
a63592-0-08b439666ed4,INTERMEDIATE_APPROACH,INTERMEDIATE_APPROACH,0.3038630731632937,0.0,0.3038630731632937,False
Dec 28 2025-a0d6a8-1766929881.1-1766931297.23-2027-ed60971be886,INTERMEDIATE_APPROACH,INTERMEDIATE_APPROACH,0.2975360900243874,0.0,0.2975360900243874,False
a1a2e0-0-413e2f2c065e,INTERMEDIATE_APPROACH,INTERMEDIATE_APPROACH,0.597089990868271,0.0,0.597089990868271,False
Dec 28 2025-a3d3f0-1766953721.28-1766954782.81-2916-b45e7d2660fa,INTERMEDIATE_APPROACH,INTERMEDIATE_APPROACH,0.28441437906078115,0.0,0.28441437906078115,False
a9e690-0-da86ecbf6260,INTERMEDIATE_APPROACH,INTERMEDIATE_APPROACH,0.22217823759427346,0.0,0.22217823759427346,False
Dec 28 2025-3c4590-1766936999.46-1766937930.46-1696-c2e284d13e8d,INTERMEDIATE_APPROACH,INTERMEDIATE_APPROACH,0.2890850363728295,0.0,0.2890850363728295,False
Dec 28 2025-c04ff4-1766922392.18-1766924950.51-2981-7986122ad815,INTERMEDIATE_APPROACH,INTERMEDIATE_APPROACH,0.2226187594501387,0.0,0.2226187594501387,False
Dec 27 2025-a8bc34-1766852029.49-1766852998.54-724-d8ec779ed18f,INTERMEDIATE_APPROACH,INTERMEDIATE_APPROACH,0.0,0.0,0.0,False
a01f0d-0-cf3cc9ccd925,INTERMEDIATE_APPROACH,INTERMEDIATE_APPROACH,0.0,0.0,0.0,False
Dec 28 2025-a433d1-1766954697.64-1766956149.09-2500-c589d8d42bf9,INTERMEDIATE_APPROACH,INTERMEDIATE_APPROACH,0.24655213984208893,0.0,0.24655213984208893,False
a7753f-0-348d39ea7b5a,INTERMEDIATE_APPROACH,INTERMEDIATE_APPROACH,0.22938547642479154,0.0,0.22938547642479154,False
acbb63-0-94387c1b3c97,INTERMEDIATE_APPROACH,FINAL_APPROACH,0.7914729598178725,0.0,0.403851993179665,False
ad3213-0-f030079e7722,INTERMEDIATE_APPROACH,INTERMEDIATE_APPROACH,0.2639769506110162,0.0,0.2639769506110162,False
Dec 28 2025-ad0d86-1766954694.28-1766956050.11-1578-23055d950512,INTERMEDIATE_APPROACH,INTERMEDIATE_APPROACH,0.2533708957985974,0.0,0.2533708957985974,False
a719c0-0-6e6ba7f23d89,INTERMEDIATE_APPROACH,INTERMEDIATE_APPROACH,0.0,0.0,0.0,False
ac5bf6-0-ac50d8bb211d,INTERMEDIATE_APPROACH,INTERMEDIATE_APPROACH,0.2085739328434545,0.0,0.2085739328434545,False
a010e5-0-ba5b9ec44388,INTERMEDIATE_APPROACH,INTERMEDIATE_APPROACH,0.2894080099226163,0.0,0.2894080099226163,False
ad13ca-0-8714b9babf95,INTERMEDIATE_APPROACH,INTERMEDIATE_APPROACH,0.18171786084304986,0.0,0.18171786084304986,False
Dec 30 2025-aa2608-1767121034.1-1767124238.31-98-8b5b2bb2ae33,INTERMEDIATE_APPROACH,INTERMEDIATE_APPROACH,0.28344554262099575,0.0,0.28344554262099575,False
Dec 27 2025-ade548-1766795914.61-1766797136.84-1063-6c501c4c8bf2,INTERMEDIATE_APPROACH,INTERMEDIATE_APPROACH,0.4859816267563893,0.0,0.4859816267563893,False
Dec 28 2025-a6d326-1766955268.37-1766956766.92-473-28f10ca91ec4,INTERMEDIATE_APPROACH,INTERMEDIATE_APPROACH,0.1264474283757208,0.0,0.1264474283757208,False
0d844c-0-0f43b3e8a83b,INTERMEDIATE_APPROACH,INTERMEDIATE_APPROACH,0.3540184436545093,0.0,0.3540184436545093,False
Dec 27 2025-a07f60-1766796029.04-1766797220.1-1376-abcfc2f2fbd0,INTERMEDIATE_APPROACH,INTERMEDIATE_APPROACH,0.2739214583256219,0.0,0.2739214583256219,False
a91be2-0-9fe09e6a8793,INTERMEDIATE_APPROACH,INTERMEDIATE_APPROACH,0.31843008060467487,0.0,0.31843008060467487,False
Dec 28 2025-a4aa62-1766930685.75-1766932533.05-1153-e9d95c03be44,INTERMEDIATE_APPROACH,INTERMEDIATE_APPROACH,0.4029710043462534,0.0,0.4029710043462534,False
a02a0d-0-683eb038010e,INTERMEDIATE_APPROACH,INTERMEDIATE_APPROACH,0.19326871351267183,0.0,0.19326871351267183,False
Dec 27 2025-a37db9-1766861020.07-1766862041.02-2735-95b3d3107e7a,INTERMEDIATE_APPROACH,INTERMEDIATE_APPROACH,0.2805501884788506,0.0,0.2805501884788506,False
Dec 27 2025-a8f6ef-1766845034.98-1766846081.85-3526-cc700b6c5710,INTERMEDIATE_APPROACH,INTERMEDIATE_APPROACH,0.17062067860258168,0.0,0.17062067860258168,False
ab94ab-0-433c5d86a1fd,INTERMEDIATE_APPROACH,INTERMEDIATE_APPROACH,0.39347614479551246,0.0,0.39347614479551246,False
Dec 30 2025-a1bc9f-1767125021.6-1767128430.22-1418-cd350383ae0b,INTERMEDIATE_APPROACH,INTERMEDIATE_APPROACH,0.29275328624533603,0.0,0.29275328624533603,False
Dec 28 2025-a99b83-1766884165.2-1766885305.07-1551-7add5d96d9fe,INTERMEDIATE_APPROACH,INTERMEDIATE_APPROACH,0.15818174635872007,0.0,0.15818174635872007,False
Dec 28 2025-a4c2eb-1766940924.17-1766942064.43-2854-0054f2bef7d2,INTERMEDIATE_APPROACH,INTERMEDIATE_APPROACH,0.14052208078516792,0.0,0.14052208078516792,False
a7753f-0-58b366b41eca,INTERMEDIATE_APPROACH,INTERMEDIATE_APPROACH,0.262483628925324,0.0,0.262483628925324,False
a8371a-0-d9cf87ade4ae,INTERMEDIATE_APPROACH,FINAL_APPROACH,0.7799621410267487,0.0,0.128961980769369,False
a37c00-0-8f179b262888,INTERMEDIATE_APPROACH,FINAL_APPROACH,0.5604100060308792,0.0,0.2240973774712869,False
Dec 27 2025-a3d87d-1766841067.76-1766842483.85-1803-af614562c31e,INTERMEDIATE_APPROACH,INTERMEDIATE_APPROACH,0.3190588490387109,0.0,0.3190588490387109,False
Dec 27 2025-a68946-1766833710.96-1766834837.16-1011-9f17a746f5a1,INTERMEDIATE_APPROACH,INTERMEDIATE_APPROACH,0.34577654338283137,0.0,0.34577654338283137,False
acf735-0-e0c1bbadb2d9,INTERMEDIATE_APPROACH,INTERMEDIATE_APPROACH,0.22045104600493182,0.0,0.22045104600493182,False
Dec 29 2025-ad775d-1766970028.18-1766971083.4-694-d16174d1cf38,INTERMEDIATE_APPROACH,INTERMEDIATE_APPROACH,0.24593521007962635,0.0,0.24593521007962635,False
Dec 30 2025-ab79d4-1767114487.4-1767118222.42-1835-f0fb3a9c7fb2,INTERMEDIATE_APPROACH,INTERMEDIATE_APPROACH,0.3471343787016342,0.0,0.3471343787016342,False
Dec 29 2025-ab58b2-1766971579.36-1766972525.5-1301-4266b0ec4a47,INTERMEDIATE_APPROACH,INTERMEDIATE_APPROACH,0.32424453987929625,0.0,0.32424453987929625,False
ad7887-0-fb9ca7b7c2ad,INTERMEDIATE_APPROACH,INTERMEDIATE_APPROACH,0.49956724493194327,0.0,0.49956724493194327,False
Dec 27 2025-ad402f-1766843414.56-1766844625.55-670-6198ecf95a03,INTERMEDIATE_APPROACH,INTERMEDIATE_APPROACH,0.21172206890303535,0.0,0.21172206890303535,False
abb68c-0-a585fabea1cd,INTERMEDIATE_APPROACH,INTERMEDIATE_APPROACH,0.19081977123119867,0.0,0.19081977123119867,False
Dec 28 2025-acdc40-1766964814.98-1766965982.64-751-7b73c004511c,INTERMEDIATE_APPROACH,INTERMEDIATE_APPROACH,0.30075788084912414,0.0,0.30075788084912414,False
ab7aa2-0-b173fd1d2047,INTERMEDIATE_APPROACH,INTERMEDIATE_APPROACH,0.46809926997651125,0.0,0.46809926997651125,False
Dec 28 2025-a7de93-1766954885.77-1766956089.8-1745-87d018d1cbb4,INTERMEDIATE_APPROACH,INTERMEDIATE_APPROACH,0.11259617099094196,0.0,0.11259617099094196,False
Dec 28 2025-a486d8-1766935682.71-1766936819.96-2589-df1c4191a47e,INTERMEDIATE_APPROACH,INTERMEDIATE_APPROACH,0.5168184243269537,0.0,0.5168184243269537,False
a24a3d-0-77c556fdf0f1,INTERMEDIATE_APPROACH,INTERMEDIATE_APPROACH,0.45643231183842325,0.0,0.45643231183842325,False
Dec 27 2025-a40944-1766851613.91-1766852953.04-981-1e1cbebe60fd,INTERMEDIATE_APPROACH,INTERMEDIATE_APPROACH,0.610173033128842,0.0,0.610173033128842,False
Dec 27 2025-ade548-1766836818.58-1766837885.7-1065-8ebed2a8564a,INTERMEDIATE_APPROACH,INTERMEDIATE_APPROACH,0.48782643474157095,0.0,0.48782643474157095,False
ad2b43-0-7c1f3379f1a7,INTERMEDIATE_APPROACH,INTERMEDIATE_APPROACH,0.35249001346289477,0.0,0.35249001346289477,False
ad5d5c-0-9bc7d7c38ee9,INTERMEDIATE_APPROACH,INTERMEDIATE_APPROACH,0.28738921026138536,0.0,0.28738921026138536,False
c001ed-0-ccb7801cca4c,INTERMEDIATE_APPROACH,INTERMEDIATE_APPROACH,0.5687498562957866,0.0,0.5687498562957866,False
ab4f0d-0-616859c18709,INTERMEDIATE_APPROACH,INTERMEDIATE_APPROACH,0.0,0.0,0.0,False
Dec 28 2025-abae62-1766924720.37-1766926849.48-1160-76aec7845e35,INTERMEDIATE_APPROACH,INTERMEDIATE_APPROACH,0.34249605374443504,0.0,0.34249605374443504,False
Dec 27 2025-a35a92-1766798059.06-1766799010.75-2112-8e8078c4039f,INTERMEDIATE_APPROACH,INTERMEDIATE_APPROACH,0.2796352492841052,0.0,0.2796352492841052,False
adb2a4-0-f18864d5b712,INTERMEDIATE_APPROACH,INTERMEDIATE_APPROACH,0.34049975509889135,0.0,0.34049975509889135,False
Dec 29 2025-a6946b-1766978253.4-1766979083.33-799-3dc63b203544,INTERMEDIATE_APPROACH,ENROUTE_CLIMB,0.5116391093335937,0.0,2.577891067582923,True
a52dc1-0-6d6c8d95800f,INTERMEDIATE_APPROACH,INTERMEDIATE_APPROACH,0.31294249252246326,0.0,0.31294249252246326,False
Dec 27 2025-a74c90-1766861853.65-1766862650.7-2085-060fc33c1291,INTERMEDIATE_APPROACH,INTERMEDIATE_APPROACH,0.4744802795236303,0.0,0.4744802795236303,False
a68096-0-ecc52687c83d,INTERMEDIATE_APPROACH,INTERMEDIATE_APPROACH,0.27678838799327654,0.0,0.27678838799327654,False
a30bf7-0-b29e7ee1c9d1,INTERMEDIATE_APPROACH,FINAL_APPROACH,0.6835307962876989,0.0,0.20302348900141554,False
a88752-0-853abcca0b51,INTERMEDIATE_APPROACH,INTERMEDIATE_APPROACH,0.3522390193106393,0.0,0.3522390193106393,False
Dec 27 2025-a8f9a3-1766871715.59-1766872849.7-2375-bddf0ec4b2ef,INTERMEDIATE_APPROACH,INTERMEDIATE_APPROACH,0.33125579630798496,0.0,0.33125579630798496,False
Dec 29 2025-ac02b4-1766967027.92-1766968169.83-1317-7527b5c7d3d6,INTERMEDIATE_APPROACH,INTERMEDIATE_APPROACH,0.0,0.0,0.0,False
Dec 28 2025-ac4dd6-1766956156.74-1766957809.56-2579-79e3e72630f7,INTERMEDIATE_APPROACH,INTERMEDIATE_APPROACH,0.14860972183437773,0.0,0.14860972183437773,False
a466c7-0-67f1a12fc011,INTERMEDIATE_APPROACH,INTERMEDIATE_APPROACH,0.21677853486460766,0.0,0.21677853486460766,False
a838e2-0-98287cc49fe1,INTERMEDIATE_APPROACH,INTERMEDIATE_APPROACH,0.34158131058235897,0.0,0.34158131058235897,False
Dec 27 2025-ad52c2-1766843952.14-1766845025.9-2892-a5756babd152,INTERMEDIATE_APPROACH,INTERMEDIATE_APPROACH,0.5837272389072946,0.0,0.5837272389072946,False
Dec 29 2025-a996e1-1766973343.39-1766974424.78-1635-75be053898d5,INTERMEDIATE_APPROACH,INTERMEDIATE_APPROACH,0.1829272917567889,0.0,0.1829272917567889,False
Dec 27 2025-448466-1766857439.01-1766858460.69-1486-65979fb55172,INTERMEDIATE_APPROACH,INTERMEDIATE_APPROACH,0.4206966157900572,0.0,0.4206966157900572,False
Dec 28 2025-4ac8a8-1766957645.18-1766958613.28-2024-337c8c374f27,INTERMEDIATE_APPROACH,INTERMEDIATE_APPROACH,0.3090056084704046,0.0,0.3090056084704046,False
Dec 27 2025-a924fc-1766835468.11-1766836760.18-3716-4ba9efc76b04,INTERMEDIATE_APPROACH,INTERMEDIATE_APPROACH,0.39469515531496596,0.0,0.39469515531496596,False
Dec 28 2025-ad67ae-1766954505.0-1766955834.39-2102-2044f2ae36f7,INTERMEDIATE_APPROACH,INTERMEDIATE_APPROACH,0.24534739669994368,0.0,0.24534739669994368,False
Dec 29 2025-ae511d-1767025785.11-1767028035.99-213-b886a77967a1,INTERMEDIATE_APPROACH,INTERMEDIATE_APPROACH,0.3422686958989284,0.0,0.3422686958989284,False
Dec 27 2025-a86925-1766840861.72-1766842122.14-531-a782b7d1fce4,INTERMEDIATE_APPROACH,INTERMEDIATE_APPROACH,0.3872875982494644,0.0,0.3872875982494644,False
Dec 28 2025-ad4b54-1766949337.2-1766950329.5-996-2e498ef4a2cb,INTERMEDIATE_APPROACH,INTERMEDIATE_APPROACH,0.15285555304769513,0.0,0.15285555304769513,False
a4940c-0-ebe6012bffe7,INTERMEDIATE_APPROACH,INTERMEDIATE_APPROACH,0.2074398085989664,0.0,0.2074398085989664,False
aa7ac8-0-8e947a5fab9d,INTERMEDIATE_APPROACH,INTERMEDIATE_APPROACH,0.37304818509784815,0.0,0.37304818509784815,False
Dec 29 2025-a50728-1767048367.52-1767051512.49-288-1afc3a913858,INTERMEDIATE_APPROACH,INTERMEDIATE_APPROACH,0.27031284665463823,0.0,0.27031284665463823,False
Dec 28 2025-a690bf-1766938297.56-1766939144.49-2321-7959a574ce82,UNKNOWN,DEPARTURE,0.5812224584388768,0.0,,False
Dec 30 2025-a515ec-1767116317.03-1767118678.64-2032-25ca76cbf354,UNKNOWN,DEPARTURE,3.515042712359918,-1.0,,False
a0a77b-0-0aaa32021b66,UNKNOWN,DEPARTURE,12.741444024547397,-1.0,,False
Dec 28 2025-abde0b-1766931176.87-1766932051.62-148-4cbeeef49c26,UNKNOWN,DEPARTURE,0.5838662376739214,0.0,,False
Dec 28 2025-ab9367-1766886433.45-1766888890.1-1208-dcd977168f7c,UNKNOWN,DEPARTURE,3.5149188569164016,-1.0,,False
Dec 27 2025-a448fc-1766875191.87-1766876407.27-3710-17d228d0a19a,UNKNOWN,DEPARTURE,4.5241409739944975,-1.0,,False
a375f1-0-bb3b243d7807,UNKNOWN,INTERMEDIATE_APPROACH,0.37566075919446607,0.0,,False
Dec 29 2025-a480c4-1767027068.78-1767027747.97-1437-0ce76c49468a,UNKNOWN,ENROUTE_CLIMB,1.2734176067068592,-1.0,,False
a1c75a-0-2648c86a3e8a,UNKNOWN,INTERMEDIATE_APPROACH,0.22626442438152844,0.0,,False
Dec 30 2025-a55137-1767119447.6-1767121837.29-520-28be7a3a168e,UNKNOWN,DEPARTURE,3.315483030468851,-1.0,,False
ac1697-0-481d0c8b6b49,UNKNOWN,DEPARTURE,2.195854767169618,-1.0,,False
a86ba5-0-9fc0cb654286,UNKNOWN,INTERMEDIATE_APPROACH,1.9105668013192736,-1.0,,False
Dec 30 2025-a21cc7-1767101390.03-1767102650.06-1750-3eaeae28ce61,UNKNOWN,DEPARTURE,2.1331760745567556,-1.0,,False
aa8fa9-0-f86e514cfd57,UNKNOWN,DEPARTURE,2.2492065089044453,-1.0,,False
aa3487-0-09f8c378052f,UNKNOWN,DEPARTURE,1.76078031222278,-1.0,,False
Dec 28 2025-a1b16c-1766949005.22-1766950284.69-1272-4c9d05c3f16e,UNKNOWN,DEPARTURE,2.1934287224621944,-1.0,,False
a1e7d6-0-634579edb04b,UNKNOWN,DEPARTURE,1.8847313866827362,-1.0,,False
a074d2-0-8c846e58f7d8,UNKNOWN,DEPARTURE,3.0175709400093873,-1.0,,False
Dec 30 2025-a74a5a-1767135609.58-1767136579.4-835-d500d0da0e5e,UNKNOWN,ENROUTE_CLIMB,1.8314934940303567,-1.0,,False
ac7074-0-25aa660bdbee,UNKNOWN,DEPARTURE,1.1103978189627917,-1.0,,False
a95fe6-0-8030a6ec99cd,UNKNOWN,DEPARTURE,3.514960344936847,-1.0,,False
ab9126-0-9ac3d490d8ab,UNKNOWN,DEPARTURE,4.400091323347723,-1.0,,False
a29aff-0-725e2a8b2daa,UNKNOWN,DEPARTURE,0.6403797436289785,0.0,,False
a42f43-0-d328e0ebe5a3,UNKNOWN,ENROUTE_CLIMB,1.923637711197561,-1.0,,False
ad0bc5-0-fc07ab8ce91c,UNKNOWN,DEPARTURE,3.3269335050357656,-1.0,,False
Dec 28 2025-a8b8b9-1766949350.77-1766950381.32-2254-c86084c006a9,UNKNOWN,ENROUTE_CLIMB,0.29953045297420944,0.0,,False
a3f88e-0-8b77d5622aa2,UNKNOWN,ENROUTE_CLIMB,1.2850059914350234,-1.0,,False
a0d62d-0-8e82e6e3cb58,UNKNOWN,INTERMEDIATE_APPROACH,0.8261987728237421,0.0,,False
Dec 27 2025-a01b95-1766848175.91-1766851630.73-2161-ab387f3440c1,UNKNOWN,DEPARTURE,2.323921152330922,-1.0,,False
a5c5e8-0-2039def7117a,UNKNOWN,ENROUTE_CLIMB,1.7438554784036304,-1.0,,False
Dec 27 2025-a76fe9-1766870449.61-1766871653.63-3446-3d77796a18b6,UNKNOWN,DEPARTURE,3.32475264427616,-1.0,,False
a27ca5-0-c21d57d1d8b6,UNKNOWN,DEPARTURE,3.2156386579628524,-1.0,,False
Dec 28 2025-a359bc-1766930077.58-1766931450.87-2282-5566d6801612,UNKNOWN,DEPARTURE,2.452068038287834,-1.0,,False
a30494-0-d069e78baf93,UNKNOWN,DEPARTURE,2.8725659659956775,-1.0,,False
Dec 27 2025-a86925-1766865705.08-1766866905.12-535-c15693621759,UNKNOWN,DEPARTURE,4.539893931083879,-1.0,,False
a1a853-0-85a1e6123dfa,UNKNOWN,ENROUTE_CLIMB,1.6108360266469819,-1.0,,False
Dec 28 2025-a18178-1766957183.1-1766961583.25-1391-60b5e1607f0d,UNKNOWN,DEPARTURE,3.0603677216647958,-1.0,,False
ab9126-0-ddcc7b7999ad,UNKNOWN,DEPARTURE,5.315836949348588,-1.0,,False
aa7ac8-0-922596d1c7eb,UNKNOWN,ENROUTE_CLIMB,1.8749385532115954,-1.0,,False
a552fd-0-1e93f2f9cf9c,UNKNOWN,DEPARTURE,2.8470898258726103,-1.0,,False
a52dc1-0-51b6c3cb5cbf,UNKNOWN,DEPARTURE,2.631773144390315,-1.0,,False
ad0b73-0-07a743a333c9,UNKNOWN,INTERMEDIATE_APPROACH,0.8336125313899232,0.0,,False
ab6172-0-f79216d7b419,UNKNOWN,DEPARTURE,2.207927624337596,-1.0,,False
a03cc6-0-e0bce2d475e6,UNKNOWN,DEPARTURE,2.316149570677618,-1.0,,False
Dec 27 2025-ada16f-1766808593.86-1766809357.59-1614-a9ad8334721f,UNKNOWN,DEPARTURE,0.6158078608068428,0.0,,False
Dec 28 2025-accd69-1766932039.26-1766933179.1-1231-1e7085e96126,UNKNOWN,DEPARTURE,4.701777228703986,-1.0,,False
Dec 28 2025-a42f04-1766884241.45-1766889796.95-66-f13deaea617e,UNKNOWN,DEPARTURE,2.933904000580192,-1.0,,False
a074d2-0-47ff655eb54c,UNKNOWN,DEPARTURE,3.7274000583543483,-1.0,,False
Dec 28 2025-a1901e-1766936121.76-1766937127.61-368-788a7cd3161e,UNKNOWN,DEPARTURE,0.999352192508207,0.0,,False
a7b46e-0-8162fb0e7e4f,UNKNOWN,DEPARTURE,2.522889021656254,-1.0,,False
a191bf-0-8342029adfce,UNKNOWN,INTERMEDIATE_APPROACH,0.3576296525173303,0.0,,False
a1d2d1-0-cf6bb135860d,UNKNOWN,FINAL_APPROACH,1.021192573702861,-1.0,,False
Dec 27 2025-a915e5-1766849705.14-1766852423.14-3397-bc2894b57508,UNKNOWN,DEPARTURE,4.8414236051945245,-1.0,,False
a34a9d-0-02f8933df51f,UNKNOWN,DEPARTURE,2.332311925025056,-1.0,,False
a915e5-0-f0ad8350d274,UNKNOWN,DEPARTURE,3.480719447686767,-1.0,,False
a5a84e-0-a777a5e31676,UNKNOWN,DEPARTURE,3.3748635210356137,-1.0,,False
a65a4d-0-382a26ea282a,UNKNOWN,DEPARTURE,2.860371061638167,-1.0,,False
a1baa1-0-c93ab34639a5,UNKNOWN,INTERMEDIATE_APPROACH,0.3781220128066139,0.0,,False
a50419-0-06eb1b815bea,UNKNOWN,DEPARTURE,2.137228169700535,-1.0,,False
Dec 29 2025-ab450c-1766976563.67-1766977770.89-89-8d0016458d82,UNKNOWN,ENROUTE_CLIMB,0.9134900410816507,0.0,,False
Dec 28 2025-aaf251-1766946527.17-1766946861.24-966-d37be36d0b9b,UNKNOWN,DEPARTURE,2.2971052571327686,-1.0,,False
ab3ef7-0-ee3c6d6fce28,UNKNOWN,FINAL_APPROACH,1.1498655590590536,-1.0,,False
a46e28-0-e270867360d6,UNKNOWN,DEPARTURE,2.920120123676302,-1.0,,False
a9c7e8-0-d9ffd9e6abbc,UNKNOWN,DEPARTURE,2.873041492110106,-1.0,,False
Dec 29 2025-a3d039-1767023256.88-1767024281.68-429-25bb29843344,UNKNOWN,INITIAL_APPROACH,1.3370521768630204,-1.0,,False
adc8fc-0-82f6482e72c9,UNKNOWN,DEPARTURE,9.37225695009608,-1.0,,False
aad9f2-0-945cead126b0,UNKNOWN,DEPARTURE,2.920542603539604,-1.0,,False
abf602-0-bd1ab0851061,UNKNOWN,INTERMEDIATE_APPROACH,2.30751907584014,-1.0,,False
Dec 27 2025-adcef5-1766866812.75-1766870326.53-3611-7892d51d9c6d,UNKNOWN,DEPARTURE,2.451531396276699,-1.0,,False
Dec 30 2025-a8ed1b-1767113181.72-1767113736.58-271-c70e56001c3c,UNKNOWN,DEPARTURE,1.6593681677461651,-1.0,,False
a9bc8a-0-1a633535bff1,UNKNOWN,DEPARTURE,3.205321157734804,-1.0,,False
a55914-0-0097edc2518b,UNKNOWN,DEPARTURE,1.5291155756359587,-1.0,,False
Dec 27 2025-ad3fde-1766868036.87-1766868811.74-3294-5b7c9f481df3,UNKNOWN,ENROUTE_CLIMB,1.2113299023921786,-1.0,,False
a10bfb-0-b6b9310605db,UNKNOWN,DEPARTURE,3.489356279661096,-1.0,,False
a52681-0-66a7403fbca1,UNKNOWN,DEPARTURE,4.495870117908389,-1.0,,False
ad9a33-0-8ee0cd924204,UNKNOWN,DEPARTURE,3.0784356900586762,-1.0,,False
Dec 30 2025-a21cc7-1767101390.03-1767102650.06-1750-9cc474589296,UNKNOWN,DEPARTURE,2.322124320154217,-1.0,,False
Dec 27 2025-a74c90-1766868023.04-1766868846.44-2086-000263cd2a3b,UNKNOWN,ENROUTE_CLIMB,0.9612788190756181,0.0,,False
a43e60-0-c88c854cd311,UNKNOWN,DEPARTURE,3.2546054174644374,-1.0,,False
Dec 27 2025-ac3beb-1766837609.34-1766838843.67-3487-4377bdddf5a2,UNKNOWN,DEPARTURE,3.8383475027032405,-1.0,,False
a027d5-0-076ea1824f93,UNKNOWN,DEPARTURE,3.2649395434841146,-1.0,,False
a3bd81-0-a3f4b2adad8d,UNKNOWN,DEPARTURE,5.888422261294776,-1.0,,False
a8371a-0-d60a398b84ce,UNKNOWN,DEPARTURE,2.6447766958441377,-1.0,,False
a00341-0-109cd3f28558,UNKNOWN,INTERMEDIATE_APPROACH,0.18553016931388566,0.0,,False
Dec 27 2025-adb680-1766801740.34-1766802832.36-1872-6b137861ee94,UNKNOWN,ENROUTE_CLIMB,0.6370395783890206,0.0,,False
a91859-0-37d0e17974e2,UNKNOWN,DEPARTURE,8.541554885737842,-1.0,,False
a39066-0-6ab5056c1c66,UNKNOWN,ENROUTE_CLIMB,1.80422077219836,-1.0,,False
a1c5f4-0-ad15d45e7e64,UNKNOWN,DEPARTURE,3.04588407952852,-1.0,,False
a02a0d-0-258e1a478280,UNKNOWN,DEPARTURE,3.0618616078872014,-1.0,,False
a35727-0-e6f8a8bcb259,UNKNOWN,INTERMEDIATE_APPROACH,0.16205658299417433,0.0,,False
Dec 27 2025-a745e9-1766845019.14-1766846064.71-3444-8eb7ef4b41e1,UNKNOWN,ENROUTE_CLIMB,1.7711003705517427,-1.0,,False
a54d67-0-fe2efe72615b,UNKNOWN,DEPARTURE,2.9383527604225317,-1.0,,False
Dec 28 2025-a4460d-1766949245.13-1766950741.25-170-f0bffa6de654,UNKNOWN,DEPARTURE,2.8507347876018905,-1.0,,False
a6ae1f-0-a04805652d8a,UNKNOWN,ENROUTE_CLIMB,1.890789934433583,-1.0,,False
Dec 27 2025-a3e011-1766814374.88-1766815507.08-240-3ae016dece86,UNKNOWN,DEPARTURE,4.2743977295300635,-1.0,,False
a3025e-0-33adb39ab6cf,UNKNOWN,DEPARTURE,3.5056031766460416,-1.0,,False
Dec 27 2025-a7cf16-1766794934.36-1766796061.7-332-38fa983c7145,UNKNOWN,ENROUTE_CLIMB,1.6979080056668083,-1.0,,False
a21546-0-f1aaacfcd6d9,UNKNOWN,DEPARTURE,3.1817595884692933,-1.0,,False
a20028-0-015260effc6f,UNKNOWN,INITIAL_APPROACH,0.22301036434682836,0.0,,False
Dec 30 2025-a5f007-1767114148.15-1767115123.65-73-dc81120a8969,UNKNOWN,DEPARTURE,2.7780507077230547,-1.0,,False
Dec 28 2025-a3d329-1766928161.74-1766930713.57-505-90bdeffa3478,UNKNOWN,DEPARTURE,2.9028871029921146,-1.0,,False
a1fa4d-0-35ae8eb06c76,UNKNOWN,DEPARTURE,3.2321685652904413,-1.0,,False
aaaa93-0-9a88ad3422ed,UNKNOWN,DEPARTURE,2.412531616735689,-1.0,,False
a8371a-0-c5d3a80e4185,UNKNOWN,FINAL_APPROACH,0.7299462632825312,0.0,,False
a9ecdf-0-0d38f61f3cbe,UNKNOWN,INTERMEDIATE_APPROACH,0.2805335002677046,0.0,,False
aadd31-0-6528118ab1a5,UNKNOWN,INTERMEDIATE_APPROACH,0.2967564207071676,0.0,,False
a41f04-0-a13a44dbb662,UNKNOWN,INTERMEDIATE_APPROACH,0.2630784249926581,0.0,,False
a7e246-0-cf25cf73fd21,UNKNOWN,INTERMEDIATE_APPROACH,0.2744039137160242,0.0,,False
Dec 28 2025-ad6040-1766938934.68-1766939843.45-752-e82e9ff6c39b,UNKNOWN,ENROUTE_CLIMB,0.712243446990494,0.0,,False
Dec 27 2025-a3e011-1766814374.88-1766815507.08-240-799b988769aa,UNKNOWN,DEPARTURE,4.325244397948323,-1.0,,False
a074d2-0-f67f12dd8173,UNKNOWN,DEPARTURE,13.747685703041746,-1.0,,False
a3c8cb-0-836b177656eb,UNKNOWN,ENROUTE_CLIMB,0.3697373601485618,0.0,,False
a35e31-0-ae68d605cd2a,UNKNOWN,DEPARTURE,3.0425152566103395,-1.0,,False
aa3487-0-41e5acfdff92,UNKNOWN,DEPARTURE,1.8245911718801993,-1.0,,False
a7a04c-0-40abe4363200,UNKNOWN,DEPARTURE,2.378073777562011,-1.0,,False
a46d60-0-f850ee554d58,UNKNOWN,DEPARTURE,2.9581225002739537,-1.0,,False
a53c8c-0-65f47b0d2c7f,UNKNOWN,INTERMEDIATE_APPROACH,0.2353359952356229,0.0,,False
a47844-0-264b6575f796,UNKNOWN,DEPARTURE,2.289081298968777,-1.0,,False
a54d67-0-f93ff2914faf,UNKNOWN,DEPARTURE,2.772078455706796,-1.0,,False
a01b04-0-75e7c43ad422,UNKNOWN,DEPARTURE,4.261074011086176,-1.0,,False
acf735-0-2fb80014f03a,UNKNOWN,DEPARTURE,2.9942110862660973,-1.0,,False
a71ec8-0-e695586917a1,UNKNOWN,DEPARTURE,2.079448328424834,-1.0,,False
a41e83-0-76ce286e4809,UNKNOWN,DEPARTURE,3.4038848175711753,-1.0,,False
ab356b-0-d4f9643f7462,UNKNOWN,INTERMEDIATE_APPROACH,0.47452679080017257,0.0,,False
a54d34-0-0459ed0eafeb,UNKNOWN,DEPARTURE,3.584913366138842,-1.0,,False
a7d4f4-0-a586695df4e6,UNKNOWN,DEPARTURE,3.156309587422198,-1.0,,False
Dec 29 2025-a6dbf3-1766969073.7-1766969784.69-1770-84ad57d92b54,UNKNOWN,ENROUTE_CLIMB,0.5888761303675205,0.0,,False
Dec 30 2025-a1cb89-1767108947.82-1767113744.21-1223-8475556a3e2c,UNKNOWN,DEPARTURE,2.8456949549385477,-1.0,,False
a508ca-0-9829fbce3574,UNKNOWN,DEPARTURE,2.3260165614334993,-1.0,,False
~2c14cb-0-4f80fc05fc11,UNKNOWN,DEPARTURE,2.4423394410431722,-1.0,,False
ad000d-0-2fa5624ad86d,UNKNOWN,INTERMEDIATE_APPROACH,0.4571603933416864,0.0,,False
Dec 27 2025-a6c5d6-1766860062.37-1766861914.67-3162-1109edf19067,UNKNOWN,INTERMEDIATE_APPROACH,0.7212495373267237,0.0,,False
Dec 30 2025-acf0da-1767137521.26-1767138671.01-1878-3fbd05f9faaf,UNKNOWN,ENROUTE_CLIMB,4.662152062135633,-1.0,,False
Dec 28 2025-a36713-1766962582.25-1766963126.52-253-4123cb453113,UNKNOWN,DEPARTURE,3.0212120729887975,-1.0,,False
Dec 29 2025-a2768c-1766969815.51-1766970748.77-1012-1d087ed880d0,UNKNOWN,INTERMEDIATE_APPROACH,0.24518471461790017,0.0,,False
Dec 27 2025-a63855-1766854172.68-1766854671.72-1266-f1a9b8390156,UNKNOWN,ENROUTE_CLIMB,0.3288770498519715,0.0,,False
a9c950-0-27f4460a4319,UNKNOWN,INITIAL_APPROACH,0.9958140433928176,1.0,,False
a106a0-0-736c2ef56db8,UNKNOWN,DEPARTURE,4.861347546164079,-1.0,,False
a915e5-0-326903f7c6bb,UNKNOWN,DEPARTURE,2.839123984806793,-1.0,,False
a7ed38-0-719f64f5363e,UNKNOWN,DEPARTURE,2.1606573879660456,-1.0,,False
aaf874-0-09df58c0a2ac,UNKNOWN,DEPARTURE,1.0421324967859489,-1.0,,False
a542d7-0-c112a80ddc63,UNKNOWN,INITIAL_APPROACH,2.8585297464143626,-1.0,,False
a69e14-0-f5038bb6c10c,UNKNOWN,INTERMEDIATE_APPROACH,0.1662885777066346,0.0,,False
ad185f-0-c7440d868c05,UNKNOWN,INTERMEDIATE_APPROACH,0.3446165733771845,0.0,,False
a8371a-0-53ce786228f5,UNKNOWN,DEPARTURE,2.267577724583864,-1.0,,False
Dec 30 2025-a6c29a-1767119073.38-1767123978.42-1375-1d7d7152094a,UNKNOWN,DEPARTURE,2.8417168551307226,-1.0,,False
ab885c-0-d7b5ab7e003d,UNKNOWN,DEPARTURE,0.6162735278455586,0.0,,False
ab9126-0-c86d3ef311dd,UNKNOWN,DEPARTURE,3.121129864854923,-1.0,,False
Dec 27 2025-c05219-1766850381.98-1766851296.06-389-af28ee78a0f4,UNKNOWN,INITIAL_APPROACH,3.228036553708068,-1.0,,False
Dec 27 2025-a41708-1766871576.3-1766872995.1-104-1e6eb74afb01,UNKNOWN,INTERMEDIATE_APPROACH,0.15548690757044303,0.0,,False
Dec 27 2025-a5cf30-1766860015.02-1766863104.39-678-d9a3185d3e75,UNKNOWN,DEPARTURE,3.0131396341373002,-1.0,,False
a4eaf7-0-b75c6c5af5d5,UNKNOWN,DEPARTURE,3.3109301257261814,-1.0,,False
aca548-0-2b769cd826bb,UNKNOWN,DEPARTURE,3.099563508892084,-1.0,,False
a30bf7-0-afd67ee3128d,UNKNOWN,DEPARTURE,2.633657123620518,-1.0,,False
Dec 29 2025-a62c94-1767039605.98-1767040397.17-1082-d8aa88a20532,UNKNOWN,DEPARTURE,4.519998419910587,-1.0,,False
c07eda-0-3642c4b55d76,UNKNOWN,INTERMEDIATE_APPROACH,0.5193983671511954,0.0,,False
adccb0-0-81c5680ffeb2,UNKNOWN,DEPARTURE,1.3235590592357496,-1.0,,False
a06408-0-5954f794bb9d,UNKNOWN,DEPARTURE,4.045076474999245,-1.0,,False
ac7a95-0-2ab9ffe9c2de,UNKNOWN,DEPARTURE,2.395162039515313,-1.0,,False
ae20c9-0-b631b683056c,UNKNOWN,ENROUTE_CLIMB,1.5702802897975079,-1.0,,False
a5c5e8-0-5b959d71504b,UNKNOWN,INTERMEDIATE_APPROACH,0.49457271483773424,0.0,,False
Dec 29 2025-acdc40-1766971526.66-1766972247.28-484-b34a0bc13184,UNKNOWN,ENROUTE_CLIMB,0.5892781539198255,0.0,,False
Dec 29 2025-a992f3-1767024410.69-1767026895.38-1772-43f8939a70f2,UNKNOWN,DEPARTURE,2.537418753468668,-1.0,,False
a6f00d-0-fe473ece6a46,UNKNOWN,INITIAL_APPROACH,1.0440231466469319,-1.0,,False
a22235-0-7f1602a9d6a7,UNKNOWN,FINAL_APPROACH,3.0676954126035776,-1.0,,False
Dec 27 2025-ad83b2-1766876530.15-1766877601.44-2615-5db14acfca4d,UNKNOWN,ENROUTE_CLIMB,4.178300040524785,-1.0,,False
Dec 27 2025-a19fdb-1766855944.4-1766858740.79-3225-b7d78b73ae75,UNKNOWN,DEPARTURE,2.2621953371555104,-1.0,,False
Dec 27 2025-a41144-1766850542.63-1766851338.64-983-ff4de7b2a4cc,UNKNOWN,ENROUTE_CLIMB,0.7538169619523425,0.0,,False
Dec 28 2025-a2af59-1766948319.85-1766949047.21-1054-5e56268e38e5,UNKNOWN,ENROUTE_CLIMB,0.31736092229950236,0.0,,False
a01b04-0-b68ecbd2dda2,UNKNOWN,FINAL_APPROACH,0.9897864712652723,0.0,,False
Dec 28 2025-a919cd-1766933036.26-1766934282.08-2481-dc33f0d361c7,UNKNOWN,DEPARTURE,4.458854908097893,-1.0,,False
ada79e-0-be174e662e35,UNKNOWN,DEPARTURE,2.2464479913574835,-1.0,,False
a60cf5-0-5cad60d28f99,UNKNOWN,DEPARTURE,2.151923325934045,-1.0,,False
aca548-0-06686dc5b53a,UNKNOWN,DEPARTURE,2.9488148569773758,-1.0,,False
a895b0-0-d733ebcc655e,UNKNOWN,INITIAL_APPROACH,1.6304628607568386,-1.0,,False
a25678-0-fdaf44e77245,UNKNOWN,INTERMEDIATE_APPROACH,0.2003693149158591,0.0,,False
acf735-0-62112bf4029e,UNKNOWN,DEPARTURE,2.871832943773595,-1.0,,False
a074d2-0-d25cc0b77599,UNKNOWN,DEPARTURE,2.7384177556699085,-1.0,,False
a996be-0-823f3f43488b,UNKNOWN,INITIAL_APPROACH,1.2826339701359537,-1.0,,False
a1fa84-0-070d13215ec0,UNKNOWN,DEPARTURE,4.1627658943349415,-1.0,,False
Dec 29 2025-ac5a94-1766980699.82-1766981893.2-1086-759336c73ee3,UNKNOWN,INITIAL_APPROACH,4.894049392243492,-1.0,,False
a14972-0-a4eca4421a88,UNKNOWN,DEPARTURE,3.4406343239099813,-1.0,,False
ad04bf-0-4bd3fff899f8,UNKNOWN,DEPARTURE,1.1378600965179126,-1.0,,False
a5a84e-0-68056aea71e8,UNKNOWN,DEPARTURE,3.133221267839635,-1.0,,False
Dec 27 2025-aa692a-1766851781.32-1766853654.02-602-61ff8acdaf4d,UNKNOWN,DEPARTURE,3.679531651930047,-1.0,,False
adf63f-0-34136d773b9d,UNKNOWN,DEPARTURE,1.1960480666580455,-1.0,,False
a835a1-0-f2a3562bf2f8,UNKNOWN,FINAL_APPROACH,3.156986638084982,-1.0,,False
a30bf7-0-0e311a2f35a1,UNKNOWN,DEPARTURE,2.7722582732554297,-1.0,,False
a64f85-0-527423191db6,UNKNOWN,DEPARTURE,2.871923859532826,-1.0,,False
a78df7-0-b95fc067144c,UNKNOWN,ENROUTE_CLIMB,1.4390507533342474,-1.0,,False
a196f3-0-00e87848100e,UNKNOWN,INITIAL_APPROACH,1.6367675354862703,-1.0,,False
Dec 28 2025-a061e1-1766944426.14-1766946877.36-2715-6af14aa16ae0,UNKNOWN,DEPARTURE,6.332720074661261,-1.0,,False
abdcda-0-d3bc4fa36c00,UNKNOWN,ENROUTE_CLIMB,5.371410474625184,-1.0,,False
aabc64-0-7eb4f5fab07d,UNKNOWN,DEPARTURE,2.2424911035844457,-1.0,,False
Dec 29 2025-abc12a-1767012163.39-1767012895.16-312-47d382c4962c,UNKNOWN,ENROUTE_CLIMB,0.4441194686264893,0.0,,False
