segment_id,phase,model_best_phase,model_best_score,model_best_cluster,anomaly_score,is_anomaly
a91ab7-0-744049249c5f,CRUISE_OVERFLIGHT,CRUISE_OVERFLIGHT,0.0,0,0.0,False
ac7126-0-747e0f78530b,CRUISE_OVERFLIGHT,CRUISE_OVERFLIGHT,0.17620085818218933,0,0.17620085818218933,False
ab6316-0-381b65f9f08a,CRUISE_OVERFLIGHT,CRUISE_OVERFLIGHT,0.0,0,0.0,False
a2c90d-0-dd36a3a19d77,CRUISE_OVERFLIGHT,CRUISE_OVERFLIGHT,0.0,0,0.0,False
ad0e7b-0-e75207570a9b,CRUISE_OVERFLIGHT,CRUISE_OVERFLIGHT,0.6217192251999158,0,0.6217192251999158,False
a11eb4-0-63eb8c7488f3,CRUISE_OVERFLIGHT,CRUISE_OVERFLIGHT,0.15176770383585636,0,0.15176770383585636,False
a9034c-0-65792278dea5,CRUISE_OVERFLIGHT,CRUISE_OVERFLIGHT,2.5155151459213304e-15,0,2.5155151459213304e-15,False
a30daf-0-350a6c835d38,CRUISE_OVERFLIGHT,CRUISE_OVERFLIGHT,0.09302421877475942,0,0.09302421877475942,False
a44d62-0-b5de3affbbe4,CRUISE_OVERFLIGHT,CRUISE_OVERFLIGHT,0.27302792723572106,0,0.27302792723572106,False
a4fbac-0-6a7ce24c7273,CRUISE_OVERFLIGHT,ENROUTE_CLIMB,1.5297800350555837,-1,1.5795073996596363,True
a8d6bd-0-72079da64b27,CRUISE_OVERFLIGHT,CRUISE_OVERFLIGHT,0.17906312855015286,0,0.17906312855015286,False
a68e14-0-4e0e36e8e080,CRUISE_OVERFLIGHT,CRUISE_OVERFLIGHT,0.9847782465930226,0,0.9847782465930226,False
a86cae-0-7318ccb767ed,CRUISE_OVERFLIGHT,CRUISE_OVERFLIGHT,1.0678886802525465,-1,1.0678886802525465,True
a6c120-0-432e390f34f6,CRUISE_OVERFLIGHT,CRUISE_OVERFLIGHT,0.29561726770829677,0,0.29561726770829677,False
a0e431-0-f487abb49915,CRUISE_OVERFLIGHT,CRUISE_OVERFLIGHT,0.15376882301128814,0,0.15376882301128814,False
a416be-0-3a3d4e51a7dd,CRUISE_OVERFLIGHT,CRUISE_OVERFLIGHT,0.3798079427330797,0,0.3798079427330797,False
a7302f-0-d5ad04bca57b,CRUISE_OVERFLIGHT,ENROUTE_CLIMB,0.537963299797058,0,0.779551681813549,False
a05939-0-887d0bcf60f2,CRUISE_OVERFLIGHT,CRUISE_OVERFLIGHT,0.16033277359451,0,0.16033277359451,False
a16694-0-c206966a2008,CRUISE_OVERFLIGHT,CRUISE_OVERFLIGHT,0.0,0,0.0,False
a0e086-0-16a5b652bb19,CRUISE_OVERFLIGHT,CRUISE_OVERFLIGHT,0.1700939436624058,0,0.1700939436624058,False
ad6758-0-c4a8e170cec9,CRUISE_OVERFLIGHT,CRUISE_OVERFLIGHT,0.10550967002696335,0,0.10550967002696335,False
a70812-0-e4c7764cb682,CRUISE_OVERFLIGHT,CRUISE_OVERFLIGHT,0.11812909664888185,0,0.11812909664888185,False
ab3ee2-0-54856dd44848,CRUISE_OVERFLIGHT,CRUISE_OVERFLIGHT,0.685647374470319,0,0.685647374470319,False
a1ec57-0-ddd8c0ef5ada,CRUISE_OVERFLIGHT,CRUISE_OVERFLIGHT,0.2553591149555741,0,0.2553591149555741,False
a2fa71-0-9b8be1fae294,CRUISE_OVERFLIGHT,CRUISE_OVERFLIGHT,0.17656067833420078,0,0.17656067833420078,False
a6f6dd-0-26414a5907bf,CRUISE_OVERFLIGHT,CRUISE_OVERFLIGHT,0.2507858386991979,0,0.2507858386991979,False
a90e61-0-bc71d8cf9e00,CRUISE_OVERFLIGHT,CRUISE_OVERFLIGHT,0.25888232703346753,0,0.25888232703346753,False
a175f8-0-89e4137229bf,CRUISE_OVERFLIGHT,CRUISE_OVERFLIGHT,0.1132089073492343,0,0.1132089073492343,False
a817fc-0-adb04532fa80,CRUISE_OVERFLIGHT,CRUISE_OVERFLIGHT,0.12068773077383255,0,0.12068773077383255,False
ab5e9b-0-1aadeb7dbff9,CRUISE_OVERFLIGHT,ENROUTE_DESCENT,0.39611220429857685,0,0.4769938770741803,False
a72866-0-22ccb99b3c1a,CRUISE_OVERFLIGHT,CRUISE_OVERFLIGHT,0.26908397557084446,0,0.26908397557084446,False
a33278-0-d29ad763cf2a,CRUISE_OVERFLIGHT,CRUISE_OVERFLIGHT,0.14488869577661892,0,0.14488869577661892,False
a1e9a0-0-c905dc59489b,CRUISE_OVERFLIGHT,CRUISE_OVERFLIGHT,0.15342036989815744,0,0.15342036989815744,False
a89b9b-0-66e290f499dc,CRUISE_OVERFLIGHT,CRUISE_OVERFLIGHT,0.38575713935265216,0,0.38575713935265216,False
aa395f-0-7b887ff5775f,CRUISE_OVERFLIGHT,CRUISE_OVERFLIGHT,0.07569827165304492,0,0.07569827165304492,False
a13efc-0-899f9c9e6863,CRUISE_OVERFLIGHT,CRUISE_OVERFLIGHT,0.1432230401960028,0,0.1432230401960028,False
a949a4-0-85ea46f63cae,CRUISE_OVERFLIGHT,CRUISE_OVERFLIGHT,0.22899768849332433,0,0.22899768849332433,False
ac5700-0-e4a9c870379d,CRUISE_OVERFLIGHT,CRUISE_OVERFLIGHT,0.16001583827052074,0,0.16001583827052074,False
a8e32b-0-e94191cc4255,CRUISE_OVERFLIGHT,CRUISE_OVERFLIGHT,0.21572269958282472,0,0.21572269958282472,False
a75b65-0-a10bf9d72219,CRUISE_OVERFLIGHT,CRUISE_OVERFLIGHT,0.0522512107086425,0,0.0522512107086425,False
acb12d-0-52937826b29e,CRUISE_OVERFLIGHT,CRUISE_OVERFLIGHT,0.4243110780487796,0,0.4243110780487796,False
a4798f-0-e0c8a57be81e,CRUISE_OVERFLIGHT,CRUISE_OVERFLIGHT,0.11355506188413664,0,0.11355506188413664,False
a771af-0-217600db5540,CRUISE_OVERFLIGHT,CRUISE_OVERFLIGHT,0.19770148902819676,0,0.19770148902819676,False
a68096-0-5b8d039164b9,CRUISE_OVERFLIGHT,CRUISE_OVERFLIGHT,0.483176705446855,0,0.483176705446855,False
a20471-0-288ee7ef1b2d,CRUISE_OVERFLIGHT,CRUISE_OVERFLIGHT,0.4703000390127314,0,0.4703000390127314,False
ab6526-0-70ffc15ed725,CRUISE_OVERFLIGHT,CRUISE_OVERFLIGHT,0.0,0,0.0,False
aadae3-0-9fc20b93b308,CRUISE_OVERFLIGHT,CRUISE_OVERFLIGHT,0.1893229219081838,0,0.1893229219081838,False
a98051-0-93711d31503d,CRUISE_OVERFLIGHT,CRUISE_OVERFLIGHT,0.0,0,0.0,False
a87078-0-497c9e271247,CRUISE_OVERFLIGHT,CRUISE_OVERFLIGHT,0.0,0,0.0,False
ac2576-0-92316707e270,CRUISE_OVERFLIGHT,CRUISE_OVERFLIGHT,0.16413404537371584,0,0.16413404537371584,False
a886bf-0-602eda0962bf,CRUISE_OVERFLIGHT,CRUISE_OVERFLIGHT,0.0,0,0.0,False
a6e4bb-0-88fca2034a51,CRUISE_OVERFLIGHT,CRUISE_OVERFLIGHT,0.1139499412859562,0,0.1139499412859562,False
a058d8-0-dffca441e1e1,CRUISE_OVERFLIGHT,CRUISE_OVERFLIGHT,0.0,0,0.0,False
a12622-0-0c38093bcf40,CRUISE_OVERFLIGHT,ENROUTE_DESCENT,0.9135646185044165,0,0.9375703928171283,False
ac91f1-0-540146b0c4fc,CRUISE_OVERFLIGHT,ENROUTE_DESCENT,1.8082466521758431,-1,1.9057881636382117,True
a1a986-0-f854ea2d0048,CRUISE_OVERFLIGHT,CRUISE_OVERFLIGHT,0.14050108628586488,0,0.14050108628586488,False
a7f287-0-587d4dd27473,CRUISE_OVERFLIGHT,CRUISE_OVERFLIGHT,0.13237652257065402,0,0.13237652257065402,False
a85cad-0-c4ba4b04379b,CRUISE_OVERFLIGHT,CRUISE_OVERFLIGHT,0.6770612663274321,0,0.6770612663274321,False
a22003-0-32c3004d3090,CRUISE_OVERFLIGHT,CRUISE_OVERFLIGHT,0.1944633331986236,0,0.1944633331986236,False
a1c0ec-0-b5a677ccaf58,CRUISE_OVERFLIGHT,CRUISE_OVERFLIGHT,0.23358172322010162,0,0.23358172322010162,False
ac1747-0-efc3ace37559,CRUISE_OVERFLIGHT,CRUISE_OVERFLIGHT,0.22957904032373885,0,0.22957904032373885,False
a1ca0e-0-eb09186e46bd,CRUISE_OVERFLIGHT,CRUISE_OVERFLIGHT,0.2245983499660595,0,0.2245983499660595,False
ad928e-0-bd7f99630d89,CRUISE_OVERFLIGHT,CRUISE_OVERFLIGHT,0.0744386509975485,0,0.0744386509975485,False
abdd6d-0-aad08b92f758,CRUISE_OVERFLIGHT,CRUISE_OVERFLIGHT,0.0,0,0.0,False
a30daf-0-f122e4ae2547,CRUISE_OVERFLIGHT,CRUISE_OVERFLIGHT,0.366161457490152,0,0.366161457490152,False
ab40f7-0-d4e308d35acc,CRUISE_OVERFLIGHT,CRUISE_OVERFLIGHT,0.2062320778739604,0,0.2062320778739604,False
adbb39-0-addf42e86f55,CRUISE_OVERFLIGHT,CRUISE_OVERFLIGHT,0.16320568713035258,0,0.16320568713035258,False
a44a6d-0-54e58d92e0df,CRUISE_OVERFLIGHT,CRUISE_OVERFLIGHT,0.29092803404211715,0,0.29092803404211715,False
a7f00a-0-dd803d9e9d67,CRUISE_OVERFLIGHT,CRUISE_OVERFLIGHT,0.17703073277919493,0,0.17703073277919493,False
ac8932-0-555c16895132,CRUISE_OVERFLIGHT,CRUISE_OVERFLIGHT,0.08796297361179051,0,0.08796297361179051,False
a9ea96-0-54b533d08529,CRUISE_OVERFLIGHT,CRUISE_OVERFLIGHT,0.22791676514117154,0,0.22791676514117154,False
ac249e-0-e4ea43e3b123,CRUISE_OVERFLIGHT,CRUISE_OVERFLIGHT,0.8942138818886926,0,0.8942138818886926,False
a7f9fb-0-ff80c76b2fcb,CRUISE_OVERFLIGHT,CRUISE_OVERFLIGHT,0.0,0,0.0,False
a0a9d4-0-a52954afebcd,CRUISE_OVERFLIGHT,CRUISE_OVERFLIGHT,0.0,0,0.0,False
a32f1b-0-be90f54d5b15,CRUISE_OVERFLIGHT,ENROUTE_CLIMB,0.7487412352442261,0,0.9200359894137238,False
ab56b1-0-2e8ef84c5ada,CRUISE_OVERFLIGHT,CRUISE_OVERFLIGHT,0.0,0,0.0,False
ad00e3-0-ffa95c324c6b,CRUISE_OVERFLIGHT,CRUISE_OVERFLIGHT,0.20964546565699865,0,0.20964546565699865,False
c08335-0-a7e742a110e4,CRUISE_OVERFLIGHT,CRUISE_OVERFLIGHT,0.0,0,0.0,False
a71337-0-d2da83a084a2,CRUISE_OVERFLIGHT,CRUISE_OVERFLIGHT,0.30105681829667447,0,0.30105681829667447,False
a23fb9-0-ad8378572e2f,CRUISE_OVERFLIGHT,CRUISE_OVERFLIGHT,0.30849150396414304,0,0.30849150396414304,False
a0e431-0-d1a9d45ba670,CRUISE_OVERFLIGHT,CRUISE_OVERFLIGHT,0.16204130691015825,0,0.16204130691015825,False
a933e3-0-caf00d6da14e,CRUISE_OVERFLIGHT,CRUISE_OVERFLIGHT,0.3040506525203111,0,0.3040506525203111,False
adf21a-0-94e511cb7d95,CRUISE_OVERFLIGHT,CRUISE_OVERFLIGHT,0.1429253015123644,0,0.1429253015123644,False
abe82c-0-cb00ac5e8e7e,CRUISE_OVERFLIGHT,CRUISE_OVERFLIGHT,0.22658348610109086,0,0.22658348610109086,False
a5b3a7-0-03f2e3b4f272,CRUISE_OVERFLIGHT,CRUISE_OVERFLIGHT,0.40999984356085706,0,0.40999984356085706,False
aaedb9-0-1def2691a14b,CRUISE_OVERFLIGHT,CRUISE_OVERFLIGHT,0.32136054798154984,0,0.32136054798154984,False
a62c1a-0-4da81d74e8f7,CRUISE_OVERFLIGHT,CRUISE_OVERFLIGHT,0.3486987904266394,0,0.3486987904266394,False
a12622-0-18fcc4db416a,CRUISE_OVERFLIGHT,CRUISE_OVERFLIGHT,0.158521630002364,0,0.158521630002364,False
ad8c82-0-d1051ce23ed8,CRUISE_OVERFLIGHT,CRUISE_OVERFLIGHT,0.16547611310497332,0,0.16547611310497332,False
a08acb-0-9d7c694a0967,CRUISE_OVERFLIGHT,CRUISE_OVERFLIGHT,0.5868157763144642,0,0.5868157763144642,False
ac058a-0-63eca29e61f5,CRUISE_OVERFLIGHT,CRUISE_OVERFLIGHT,0.16442728055677427,0,0.16442728055677427,False
adf190-0-782bf5f2499f,CRUISE_OVERFLIGHT,CRUISE_OVERFLIGHT,0.11147860901977556,0,0.11147860901977556,False
abe8b6-0-ab3ca909ed17,CRUISE_OVERFLIGHT,CRUISE_OVERFLIGHT,0.26482508757074974,0,0.26482508757074974,False
a7f28d-0-9fcf8825aa24,CRUISE_OVERFLIGHT,CRUISE_OVERFLIGHT,0.0,0,0.0,False
ac3d16-0-a676315ea6b9,CRUISE_OVERFLIGHT,CRUISE_OVERFLIGHT,0.0,0,0.0,False
a17490-0-2b67f3a9549a,CRUISE_OVERFLIGHT,CRUISE_OVERFLIGHT,0.23669501124841602,0,0.23669501124841602,False
a944b9-0-a1d370d4fdc3,CRUISE_OVERFLIGHT,CRUISE_OVERFLIGHT,0.20755522847241076,0,0.20755522847241076,False
aa1e68-0-33b0330ef5a4,CRUISE_OVERFLIGHT,CRUISE_OVERFLIGHT,1.0143294870748045,-1,1.0143294870748045,True
ace965-0-a231a8bd83a8,CRUISE_OVERFLIGHT,CRUISE_OVERFLIGHT,0.5843751856191096,0,0.5843751856191096,False
a447a9-0-13190f013dc7,CRUISE_OVERFLIGHT,CRUISE_OVERFLIGHT,0.2493884560065889,0,0.2493884560065889,False
a5277d-0-28a850bb5561,CRUISE_OVERFLIGHT,CRUISE_OVERFLIGHT,0.23057074914342382,0,0.23057074914342382,False
a8721f-0-510f360b244c,CRUISE_OVERFLIGHT,CRUISE_OVERFLIGHT,0.073902968110967,0,0.073902968110967,False
a6d3b3-0-ddf12449b5fe,CRUISE_OVERFLIGHT,CRUISE_OVERFLIGHT,0.0,0,0.0,False
a7302f-0-0f548aa818b0,CRUISE_OVERFLIGHT,CRUISE_OVERFLIGHT,0.0,0,0.0,False
a4a808-0-b76010f2b34a,CRUISE_OVERFLIGHT,CRUISE_OVERFLIGHT,0.19828103797557384,0,0.19828103797557384,False
a51e9f-0-f14b71e8417f,CRUISE_OVERFLIGHT,CRUISE_OVERFLIGHT,0.12941119980005023,0,0.12941119980005023,False
ac3ee9-0-ed1c98f55437,CRUISE_OVERFLIGHT,CRUISE_OVERFLIGHT,0.43905552269325576,0,0.43905552269325576,False
a7a616-0-18f65e1d9df3,CRUISE_OVERFLIGHT,CRUISE_OVERFLIGHT,0.3333233647293124,0,0.3333233647293124,False
add3dc-0-be487b61b274,CRUISE_OVERFLIGHT,CRUISE_OVERFLIGHT,0.0,0,0.0,False
a54b66-0-7ee1ee7a1ac9,CRUISE_OVERFLIGHT,CRUISE_OVERFLIGHT,0.48307666884663714,0,0.48307666884663714,False
ac28e5-0-d9f2fda61b7a,CRUISE_OVERFLIGHT,CRUISE_OVERFLIGHT,0.27113128986856777,0,0.27113128986856777,False
ac28e5-0-aa56b1ace35b,CRUISE_OVERFLIGHT,CRUISE_OVERFLIGHT,0.15586001119993953,0,0.15586001119993953,False
ab0ef9-0-d088c5a572e3,CRUISE_OVERFLIGHT,CRUISE_OVERFLIGHT,0.3005326443132085,0,0.3005326443132085,False
a0dadb-0-eabdd15de25c,CRUISE_OVERFLIGHT,CRUISE_OVERFLIGHT,0.41197105903196696,0,0.41197105903196696,False
a76f48-0-1dbdfaebb58c,CRUISE_OVERFLIGHT,CRUISE_OVERFLIGHT,0.1194490656421581,0,0.1194490656421581,False
a5cc12-0-f0355528d96e,CRUISE_OVERFLIGHT,CRUISE_OVERFLIGHT,0.39634651472726923,0,0.39634651472726923,False
a08714-0-f37ab50621e7,CRUISE_OVERFLIGHT,CRUISE_OVERFLIGHT,0.23468838939551903,0,0.23468838939551903,False
a24369-0-1c793ffbe4c6,CRUISE_OVERFLIGHT,CRUISE_OVERFLIGHT,0.17167949819835396,0,0.17167949819835396,False
a91986-0-2a05cd8a2656,CRUISE_OVERFLIGHT,CRUISE_OVERFLIGHT,0.19627358261069547,0,0.19627358261069547,False
a72bda-0-d710aeadc28a,CRUISE_OVERFLIGHT,CRUISE_OVERFLIGHT,0.5514726839705542,0,0.5514726839705542,False
0d10fe-0-aad34171f349,CRUISE_OVERFLIGHT,CRUISE_OVERFLIGHT,0.3267862907418369,0,0.3267862907418369,False
a69c5e-0-18694f36b237,CRUISE_OVERFLIGHT,CRUISE_OVERFLIGHT,0.28362634157710354,0,0.28362634157710354,False
a716ee-0-eefb4aa7fb25,CRUISE_OVERFLIGHT,CRUISE_OVERFLIGHT,0.3417609288368395,0,0.3417609288368395,False
a40a6f-0-0e04b1699d9c,CRUISE_OVERFLIGHT,CRUISE_OVERFLIGHT,1.2105389879433763,-1,1.2105389879433763,True
abc058-0-e7aee303307d,CRUISE_OVERFLIGHT,CRUISE_OVERFLIGHT,0.33763647136564046,0,0.33763647136564046,False
a6985d-0-d3a7ea20fe4f,CRUISE_OVERFLIGHT,CRUISE_OVERFLIGHT,0.2970734243222584,0,0.2970734243222584,False
a14c70-0-dfff3e8f811c,CRUISE_OVERFLIGHT,CRUISE_OVERFLIGHT,0.20294626459174003,0,0.20294626459174003,False
a05671-0-ccbd6d649707,CRUISE_OVERFLIGHT,CRUISE_OVERFLIGHT,0.14752208333085234,0,0.14752208333085234,False
abe0df-0-550ad034211e,CRUISE_OVERFLIGHT,CRUISE_OVERFLIGHT,0.3503088985218777,0,0.3503088985218777,False
a22a25-0-4bb02a97314f,CRUISE_OVERFLIGHT,CRUISE_OVERFLIGHT,0.14256785828461127,0,0.14256785828461127,False
a8da73-0-d3e61d1f35a4,CRUISE_OVERFLIGHT,CRUISE_OVERFLIGHT,0.18723344642742107,0,0.18723344642742107,False
ae6868-0-f4616d474464,CRUISE_OVERFLIGHT,CRUISE_OVERFLIGHT,0.11769598346677747,0,0.11769598346677747,False
a5db36-0-082c738b67cc,CRUISE_OVERFLIGHT,CRUISE_OVERFLIGHT,0.07938668959352417,0,0.07938668959352417,False
a35219-0-2537d9c89da2,CRUISE_OVERFLIGHT,CRUISE_OVERFLIGHT,0.0,0,0.0,False
0d0ddb-0-4a27eb12e789,CRUISE_OVERFLIGHT,CRUISE_OVERFLIGHT,0.0,0,0.0,False
ab1dd5-0-f662c7840597,CRUISE_OVERFLIGHT,CRUISE_OVERFLIGHT,0.4575830222275113,0,0.4575830222275113,False
a66d5e-0-d922bdea7214,CRUISE_OVERFLIGHT,CRUISE_OVERFLIGHT,1.0710353639129457,-1,1.0710353639129457,True
a23030-0-903abec719b4,CRUISE_OVERFLIGHT,CRUISE_OVERFLIGHT,0.1667316138505359,0,0.1667316138505359,False
a6032d-0-6676f1731e6d,CRUISE_OVERFLIGHT,CRUISE_OVERFLIGHT,0.43507179229460236,0,0.43507179229460236,False
a2fb32-0-f3390eecb483,CRUISE_OVERFLIGHT,CRUISE_OVERFLIGHT,0.47969917576338056,0,0.47969917576338056,False
a949a4-0-5d14dd4e477d,CRUISE_OVERFLIGHT,CRUISE_OVERFLIGHT,0.08502880952888865,0,0.08502880952888865,False
a3427c-0-16fdfba793ce,CRUISE_OVERFLIGHT,CRUISE_OVERFLIGHT,1.1180165914264195,-1,1.1180165914264195,True
abac7e-0-4bf22b171ee0,CRUISE_OVERFLIGHT,CRUISE_OVERFLIGHT,0.3456106484885953,0,0.3456106484885953,False
a920f4-0-cba7f55bec1e,CRUISE_OVERFLIGHT,CRUISE_OVERFLIGHT,0.2837320335972097,0,0.2837320335972097,False
a4c2f8-0-9be3f8dfc6f3,CRUISE_OVERFLIGHT,CRUISE_OVERFLIGHT,0.27692634229106367,0,0.27692634229106367,False
a9050b-0-6b1049cbc4e0,CRUISE_OVERFLIGHT,CRUISE_OVERFLIGHT,0.1497089418490052,0,0.1497089418490052,False
ac4f6f-0-f18285ba3235,CRUISE_OVERFLIGHT,CRUISE_OVERFLIGHT,0.25279769929624135,0,0.25279769929624135,False
a8b8b9-0-d7b4d40372db,CRUISE_OVERFLIGHT,CRUISE_OVERFLIGHT,0.20490970834036173,0,0.20490970834036173,False
a23675-0-b788b452eec5,CRUISE_OVERFLIGHT,CRUISE_OVERFLIGHT,0.11819077539249088,0,0.11819077539249088,False
a68cd1-0-9dd9890439da,CRUISE_OVERFLIGHT,CRUISE_OVERFLIGHT,0.13364546002691083,0,0.13364546002691083,False
a60c09-0-7026ffd95d39,CRUISE_OVERFLIGHT,CRUISE_OVERFLIGHT,0.23069624181439513,0,0.23069624181439513,False
a18eaf-0-8b7ee2324954,CRUISE_OVERFLIGHT,CRUISE_OVERFLIGHT,0.3785343270764269,0,0.3785343270764269,False
aa72b1-0-a53382d660f6,CRUISE_OVERFLIGHT,CRUISE_OVERFLIGHT,0.20109767675700668,0,0.20109767675700668,False
a8d6de-0-3aa2a1793fde,CRUISE_OVERFLIGHT,CRUISE_OVERFLIGHT,0.12236740999706022,0,0.12236740999706022,False
a8721f-0-bb8637d3a145,CRUISE_OVERFLIGHT,CRUISE_OVERFLIGHT,0.10646385985925566,0,0.10646385985925566,False
a5a6c1-0-358c8cf4f658,CRUISE_OVERFLIGHT,ENROUTE_DESCENT,0.3711035227112855,0,0.4722727387568733,False
ac79a3-0-e7e5b4bf86d6,CRUISE_OVERFLIGHT,CRUISE_OVERFLIGHT,0.3170404802795633,0,0.3170404802795633,False
a60f6c-0-0569227a802f,CRUISE_OVERFLIGHT,CRUISE_OVERFLIGHT,0.31789584462842146,0,0.31789584462842146,False
a7d39d-0-51d8c2b4b460,CRUISE_OVERFLIGHT,CRUISE_OVERFLIGHT,0.0,0,0.0,False
a91986-0-b5ad031187a7,CRUISE_OVERFLIGHT,CRUISE_OVERFLIGHT,0.0,0,0.0,False
a1057a-0-bdb68b3ca494,CRUISE_OVERFLIGHT,CRUISE_OVERFLIGHT,1.3432645635866314,-1,1.3432645635866314,True
a12378-0-80042a4ffc50,CRUISE_OVERFLIGHT,CRUISE_OVERFLIGHT,0.0,0,0.0,False
a71adb-0-86c244009778,CRUISE_OVERFLIGHT,CRUISE_OVERFLIGHT,0.14128472470290288,0,0.14128472470290288,False
a2ded8-0-ab9ab28709cf,CRUISE_OVERFLIGHT,CRUISE_OVERFLIGHT,0.0,0,0.0,False
a66cb2-0-a7405ce71199,CRUISE_OVERFLIGHT,CRUISE_OVERFLIGHT,0.12350994252241744,0,0.12350994252241744,False
a8c3a2-0-dfb454aacd2c,CRUISE_OVERFLIGHT,CRUISE_OVERFLIGHT,1.0545557412676807,-1,1.0545557412676807,True
a86540-0-7c6451c07599,CRUISE_OVERFLIGHT,CRUISE_OVERFLIGHT,0.0,0,0.0,False
a6d3b3-0-5e5ae477d04f,CRUISE_OVERFLIGHT,ENROUTE_CLIMB,0.5567292380253785,0,0.7480056051090033,False
a68e7c-0-5d03481e3daa,CRUISE_OVERFLIGHT,CRUISE_OVERFLIGHT,3.144393932401663e-16,0,3.144393932401663e-16,False
a8f5be-0-fbc39d79c259,CRUISE_OVERFLIGHT,CRUISE_OVERFLIGHT,0.06481532438074057,0,0.06481532438074057,False
a92e72-0-cf74b20ea098,CRUISE_OVERFLIGHT,CRUISE_OVERFLIGHT,0.0,0,0.0,False
a952bc-0-843c39950516,CRUISE_OVERFLIGHT,CRUISE_OVERFLIGHT,0.0,0,0.0,False
a0934b-0-944f8c7eb6d0,CRUISE_OVERFLIGHT,CRUISE_OVERFLIGHT,0.11768989071664133,0,0.11768989071664133,False
ac0e0f-0-5f35a612b3c2,CRUISE_OVERFLIGHT,CRUISE_OVERFLIGHT,0.13245361238630782,0,0.13245361238630782,False
a842e2-0-2068197491fa,CRUISE_OVERFLIGHT,CRUISE_OVERFLIGHT,0.2151684479323174,0,0.2151684479323174,False
a0f8d3-0-0b6449dadf61,CRUISE_OVERFLIGHT,CRUISE_OVERFLIGHT,0.21618768733884336,0,0.21618768733884336,False
ab3ee2-0-3fe058a2b747,CRUISE_OVERFLIGHT,CRUISE_OVERFLIGHT,0.0,0,0.0,False
ab44de-0-1b9a3e2c0222,CRUISE_OVERFLIGHT,CRUISE_OVERFLIGHT,0.10823599365755257,0,0.10823599365755257,False
aab922-0-e3eeb04d7162,CRUISE_OVERFLIGHT,CRUISE_OVERFLIGHT,0.0,0,0.0,False
aad5f2-0-b14abbbc7e10,CRUISE_OVERFLIGHT,CRUISE_OVERFLIGHT,0.4326638203987585,0,0.4326638203987585,False
ad6758-0-cb9d24d03419,CRUISE_OVERFLIGHT,CRUISE_OVERFLIGHT,0.13827600878654192,0,0.13827600878654192,False
aaf264-0-4faea24f3d06,CRUISE_OVERFLIGHT,ENROUTE_CLIMB,0.8193144824865402,0,1.3630073536437979,True
a25c75-0-dd72b6ef6520,CRUISE_OVERFLIGHT,CRUISE_OVERFLIGHT,0.21975334232624544,0,0.21975334232624544,False
aa1f97-0-c54170317bdd,CRUISE_OVERFLIGHT,CRUISE_OVERFLIGHT,0.2129303577395033,0,0.2129303577395033,False
a3599f-0-8fc980978f3e,CRUISE_OVERFLIGHT,CRUISE_OVERFLIGHT,0.0,0,0.0,False
a226c5-0-ff68dcf0d024,CRUISE_OVERFLIGHT,CRUISE_OVERFLIGHT,0.5478194650434359,0,0.5478194650434359,False
a1fbd9-0-c02666bb7d19,CRUISE_OVERFLIGHT,CRUISE_OVERFLIGHT,0.21373899042928185,0,0.21373899042928185,False
c083aa-0-9ae75557c9fd,CRUISE_OVERFLIGHT,CRUISE_OVERFLIGHT,0.4580716104041142,0,0.4580716104041142,False
a27a2d-0-d23ff62525ea,CRUISE_OVERFLIGHT,CRUISE_OVERFLIGHT,0.14705192307862974,0,0.14705192307862974,False
a33a5e-0-5c1b4cde3db5,CRUISE_OVERFLIGHT,CRUISE_OVERFLIGHT,0.14844179844381153,0,0.14844179844381153,False
a376fe-0-5af31f88be33,CRUISE_OVERFLIGHT,CRUISE_OVERFLIGHT,0.19056973203706862,0,0.19056973203706862,False
a2ba48-0-9df161fc0aeb,CRUISE_OVERFLIGHT,CRUISE_OVERFLIGHT,0.0,0,0.0,False
a90349-0-ba9d101dea70,CRUISE_OVERFLIGHT,CRUISE_OVERFLIGHT,0.12503267029409865,0,0.12503267029409865,False
a39e0c-0-c15e9158d1f1,CRUISE_OVERFLIGHT,CRUISE_OVERFLIGHT,0.2189056639709997,0,0.2189056639709997,False
ab44de-0-920cf2027f3d,CRUISE_OVERFLIGHT,CRUISE_OVERFLIGHT,0.14400313414869928,0,0.14400313414869928,False
a09a90-0-afcbce5da64b,CRUISE_OVERFLIGHT,CRUISE_OVERFLIGHT,0.3148869920600822,0,0.3148869920600822,False
a0c3b6-0-6b2588d61281,CRUISE_OVERFLIGHT,CRUISE_OVERFLIGHT,0.25044678568123246,0,0.25044678568123246,False
adc913-0-9fab0722862c,CRUISE_OVERFLIGHT,CRUISE_OVERFLIGHT,0.0,0,0.0,False
ad3cf3-0-82dc257364ee,CRUISE_OVERFLIGHT,CRUISE_OVERFLIGHT,0.0,0,0.0,False
ab44de-0-353561a3fb44,CRUISE_OVERFLIGHT,CRUISE_OVERFLIGHT,0.0,0,0.0,False
a03398-0-d92ee2b2dd52,CRUISE_OVERFLIGHT,CRUISE_OVERFLIGHT,0.14538687513074414,0,0.14538687513074414,False
a4493c-0-7b210fba4ba9,CRUISE_OVERFLIGHT,CRUISE_OVERFLIGHT,0.4432444234674561,0,0.4432444234674561,False
a90341-0-6905582118c2,CRUISE_OVERFLIGHT,CRUISE_OVERFLIGHT,0.1921920412546887,0,0.1921920412546887,False
a8bf6e-0-76ddb6953e13,CRUISE_OVERFLIGHT,CRUISE_OVERFLIGHT,0.12112085657518008,0,0.12112085657518008,False
ac2f5a-0-157e48cf0d45,CRUISE_OVERFLIGHT,CRUISE_OVERFLIGHT,0.0,0,0.0,False
a89bd6-0-8ee5a32ecbc3,CRUISE_OVERFLIGHT,CRUISE_OVERFLIGHT,0.1280696155311158,0,0.1280696155311158,False
ad2736-0-d2db102825d1,CRUISE_OVERFLIGHT,CRUISE_OVERFLIGHT,0.4518214099384802,0,0.4518214099384802,False
ad0b5e-0-f084e5270b1c,CRUISE_OVERFLIGHT,CRUISE_OVERFLIGHT,0.833503845562943,0,0.833503845562943,False
a33a55-0-f9dde550607e,CRUISE_OVERFLIGHT,CRUISE_OVERFLIGHT,0.5428970940711383,0,0.5428970940711383,False
c06c45-0-4938d45e351d,CRUISE_OVERFLIGHT,CRUISE_OVERFLIGHT,0.27455973972623815,0,0.27455973972623815,False
a22ef3-0-8b295facea35,CRUISE_OVERFLIGHT,CRUISE_OVERFLIGHT,0.08831804457231192,0,0.08831804457231192,False
a12622-0-8313fc911200,CRUISE_OVERFLIGHT,CRUISE_OVERFLIGHT,0.7931298243061008,0,0.7931298243061008,False
ab120a-0-01ebaf2df4dd,CRUISE_OVERFLIGHT,CRUISE_OVERFLIGHT,0.0,0,0.0,False
a695ea-0-301e3c27be78,CRUISE_OVERFLIGHT,CRUISE_OVERFLIGHT,0.3111219030161981,0,0.3111219030161981,False
a8b8b9-0-2efa594f66e5,CRUISE_OVERFLIGHT,CRUISE_OVERFLIGHT,0.09347573530731894,0,0.09347573530731894,False
aa6113-0-9193699144c6,CRUISE_OVERFLIGHT,CRUISE_OVERFLIGHT,0.0,0,0.0,False
ac2cca-0-68036278df0e,CRUISE_OVERFLIGHT,CRUISE_OVERFLIGHT,0.08751784524606648,0,0.08751784524606648,False
ae059d-0-56c0db2b9d99,CRUISE_OVERFLIGHT,CRUISE_OVERFLIGHT,0.13817063171564137,0,0.13817063171564137,False
a1b1bc-0-8b6b3c85a1b6,CRUISE_OVERFLIGHT,ENROUTE_DESCENT,0.7582150356692502,0,1.429682891044666,True
a16694-0-b0687fa988d2,CRUISE_OVERFLIGHT,CRUISE_OVERFLIGHT,0.1667038630862709,0,0.1667038630862709,False
a0733a-0-fff50fa6680b,CRUISE_OVERFLIGHT,CRUISE_OVERFLIGHT,0.16809662243756562,0,0.16809662243756562,False
a817fc-0-083a0bb23733,CRUISE_OVERFLIGHT,CRUISE_OVERFLIGHT,0.25568245663538675,0,0.25568245663538675,False
adda1e-0-5e55a33b28eb,CRUISE_OVERFLIGHT,CRUISE_OVERFLIGHT,0.14327941315007012,0,0.14327941315007012,False
a32b64-0-4a80665b4973,CRUISE_OVERFLIGHT,CRUISE_OVERFLIGHT,0.25208847443660654,0,0.25208847443660654,False
a8dcee-0-cac6ac56a67d,CRUISE_OVERFLIGHT,CRUISE_OVERFLIGHT,0.10646677794841057,0,0.10646677794841057,False
a7869b-0-a64ce73addf9,CRUISE_OVERFLIGHT,CRUISE_OVERFLIGHT,0.0,0,0.0,False
a7de16-0-60458d3053e4,CRUISE_OVERFLIGHT,CRUISE_OVERFLIGHT,0.13092743899781303,0,0.13092743899781303,False
c0193c-0-66e70e0241dd,CRUISE_OVERFLIGHT,CRUISE_OVERFLIGHT,1.488552892482209,-1,1.488552892482209,True
a96f68-0-5cf276eca643,CRUISE_OVERFLIGHT,CRUISE_OVERFLIGHT,0.7182737725019642,0,0.7182737725019642,False
a44d3f-0-5de7d10f8425,CRUISE_OVERFLIGHT,CRUISE_OVERFLIGHT,0.27662006957341345,0,0.27662006957341345,False
a5820c-0-2b6078c31a5a,CRUISE_OVERFLIGHT,CRUISE_OVERFLIGHT,0.16103868333342677,1,0.16103868333342677,False
c058ae-0-c05da1457373,CRUISE_OVERFLIGHT,CRUISE_OVERFLIGHT,0.05526160529410978,0,0.05526160529410978,False
a63b03-0-53a172c44100,CRUISE_OVERFLIGHT,CRUISE_OVERFLIGHT,0.1636839402712576,0,0.1636839402712576,False
a22ef3-0-b35efe3e7cca,CRUISE_OVERFLIGHT,CRUISE_OVERFLIGHT,0.11056289333967764,0,0.11056289333967764,False
aca788-0-51d2c6bd980c,CRUISE_OVERFLIGHT,CRUISE_OVERFLIGHT,0.22638922658408897,0,0.22638922658408897,False
aa7ac8-0-c86b7dfadc4a,CRUISE_OVERFLIGHT,CRUISE_OVERFLIGHT,0.24948112160574992,0,0.24948112160574992,False
abc107-0-c9866aa68755,CRUISE_OVERFLIGHT,CRUISE_OVERFLIGHT,0.2487564992716823,0,0.2487564992716823,False
ac28be-0-1748899191d4,CRUISE_OVERFLIGHT,CRUISE_OVERFLIGHT,0.0,0,0.0,False
a67502-0-732c92c654ad,CRUISE_OVERFLIGHT,CRUISE_OVERFLIGHT,0.0,0,0.0,False
a44240-0-744d67820195,CRUISE_OVERFLIGHT,CRUISE_OVERFLIGHT,0.19668262547321883,0,0.19668262547321883,False
ac970f-0-1514cd1f41db,CRUISE_OVERFLIGHT,ENROUTE_CLIMB,0.8695790783862319,0,1.75272929368433,True
a8c439-0-3ab84d577820,CRUISE_OVERFLIGHT,CRUISE_OVERFLIGHT,0.3391340794903276,0,0.3391340794903276,False
a41172-0-470a369e1cf8,CRUISE_OVERFLIGHT,CRUISE_OVERFLIGHT,0.16211659796734967,0,0.16211659796734967,False
a3cd99-0-a386e4060df3,CRUISE_OVERFLIGHT,CRUISE_OVERFLIGHT,1.0939378354690419,-1,1.0939378354690419,True
a447a9-0-ebee27134377,CRUISE_OVERFLIGHT,CRUISE_OVERFLIGHT,0.1521466683028976,0,0.1521466683028976,False
a82688-0-103818bfce82,CRUISE_OVERFLIGHT,CRUISE_OVERFLIGHT,0.7796538910667894,0,0.7796538910667894,False
a69d7b-0-08560f0667f8,CRUISE_OVERFLIGHT,CRUISE_OVERFLIGHT,0.9273711785934228,0,0.9273711785934228,False
abe872-0-eb072a9d8507,CRUISE_OVERFLIGHT,CRUISE_OVERFLIGHT,0.08659385764723364,0,0.08659385764723364,False
ae016d-0-4e0c4b2dd6fc,CRUISE_OVERFLIGHT,CRUISE_OVERFLIGHT,0.14281009327992236,0,0.14281009327992236,False
a1e2c4-0-f4fb64192e0c,CRUISE_OVERFLIGHT,CRUISE_OVERFLIGHT,0.08980177099803123,0,0.08980177099803123,False
a8b8b9-0-749f9cfd7d0a,CRUISE_OVERFLIGHT,CRUISE_OVERFLIGHT,0.0,0,0.0,False
a1ca0e-0-e40034c92ad6,CRUISE_OVERFLIGHT,CRUISE_OVERFLIGHT,0.05985017515217975,0,0.05985017515217975,False
a3899d-0-275df43e25db,CRUISE_OVERFLIGHT,ENROUTE_DESCENT,0.48357275426808455,0,0.6140161216448318,False
a76df8-0-91462e8d0af0,CRUISE_OVERFLIGHT,CRUISE_OVERFLIGHT,0.387996487564762,0,0.387996487564762,False
a8c439-0-7510c04b2eb9,CRUISE_OVERFLIGHT,CRUISE_OVERFLIGHT,0.184374945050698,0,0.184374945050698,False
a2cf6a-0-6efcf7f36007,CRUISE_OVERFLIGHT,CRUISE_OVERFLIGHT,0.4062730920972995,0,0.4062730920972995,False
a51358-0-aaf3d4265040,CRUISE_OVERFLIGHT,CRUISE_OVERFLIGHT,0.0,0,0.0,False
a2abc5-0-718851d338f8,CRUISE_OVERFLIGHT,CRUISE_OVERFLIGHT,0.15576601149564898,0,0.15576601149564898,False
a8f338-0-4de016d4f41e,CRUISE_OVERFLIGHT,CRUISE_OVERFLIGHT,0.1984919608143058,0,0.1984919608143058,False
ad6758-0-0f9418352a11,CRUISE_OVERFLIGHT,CRUISE_OVERFLIGHT,0.062173397874407316,0,0.062173397874407316,False
a11136-0-a2badd10b399,CRUISE_OVERFLIGHT,CRUISE_OVERFLIGHT,0.0,0,0.0,False
ad409a-0-aaf21ba900e2,CRUISE_OVERFLIGHT,CRUISE_OVERFLIGHT,0.0,0,0.0,False
ac828f-0-651089b83204,CRUISE_OVERFLIGHT,CRUISE_OVERFLIGHT,0.0,0,0.0,False
a76e37-0-7669bff9015e,CRUISE_OVERFLIGHT,CRUISE_OVERFLIGHT,0.313168425964893,0,0.313168425964893,False
a74679-0-e6b32db80c00,CRUISE_OVERFLIGHT,CRUISE_OVERFLIGHT,0.0,0,0.0,False
a037e7-0-15722f2d1baf,CRUISE_OVERFLIGHT,CRUISE_OVERFLIGHT,0.1479900612230008,1,0.1479900612230008,False
a98051-0-9ca6397d9ecf,CRUISE_OVERFLIGHT,CRUISE_OVERFLIGHT,0.1034760337340919,0,0.1034760337340919,False
a7c772-0-0bfff14f81ff,CRUISE_OVERFLIGHT,CRUISE_OVERFLIGHT,1.6652633617436887,-1,1.6652633617436887,True
a37a02-0-55d4b6de7d5f,CRUISE_OVERFLIGHT,CRUISE_OVERFLIGHT,0.0,0,0.0,False
abaf1e-0-80c22a61a850,CRUISE_OVERFLIGHT,CRUISE_OVERFLIGHT,0.0,0,0.0,False
a0065b-0-a49bf2a8c40c,CRUISE_OVERFLIGHT,CRUISE_OVERFLIGHT,0.3002201208512424,0,0.3002201208512424,False
aa6ab4-0-1d0a16d81ee2,CRUISE_OVERFLIGHT,CRUISE_OVERFLIGHT,0.14270102326839776,0,0.14270102326839776,False
adbc1d-0-549811484c86,CRUISE_OVERFLIGHT,CRUISE_OVERFLIGHT,0.17424111383868865,0,0.17424111383868865,False
a7167f-0-8f355f1946fe,CRUISE_OVERFLIGHT,CRUISE_OVERFLIGHT,0.105785760486631,0,0.105785760486631,False
a88e11-0-b211fdaec0ac,CRUISE_OVERFLIGHT,CRUISE_OVERFLIGHT,0.05301572063556714,0,0.05301572063556714,False
a92e72-0-a2eab444827e,CRUISE_OVERFLIGHT,CRUISE_OVERFLIGHT,0.2606849540901409,0,0.2606849540901409,False
a89f88-0-8b0efab9503b,CRUISE_OVERFLIGHT,CRUISE_OVERFLIGHT,0.23107975534390607,0,0.23107975534390607,False
ae574f-0-3c381a42129a,CRUISE_OVERFLIGHT,CRUISE_OVERFLIGHT,0.0,0,0.0,False
acc954-0-992c5d1455d4,CRUISE_OVERFLIGHT,CRUISE_OVERFLIGHT,0.1726198873648759,0,0.1726198873648759,False
a0b145-0-b99b821a8b0d,CRUISE_OVERFLIGHT,CRUISE_OVERFLIGHT,0.0,0,0.0,False
aa1219-0-bfc7a0f8d673,CRUISE_OVERFLIGHT,CRUISE_OVERFLIGHT,0.18012152355211816,0,0.18012152355211816,False
a2a627-0-e94fe14d61d6,CRUISE_OVERFLIGHT,CRUISE_OVERFLIGHT,0.5108997627615367,1,0.5108997627615367,False
0c205f-0-92a50f464b3d,CRUISE_OVERFLIGHT,CRUISE_OVERFLIGHT,0.0,0,0.0,False
a41743-0-631171f49153,CRUISE_OVERFLIGHT,CRUISE_OVERFLIGHT,0.0,0,0.0,False
abd26b-0-89ae992fefe8,CRUISE_OVERFLIGHT,CRUISE_OVERFLIGHT,0.0,0,0.0,False
a6329e-0-0fd4175ace58,CRUISE_OVERFLIGHT,CRUISE_OVERFLIGHT,0.530744131291755,0,0.530744131291755,False
ac7717-0-491d17c058b8,CRUISE_OVERFLIGHT,CRUISE_OVERFLIGHT,0.06395637777962326,0,0.06395637777962326,False
a871cf-0-c5cc8783c267,CRUISE_OVERFLIGHT,CRUISE_OVERFLIGHT,0.19209416250899639,0,0.19209416250899639,False
a3a14a-0-c9313c2d88cb,CRUISE_OVERFLIGHT,CRUISE_OVERFLIGHT,0.0,0,0.0,False
a54efc-0-096c49a0d068,CRUISE_OVERFLIGHT,CRUISE_OVERFLIGHT,0.0,0,0.0,False
adf190-0-db594b40efe4,CRUISE_OVERFLIGHT,CRUISE_OVERFLIGHT,0.0,0,0.0,False
aa84de-0-b6e69a4645c9,CRUISE_OVERFLIGHT,CRUISE_OVERFLIGHT,0.1481305249148577,0,0.1481305249148577,False
a243d2-0-79b127f779e4,CRUISE_OVERFLIGHT,CRUISE_OVERFLIGHT,0.0,0,0.0,False
abf351-0-cc5652b91a86,CRUISE_OVERFLIGHT,CRUISE_OVERFLIGHT,0.31545723150152744,0,0.31545723150152744,False
ac4843-0-0dba4cc5349e,CRUISE_OVERFLIGHT,CRUISE_OVERFLIGHT,0.10817648449675889,0,0.10817648449675889,False
a72c78-0-180f9e42ba0f,CRUISE_OVERFLIGHT,CRUISE_OVERFLIGHT,0.07804082818694072,0,0.07804082818694072,False
ac0bc4-0-454986ea50cb,CRUISE_OVERFLIGHT,CRUISE_OVERFLIGHT,7.176064526911522e-17,0,7.176064526911522e-17,False
a486be-0-cab1e16723cc,CRUISE_OVERFLIGHT,CRUISE_OVERFLIGHT,0.0,0,0.0,False
a69c5e-0-e07d6c2b4b9e,CRUISE_OVERFLIGHT,CRUISE_OVERFLIGHT,0.3132391776377693,0,0.3132391776377693,False
ac0818-0-085eb16c730d,CRUISE_OVERFLIGHT,CRUISE_OVERFLIGHT,0.28513829229314147,0,0.28513829229314147,False
ad4c60-0-4ae98339d5dc,CRUISE_OVERFLIGHT,CRUISE_OVERFLIGHT,0.5761849089431559,0,0.5761849089431559,False
abd1e3-0-bb882f7caa6c,CRUISE_OVERFLIGHT,CRUISE_OVERFLIGHT,0.3526021037091162,0,0.3526021037091162,False
a29dee-0-80bcd1cf61de,CRUISE_OVERFLIGHT,CRUISE_OVERFLIGHT,0.2593284594758554,0,0.2593284594758554,False
a69fa8-0-38e238b941e8,CRUISE_OVERFLIGHT,CRUISE_OVERFLIGHT,0.314070873092249,0,0.314070873092249,False
ac3d0f-0-00403c3ad429,CRUISE_OVERFLIGHT,ENROUTE_CLIMB,0.6461398075267133,0,1.2478767679938607,True
a8bf6e-0-45dda223b8c3,CRUISE_OVERFLIGHT,CRUISE_OVERFLIGHT,0.2854703847286161,0,0.2854703847286161,False
ac2cca-0-0bacaaeac029,CRUISE_OVERFLIGHT,CRUISE_OVERFLIGHT,0.0,0,0.0,False
a49ce6-0-b0bf1259fdaf,CRUISE_OVERFLIGHT,CRUISE_OVERFLIGHT,0.26512899827684555,0,0.26512899827684555,False
a842e2-0-90e69e83619d,CRUISE_OVERFLIGHT,CRUISE_OVERFLIGHT,0.2527193812129149,0,0.2527193812129149,False
a973e0-0-e1903cf945ce,CRUISE_OVERFLIGHT,CRUISE_OVERFLIGHT,0.20767537918659423,0,0.20767537918659423,False
a98051-0-96322464d321,CRUISE_OVERFLIGHT,CRUISE_OVERFLIGHT,0.09362325609090026,0,0.09362325609090026,False
a3866a-0-6e44f4159547,CRUISE_OVERFLIGHT,CRUISE_OVERFLIGHT,0.17511975557248122,0,0.17511975557248122,False
ab6bc6-0-85ac0115d28d,CRUISE_OVERFLIGHT,CRUISE_OVERFLIGHT,0.0,0,0.0,False
a18eaf-0-fd42205cbaf3,CRUISE_OVERFLIGHT,CRUISE_OVERFLIGHT,0.19501482057358419,0,0.19501482057358419,False
a0aa2b-0-42d07e929b9f,CRUISE_OVERFLIGHT,CRUISE_OVERFLIGHT,0.276575202480269,0,0.276575202480269,False
a7869b-0-486811016e5d,CRUISE_OVERFLIGHT,CRUISE_OVERFLIGHT,0.08920602593922959,0,0.08920602593922959,False
a416be-0-d9cc9df18b50,CRUISE_OVERFLIGHT,CRUISE_OVERFLIGHT,0.3110489089650912,0,0.3110489089650912,False
c02207-0-977fb75f67ad,CRUISE_OVERFLIGHT,CRUISE_OVERFLIGHT,0.1966142732807002,0,0.1966142732807002,False
a87cf4-0-58252bc6e11f,CRUISE_OVERFLIGHT,CRUISE_OVERFLIGHT,0.40948303021492694,0,0.40948303021492694,False
a63744-0-b17d6cc7724a,CRUISE_OVERFLIGHT,CRUISE_OVERFLIGHT,0.9621813108992695,0,0.9621813108992695,False
a887fd-0-d6eeacc76e19,CRUISE_OVERFLIGHT,CRUISE_OVERFLIGHT,0.18211639080064024,0,0.18211639080064024,False
a5954e-0-1a9a379d4dfb,CRUISE_OVERFLIGHT,CRUISE_OVERFLIGHT,0.21553149051146958,0,0.21553149051146958,False
ab6fdd-0-a8891b8d15bd,CRUISE_OVERFLIGHT,CRUISE_OVERFLIGHT,0.7084968308494113,0,0.7084968308494113,False
ac2412-0-97c4b892e55c,CRUISE_OVERFLIGHT,CRUISE_OVERFLIGHT,0.24765954957334163,0,0.24765954957334163,False
a9050b-0-c620248d5285,CRUISE_OVERFLIGHT,CRUISE_OVERFLIGHT,0.2661862403742976,0,0.2661862403742976,False
a12799-0-14e85513eb6e,CRUISE_OVERFLIGHT,CRUISE_OVERFLIGHT,0.19801906276170228,0,0.19801906276170228,False
abdcb5-0-798ae12168aa,CRUISE_OVERFLIGHT,CRUISE_OVERFLIGHT,0.43670510979967575,0,0.43670510979967575,False
c02986-0-89e914bded94,CRUISE_OVERFLIGHT,CRUISE_OVERFLIGHT,0.14864595595525354,0,0.14864595595525354,False
a390ff-0-de95e3baffd7,CRUISE_OVERFLIGHT,CRUISE_OVERFLIGHT,0.18033035047967336,0,0.18033035047967336,False
aac3f4-0-6f0088728908,CRUISE_OVERFLIGHT,CRUISE_OVERFLIGHT,0.5250419842999696,0,0.5250419842999696,False
a283f4-0-22f32fa5b3cc,CRUISE_OVERFLIGHT,CRUISE_OVERFLIGHT,0.22997067439378613,0,0.22997067439378613,False
ab2c0b-0-a300cfbd6d74,CRUISE_OVERFLIGHT,CRUISE_OVERFLIGHT,0.21073424897516074,0,0.21073424897516074,False
a0792e-0-30fa8778e076,CRUISE_OVERFLIGHT,CRUISE_OVERFLIGHT,0.0,0,0.0,False
a21ba0-0-88c686965aee,CRUISE_OVERFLIGHT,CRUISE_OVERFLIGHT,0.12115345016393474,0,0.12115345016393474,False
a272bf-0-387ea90ac953,CRUISE_OVERFLIGHT,ENROUTE_CLIMB,0.6072298536761631,0,0.9963899932754241,False
a89076-0-466c71c29914,CRUISE_OVERFLIGHT,CRUISE_OVERFLIGHT,0.40123975262643946,0,0.40123975262643946,False
a8da73-0-0aee55b3e6be,CRUISE_OVERFLIGHT,CRUISE_OVERFLIGHT,0.11150952553543826,0,0.11150952553543826,False
a51e9f-0-f53717b0a449,CRUISE_OVERFLIGHT,CRUISE_OVERFLIGHT,0.10831152496744761,0,0.10831152496744761,False
a90349-0-5c31e962aab1,CRUISE_OVERFLIGHT,CRUISE_OVERFLIGHT,0.0,0,0.0,False
a0cfb6-0-2d6726573534,CRUISE_OVERFLIGHT,ENROUTE_CLIMB,0.9419440195752744,0,1.0529896207185832,True
a90e61-0-0d5ded3ebb2b,CRUISE_OVERFLIGHT,CRUISE_OVERFLIGHT,0.16129635785097482,0,0.16129635785097482,False
a53b2b-0-f4c7d2ce574a,CRUISE_OVERFLIGHT,CRUISE_OVERFLIGHT,0.3551065694171039,0,0.3551065694171039,False
ab44ae-0-1fa718a2d49b,CRUISE_OVERFLIGHT,ENROUTE_CLIMB,0.8521766319991154,0,0.9669890774370896,False
a34bc8-0-67541158e660,CRUISE_OVERFLIGHT,CRUISE_OVERFLIGHT,0.0,0,0.0,False
a1804c-0-2cf98065246b,CRUISE_OVERFLIGHT,CRUISE_OVERFLIGHT,0.1126066641911856,0,0.1126066641911856,False
a70bc9-0-263939344448,CRUISE_OVERFLIGHT,CRUISE_OVERFLIGHT,0.2888361441221864,0,0.2888361441221864,False
a98909-0-3e0b07ae8b72,CRUISE_OVERFLIGHT,CRUISE_OVERFLIGHT,0.13866295849860458,0,0.13866295849860458,False
a48307-0-81450b996826,CRUISE_OVERFLIGHT,CRUISE_OVERFLIGHT,0.18317919273844244,0,0.18317919273844244,False
ab92c4-0-d1e501a1d112,CRUISE_OVERFLIGHT,CRUISE_OVERFLIGHT,0.0,0,0.0,False
a25d36-0-b7334806fed2,CRUISE_OVERFLIGHT,CRUISE_OVERFLIGHT,0.25460452672815503,0,0.25460452672815503,False
a19a72-0-d03898f8e6a0,CRUISE_OVERFLIGHT,CRUISE_OVERFLIGHT,0.12954843851442,0,0.12954843851442,False
a34f7f-0-e75994c915db,CRUISE_OVERFLIGHT,CRUISE_OVERFLIGHT,0.35560575777591424,0,0.35560575777591424,False
a301df-0-f2aa5faca0ef,CRUISE_OVERFLIGHT,CRUISE_OVERFLIGHT,0.2070255986897745,0,0.2070255986897745,False
a48321-0-ce788ade7314,CRUISE_OVERFLIGHT,CRUISE_OVERFLIGHT,0.0717155317741199,0,0.0717155317741199,False
a59939-0-7d15d40ab941,CRUISE_OVERFLIGHT,CRUISE_OVERFLIGHT,0.4255267456429861,0,0.4255267456429861,False
a77147-0-5227cb157efb,CRUISE_OVERFLIGHT,CRUISE_OVERFLIGHT,0.10639914082940342,0,0.10639914082940342,False
a77e8f-0-c4d4afab7ee8,CRUISE_OVERFLIGHT,CRUISE_OVERFLIGHT,0.21016288395321733,0,0.21016288395321733,False
aae810-0-8b70479ee08c,CRUISE_OVERFLIGHT,CRUISE_OVERFLIGHT,0.3490950242933166,0,0.3490950242933166,False
a3f8b8-0-8d193e54d190,CRUISE_OVERFLIGHT,CRUISE_OVERFLIGHT,0.0,0,0.0,False
a8fadf-0-597f11983f3c,CRUISE_OVERFLIGHT,CRUISE_OVERFLIGHT,0.0,0,0.0,False
a6d3b3-0-82f26c352739,CRUISE_OVERFLIGHT,ENROUTE_CLIMB,0.532310609643772,0,0.6833218730367472,False
a11afd-0-9c6a689f9ded,CRUISE_OVERFLIGHT,CRUISE_OVERFLIGHT,0.2756896256779136,0,0.2756896256779136,False
ad0725-0-bd208dd89348,CRUISE_OVERFLIGHT,CRUISE_OVERFLIGHT,0.2733831202535617,0,0.2733831202535617,False
a379dd-0-8f3f27cb17e7,CRUISE_OVERFLIGHT,CRUISE_OVERFLIGHT,0.12528807478491538,0,0.12528807478491538,False
aa1219-0-50ed161dc19e,CRUISE_OVERFLIGHT,CRUISE_OVERFLIGHT,0.24599561237039153,0,0.24599561237039153,False
a05ab3-0-45d389d47011,CRUISE_OVERFLIGHT,CRUISE_OVERFLIGHT,0.17954020949343732,0,0.17954020949343732,False
aa7f01-0-92454711f0ae,CRUISE_OVERFLIGHT,CRUISE_OVERFLIGHT,0.3433098958049964,0,0.3433098958049964,False
a9050b-0-6486f166a154,CRUISE_OVERFLIGHT,CRUISE_OVERFLIGHT,0.16711668076960046,0,0.16711668076960046,False
a1226e-0-cdd9044d2de6,CRUISE_OVERFLIGHT,CRUISE_OVERFLIGHT,0.23582518112224599,0,0.23582518112224599,False
abe79d-0-e64a6aa18886,CRUISE_OVERFLIGHT,CRUISE_OVERFLIGHT,0.0,0,0.0,False
abd26b-0-0a154186d284,CRUISE_OVERFLIGHT,CRUISE_OVERFLIGHT,0.06684473465245044,0,0.06684473465245044,False
ac537f-0-cae0e8942fdb,CRUISE_OVERFLIGHT,CRUISE_OVERFLIGHT,0.0,0,0.0,False
abbd8d-0-c1d0294b218b,CRUISE_OVERFLIGHT,CRUISE_OVERFLIGHT,0.0,0,0.0,False
a05939-0-d537a7647579,CRUISE_OVERFLIGHT,CRUISE_OVERFLIGHT,0.12598345654048781,0,0.12598345654048781,False
ab2372-0-6ad735b2e813,CRUISE_OVERFLIGHT,CRUISE_OVERFLIGHT,0.09516834063532231,0,0.09516834063532231,False
ace965-0-129f50ced5a2,CRUISE_OVERFLIGHT,CRUISE_OVERFLIGHT,0.3264026121266599,0,0.3264026121266599,False
a7bf22-0-0320c0d62c34,CRUISE_OVERFLIGHT,ENROUTE_DESCENT,0.3071201398590315,0,0.4249677725746892,False
a447a9-0-6a29c6f9acd2,CRUISE_OVERFLIGHT,CRUISE_OVERFLIGHT,0.2116516179032459,0,0.2116516179032459,False
acbffd-0-76b33ca5ba1d,CRUISE_OVERFLIGHT,CRUISE_OVERFLIGHT,0.0,0,0.0,False
c02966-0-27e21ee38ae0,CRUISE_OVERFLIGHT,CRUISE_OVERFLIGHT,0.0,0,0.0,False
a12c76-0-fbcbbcde53fd,CRUISE_OVERFLIGHT,CRUISE_OVERFLIGHT,0.23413235349200986,0,0.23413235349200986,False
a7f308-0-afde64a72b68,CRUISE_OVERFLIGHT,CRUISE_OVERFLIGHT,0.18034612590754637,0,0.18034612590754637,False
a8741c-0-518dba60d946,CRUISE_OVERFLIGHT,CRUISE_OVERFLIGHT,0.2866009245138873,0,0.2866009245138873,False
a280fe-0-57f864ed23b6,CRUISE_OVERFLIGHT,CRUISE_OVERFLIGHT,0.239883499602169,0,0.239883499602169,False
a88ec0-0-709cfa8cc6c4,CRUISE_OVERFLIGHT,CRUISE_OVERFLIGHT,0.09131417170798371,0,0.09131417170798371,False
a920f4-0-8466d936fef4,CRUISE_OVERFLIGHT,CRUISE_OVERFLIGHT,0.11785436598648473,0,0.11785436598648473,False
a6322e-0-f0b5fa55ffb3,CRUISE_OVERFLIGHT,CRUISE_OVERFLIGHT,0.18227354647407887,0,0.18227354647407887,False
a906f3-0-fa675f3a0080,CRUISE_OVERFLIGHT,CRUISE_OVERFLIGHT,0.5782977582949315,0,0.5782977582949315,False
a761ac-0-a97a398ef719,CRUISE_OVERFLIGHT,CRUISE_OVERFLIGHT,0.08795219080881742,0,0.08795219080881742,False
ac31d7-0-93fc91609f57,CRUISE_OVERFLIGHT,CRUISE_OVERFLIGHT,0.10919929375992578,0,0.10919929375992578,False
a37db9-0-398573d5eef7,CRUISE_OVERFLIGHT,CRUISE_OVERFLIGHT,0.27649016501927665,0,0.27649016501927665,False
ae1bf0-0-3cc3e7ea8204,CRUISE_OVERFLIGHT,CRUISE_OVERFLIGHT,0.159022507419062,0,0.159022507419062,False
abac7e-0-d03de699039e,CRUISE_OVERFLIGHT,CRUISE_OVERFLIGHT,0.2646911527502067,0,0.2646911527502067,False
a5bf76-0-aa28563a2ab9,CRUISE_OVERFLIGHT,CRUISE_OVERFLIGHT,0.23273907601531857,0,0.23273907601531857,False
a9a91a-0-914fdf7133b8,CRUISE_OVERFLIGHT,CRUISE_OVERFLIGHT,0.18146078714480154,0,0.18146078714480154,False
a8b8b9-0-7f3077767999,CRUISE_OVERFLIGHT,CRUISE_OVERFLIGHT,0.1521003351690914,0,0.1521003351690914,False
a68cd1-0-0b5ee3d65137,CRUISE_OVERFLIGHT,CRUISE_OVERFLIGHT,0.23007801730964667,0,0.23007801730964667,False
ad0f29-0-ccea17bacd71,CRUISE_OVERFLIGHT,CRUISE_OVERFLIGHT,0.8729752496843977,0,0.8729752496843977,False
a291d7-0-83c406964fd6,CRUISE_OVERFLIGHT,CRUISE_OVERFLIGHT,0.15975649333094014,0,0.15975649333094014,False
a22a25-0-8aea4beace80,CRUISE_OVERFLIGHT,CRUISE_OVERFLIGHT,0.2139363053188694,0,0.2139363053188694,False
a66d5e-0-4b01887572b4,CRUISE_OVERFLIGHT,CRUISE_OVERFLIGHT,0.13469001420491716,2,0.13469001420491716,False
a54ff9-0-6355b81b7b65,CRUISE_OVERFLIGHT,CRUISE_OVERFLIGHT,0.11060345858829244,0,0.11060345858829244,False
a3a27a-0-90e0541d6a8b,CRUISE_OVERFLIGHT,CRUISE_OVERFLIGHT,0.0,0,0.0,False
a1c57e-0-f04a5265b6ee,CRUISE_OVERFLIGHT,CRUISE_OVERFLIGHT,0.09064330873612808,0,0.09064330873612808,False
a8721f-0-d48de7145757,CRUISE_OVERFLIGHT,CRUISE_OVERFLIGHT,0.12953949501760723,0,0.12953949501760723,False
a449a8-0-d697c75809af,CRUISE_OVERFLIGHT,CRUISE_OVERFLIGHT,0.3488064619452616,0,0.3488064619452616,False
a0d724-0-c8d3b9ffdf36,CRUISE_OVERFLIGHT,CRUISE_OVERFLIGHT,0.11044028656878109,0,0.11044028656878109,False
ab56b1-0-123e38e0fc14,CRUISE_OVERFLIGHT,CRUISE_OVERFLIGHT,0.16379921560975683,0,0.16379921560975683,False
a98150-0-ae6c628d71b3,CRUISE_OVERFLIGHT,CRUISE_OVERFLIGHT,0.34545184692073255,0,0.34545184692073255,False
aae312-0-6319f6fff10a,CRUISE_OVERFLIGHT,CRUISE_OVERFLIGHT,0.2226468293617352,0,0.2226468293617352,False
ac578c-0-9e5720370715,CRUISE_OVERFLIGHT,CRUISE_OVERFLIGHT,0.07110993708493445,0,0.07110993708493445,False
c03d67-0-36386d690306,CRUISE_OVERFLIGHT,CRUISE_OVERFLIGHT,0.3560926201275161,0,0.3560926201275161,False
a1c03a-0-f86ef7df3588,CRUISE_OVERFLIGHT,CRUISE_OVERFLIGHT,0.2446770606237715,0,0.2446770606237715,False
a79cbd-0-a5dcad4d9974,CRUISE_OVERFLIGHT,CRUISE_OVERFLIGHT,0.14957099807221094,0,0.14957099807221094,False
a4dd65-0-518629c81bec,CRUISE_OVERFLIGHT,CRUISE_OVERFLIGHT,0.5681908209300364,0,0.5681908209300364,False
a9cba2-0-8eafe6e06989,CRUISE_OVERFLIGHT,CRUISE_OVERFLIGHT,0.0,0,0.0,False
aa2abc-0-95200a676620,CRUISE_OVERFLIGHT,CRUISE_OVERFLIGHT,0.18622969114195925,0,0.18622969114195925,False
abc91f-0-06e031dc6906,CRUISE_OVERFLIGHT,CRUISE_OVERFLIGHT,0.26158060249704773,0,0.26158060249704773,False
aae280-0-aa64ae28c851,CRUISE_OVERFLIGHT,CRUISE_OVERFLIGHT,0.11106828398382372,0,0.11106828398382372,False
ad8cec-0-e0f03924f6fa,CRUISE_OVERFLIGHT,CRUISE_OVERFLIGHT,0.17371791639808806,0,0.17371791639808806,False
a32fda-0-79d439759025,CRUISE_OVERFLIGHT,CRUISE_OVERFLIGHT,0.0,0,0.0,False
a88e11-0-f5a17d1f9460,CRUISE_OVERFLIGHT,CRUISE_OVERFLIGHT,0.1671886365504081,0,0.1671886365504081,False
aa2d14-0-d350c4b080c5,CRUISE_OVERFLIGHT,ENROUTE_CLIMB,0.38454989700961123,0,0.44325693946921,False
a09cdb-0-7e0c6079f07b,CRUISE_OVERFLIGHT,CRUISE_OVERFLIGHT,0.5470790924944473,0,0.5470790924944473,False
a26b51-0-4488fad1de08,CRUISE_OVERFLIGHT,ENROUTE_CLIMB,0.46287753071558685,0,0.5696745934416552,False
a390d5-0-cfb65c271727,CRUISE_OVERFLIGHT,CRUISE_OVERFLIGHT,0.3671533022960884,0,0.3671533022960884,False
a7d32e-0-aee27f29242d,CRUISE_OVERFLIGHT,ENROUTE_CLIMB,1.0212885153181026,-1,1.2950612121849625,True
a90454-0-f7427b31feea,CRUISE_OVERFLIGHT,CRUISE_OVERFLIGHT,0.06474265325464824,0,0.06474265325464824,False
a48e81-0-f9d730582991,CRUISE_OVERFLIGHT,CRUISE_OVERFLIGHT,0.4220918473278351,0,0.4220918473278351,False
a0b7d8-0-e6c9195aef35,CRUISE_OVERFLIGHT,CRUISE_OVERFLIGHT,0.0,0,0.0,False
a9a8c7-0-2a794fbfa483,CRUISE_OVERFLIGHT,CRUISE_OVERFLIGHT,0.18417519068729812,0,0.18417519068729812,False
a949a4-0-56b69dd292a7,CRUISE_OVERFLIGHT,CRUISE_OVERFLIGHT,0.17167148840013144,0,0.17167148840013144,False
c060be-0-7fdbd2f22101,CRUISE_OVERFLIGHT,CRUISE_OVERFLIGHT,0.06167484376500981,0,0.06167484376500981,False
a2c1bd-0-53412826920b,CRUISE_OVERFLIGHT,CRUISE_OVERFLIGHT,0.13217176293226737,0,0.13217176293226737,False
a8b476-0-dcb27a3153f5,CRUISE_OVERFLIGHT,CRUISE_OVERFLIGHT,0.11282378243453631,0,0.11282378243453631,False
a0f8d3-0-8b624fb27be0,CRUISE_OVERFLIGHT,CRUISE_OVERFLIGHT,0.26101756502222595,0,0.26101756502222595,False
aa7f01-0-7ad5817b0f4f,CRUISE_OVERFLIGHT,CRUISE_OVERFLIGHT,0.11144921709434656,0,0.11144921709434656,False
a0b81e-0-6843774b0eac,CRUISE_OVERFLIGHT,CRUISE_OVERFLIGHT,0.27487552709932794,0,0.27487552709932794,False
a65408-0-404037ee1b45,CRUISE_OVERFLIGHT,CRUISE_OVERFLIGHT,0.0,0,0.0,False
a17fb5-0-87aba2175326,CRUISE_OVERFLIGHT,CRUISE_OVERFLIGHT,0.28464809983824535,0,0.28464809983824535,False
a4f26b-0-ed645a2fe365,CRUISE_OVERFLIGHT,CRUISE_OVERFLIGHT,1.327289699181984,-1,1.327289699181984,True
a475d8-0-a4717013cda0,CRUISE_OVERFLIGHT,CRUISE_OVERFLIGHT,0.11219524821939658,0,0.11219524821939658,False
ae1bf5-0-0dd256683076,CRUISE_OVERFLIGHT,CRUISE_OVERFLIGHT,0.0,0,0.0,False
acad4a-0-b7bc09d521c1,CRUISE_OVERFLIGHT,CRUISE_OVERFLIGHT,0.1773682117368024,0,0.1773682117368024,False
ac4279-0-c305804bf33a,CRUISE_OVERFLIGHT,CRUISE_OVERFLIGHT,0.21866629333201842,0,0.21866629333201842,False
ac9256-0-6be40d3a679f,CRUISE_OVERFLIGHT,ENROUTE_CLIMB,0.6799047672771136,0,0.7044273251794935,False
ac91f1-0-fecfb3770db3,CRUISE_OVERFLIGHT,ENROUTE_DESCENT,1.7452328834757562,-1,1.8796331544360774,True
a837a6-0-7121ab73eb8a,CRUISE_OVERFLIGHT,CRUISE_OVERFLIGHT,0.12955587232187607,0,0.12955587232187607,False
aa7b10-0-3ef26ae932c8,CRUISE_OVERFLIGHT,CRUISE_OVERFLIGHT,0.543022009162115,0,0.543022009162115,False
a23c5d-0-d44e966844bd,CRUISE_OVERFLIGHT,CRUISE_OVERFLIGHT,0.3213014122781813,0,0.3213014122781813,False
a1e9a0-0-99794c2ee675,CRUISE_OVERFLIGHT,CRUISE_OVERFLIGHT,0.18871954493599544,0,0.18871954493599544,False
a91986-0-eb060e9c40b8,CRUISE_OVERFLIGHT,CRUISE_OVERFLIGHT,0.4388482380531531,0,0.4388482380531531,False
a486be-0-46d6dfa71b86,CRUISE_OVERFLIGHT,CRUISE_OVERFLIGHT,0.0,0,0.0,False
a449a8-0-a1a203053830,CRUISE_OVERFLIGHT,CRUISE_OVERFLIGHT,0.1657591081472174,0,0.1657591081472174,False
a0f087-0-e2d66a33e8e4,CRUISE_OVERFLIGHT,CRUISE_OVERFLIGHT,0.18965633313983404,0,0.18965633313983404,False
a4e181-0-0457698e5857,CRUISE_OVERFLIGHT,CRUISE_OVERFLIGHT,0.23970584532468883,0,0.23970584532468883,False
a32b64-0-eeb5a90b81ba,CRUISE_OVERFLIGHT,CRUISE_OVERFLIGHT,1.017615792487035,-1,1.017615792487035,True
aa7fa1-0-3a3d89d0f609,CRUISE_OVERFLIGHT,CRUISE_OVERFLIGHT,0.6021003830732139,0,0.6021003830732139,False
a86540-0-65c85ae6bd1d,CRUISE_OVERFLIGHT,CRUISE_OVERFLIGHT,0.25341637976794973,0,0.25341637976794973,False
ac7a52-0-0edcdcb58bb9,CRUISE_OVERFLIGHT,CRUISE_OVERFLIGHT,0.19264519275267006,0,0.19264519275267006,False
a175f8-0-7fa7e090938b,CRUISE_OVERFLIGHT,CRUISE_OVERFLIGHT,0.0,0,0.0,False
a01567-0-ec57e8e52b48,CRUISE_OVERFLIGHT,CRUISE_OVERFLIGHT,0.0,0,0.0,False
ab9024-0-5ed0304e8046,CRUISE_OVERFLIGHT,CRUISE_OVERFLIGHT,0.17156472191371014,0,0.17156472191371014,False
ae01cd-0-16dcffe172b6,CRUISE_OVERFLIGHT,CRUISE_OVERFLIGHT,0.17595891565417493,0,0.17595891565417493,False
a41172-0-d1a9c887c4b9,CRUISE_OVERFLIGHT,CRUISE_OVERFLIGHT,0.15326400449215524,0,0.15326400449215524,False
a12c76-0-1a8b1dd65cdf,CRUISE_OVERFLIGHT,CRUISE_OVERFLIGHT,0.5944175984219319,0,0.5944175984219319,False
a143e9-0-ea8b3bcc210f,CRUISE_OVERFLIGHT,CRUISE_OVERFLIGHT,1.1142444562178089,-1,1.1142444562178089,True
a533bd-0-cb1d037e9f86,CRUISE_OVERFLIGHT,CRUISE_OVERFLIGHT,0.0,0,0.0,False
a2efae-0-0638c58664f2,CRUISE_OVERFLIGHT,CRUISE_OVERFLIGHT,0.2553367189102093,0,0.2553367189102093,False
a8496e-0-3cf21975a32f,CRUISE_OVERFLIGHT,CRUISE_OVERFLIGHT,0.3320080941966804,0,0.3320080941966804,False
a21d14-0-ad6efb92650b,CRUISE_OVERFLIGHT,CRUISE_OVERFLIGHT,0.19801532253130472,0,0.19801532253130472,False
a2ba4f-0-49da966c0049,CRUISE_OVERFLIGHT,CRUISE_OVERFLIGHT,0.10273458221242142,0,0.10273458221242142,False
a91986-0-3862e4ff3ba1,CRUISE_OVERFLIGHT,CRUISE_OVERFLIGHT,1.1846851219710501,-1,1.1846851219710501,True
a35ade-0-07abbbb0174e,CRUISE_OVERFLIGHT,CRUISE_OVERFLIGHT,0.35538159205585107,0,0.35538159205585107,False
a36dac-0-7fe46c15bc89,CRUISE_OVERFLIGHT,CRUISE_OVERFLIGHT,0.0,0,0.0,False
a196f3-0-b8d5442ca555,CRUISE_OVERFLIGHT,CRUISE_OVERFLIGHT,0.535275682886724,0,0.535275682886724,False
a7ccce-0-d453cced2035,CRUISE_OVERFLIGHT,ENROUTE_CLIMB,0.7104958550174129,0,1.0113113066418145,True
ab44de-0-6e71de092153,CRUISE_OVERFLIGHT,CRUISE_OVERFLIGHT,0.19616683784134967,0,0.19616683784134967,False
a8540b-0-5a9771e766c6,CRUISE_OVERFLIGHT,CRUISE_OVERFLIGHT,0.1525487990926246,0,0.1525487990926246,False
a3ed8c-0-2f9c27a74a57,CRUISE_OVERFLIGHT,CRUISE_OVERFLIGHT,0.23199987294651409,0,0.23199987294651409,False
ab320a-0-857783b35e17,CRUISE_OVERFLIGHT,CRUISE_OVERFLIGHT,0.23851245526849285,0,0.23851245526849285,False
aa4c87-0-2733dc0dddad,CRUISE_OVERFLIGHT,CRUISE_OVERFLIGHT,0.45262982160707427,0,0.45262982160707427,False
ab1242-0-8389f64b7a29,CRUISE_OVERFLIGHT,CRUISE_OVERFLIGHT,0.0,0,0.0,False
a17527-0-76fa47c5c475,CRUISE_OVERFLIGHT,CRUISE_OVERFLIGHT,0.13931769567033167,0,0.13931769567033167,False
a272bf-0-e638f5b09cc7,CRUISE_OVERFLIGHT,CRUISE_OVERFLIGHT,0.2737495851425162,0,0.2737495851425162,False
aceacf-0-d9f5eed0b9d3,CRUISE_OVERFLIGHT,CRUISE_OVERFLIGHT,0.23634113660086184,0,0.23634113660086184,False
a175f8-0-334f9e0950de,CRUISE_OVERFLIGHT,CRUISE_OVERFLIGHT,0.0,0,0.0,False
a11eb4-0-219fa956cd50,CRUISE_OVERFLIGHT,CRUISE_OVERFLIGHT,0.0962491153608114,0,0.0962491153608114,False
a8bf6e-0-dd10e4759c35,CRUISE_OVERFLIGHT,CRUISE_OVERFLIGHT,0.2897842126557939,0,0.2897842126557939,False
a1a56d-0-e1ce289619ff,CRUISE_OVERFLIGHT,CRUISE_OVERFLIGHT,0.5005515534770416,0,0.5005515534770416,False
aa73a0-0-444a9e1c0978,CRUISE_OVERFLIGHT,CRUISE_OVERFLIGHT,0.2564488102816341,0,0.2564488102816341,False
a57a9d-0-79e57c2e5d42,CRUISE_OVERFLIGHT,CRUISE_OVERFLIGHT,0.20197179744251156,0,0.20197179744251156,False
a871cf-0-743a2016d777,CRUISE_OVERFLIGHT,CRUISE_OVERFLIGHT,0.09755249053975829,0,0.09755249053975829,False
ac247a-0-48c000747c3d,CRUISE_OVERFLIGHT,CRUISE_OVERFLIGHT,0.0,0,0.0,False
71c226-0-b42fbfefea6a,CRUISE_OVERFLIGHT,CRUISE_OVERFLIGHT,0.31306826948931304,0,0.31306826948931304,False
a46e40-0-badd17a74e95,CRUISE_OVERFLIGHT,CRUISE_OVERFLIGHT,0.0,0,0.0,False
a87078-0-59e7a368c384,CRUISE_OVERFLIGHT,CRUISE_OVERFLIGHT,0.0,0,0.0,False
a58267-0-eac24c295f15,CRUISE_OVERFLIGHT,CRUISE_OVERFLIGHT,0.0,0,0.0,False
a07173-0-110412711170,CRUISE_OVERFLIGHT,CRUISE_OVERFLIGHT,0.12034276896964949,0,0.12034276896964949,False
a8c439-0-506a336758e7,CRUISE_OVERFLIGHT,CRUISE_OVERFLIGHT,0.15657079329513382,0,0.15657079329513382,False
a41447-0-4c38b2f9adda,DEPARTURE,DEPARTURE,0.4007809061231803,0,0.4007809061231803,False
ac98c1-0-f52c922e5175,DEPARTURE,DEPARTURE,0.22224008812834523,0,0.22224008812834523,False
aaf111-0-233e5b3670ba,DEPARTURE,DEPARTURE,0.20383440453940868,0,0.20383440453940868,False
ad03c4-0-fa12b283bd54,DEPARTURE,DEPARTURE,0.3391313552710348,0,0.3391313552710348,False
ad4cf2-0-4007bc17fc95,DEPARTURE,DEPARTURE,0.34309678557268336,0,0.34309678557268336,False
a2a54c-0-6b8763aefc75,DEPARTURE,DEPARTURE,0.35930011786225563,0,0.35930011786225563,False
ab4840-0-ce75ae6f98e6,DEPARTURE,DEPARTURE,0.0,0,0.0,False
c08081-0-b2ac91fbdc7a,DEPARTURE,DEPARTURE,0.3331183392188049,0,0.3331183392188049,False
a95c84-0-60108206d4ad,DEPARTURE,DEPARTURE,0.2362252902870089,0,0.2362252902870089,False
a9704d-0-235694913518,DEPARTURE,DEPARTURE,0.13361568487958062,0,0.13361568487958062,False
a0540a-0-7ae4588763d0,DEPARTURE,DEPARTURE,0.3430009490100822,0,0.3430009490100822,False
a9360e-0-ad0608c00dbc,DEPARTURE,DEPARTURE,0.2928270700747844,0,0.2928270700747844,False
8966d4-0-b5d7ab0b6821,DEPARTURE,DEPARTURE,0.3536513904304274,0,0.3536513904304274,False
a34ed6-0-e36975265e94,DEPARTURE,DEPARTURE,0.3804586179159899,0,0.3804586179159899,False
ac5ed9-0-d21115bb5096,DEPARTURE,DEPARTURE,0.37654905467109345,0,0.37654905467109345,False
a3b796-0-560de57da971,DEPARTURE,DEPARTURE,0.40130713466047047,0,0.40130713466047047,False
ac8b43-0-0f6695ae787f,DEPARTURE,DEPARTURE,0.0,0,0.0,False
a3dffe-0-54149ae9802c,DEPARTURE,DEPARTURE,0.3177065613813253,0,0.3177065613813253,False
a7d6a8-0-8a7c81f189b4,DEPARTURE,DEPARTURE,0.3233724658179826,0,0.3233724658179826,False
abfa65-0-7c41cd65319e,DEPARTURE,DEPARTURE,0.0,0,0.0,False
3965b4-0-7d9376872592,DEPARTURE,DEPARTURE,0.2830620420311577,0,0.2830620420311577,False
a33e5e-0-d97580e3bc5f,DEPARTURE,DEPARTURE,0.0,0,0.0,False
a29aa5-0-1675f905c6e3,DEPARTURE,DEPARTURE,0.0,0,0.0,False
a825a6-0-a02e6175970e,DEPARTURE,DEPARTURE,0.2297904691237946,0,0.2297904691237946,False
a36200-0-8a7f28c2e11b,DEPARTURE,DEPARTURE,0.0,0,0.0,False
a47597-0-7587f3aaada2,DEPARTURE,DEPARTURE,0.29280032770224834,0,0.29280032770224834,False
a44262-0-bbbdc099d81c,DEPARTURE,DEPARTURE,0.19643082778810533,0,0.19643082778810533,False
c080a2-0-0fef40e544e3,DEPARTURE,DEPARTURE,0.9690902984722002,0,0.9690902984722002,False
ad63f7-0-67b1397f9a21,DEPARTURE,DEPARTURE,0.4156566715083187,0,0.4156566715083187,False
a45592-0-e2db1efede8b,DEPARTURE,DEPARTURE,0.0,0,0.0,False
a35a92-0-a82ce25c6289,DEPARTURE,DEPARTURE,0.0,0,0.0,False
a38af8-0-2453fcfdbdba,DEPARTURE,DEPARTURE,1.2446945023540968e-16,0,1.2446945023540968e-16,False
a6c70f-0-5f66f11d6c94,DEPARTURE,DEPARTURE,0.3208981439019009,0,0.3208981439019009,False
a6946b-0-bf721f853732,DEPARTURE,DEPARTURE,0.2821321172635144,0,0.2821321172635144,False
ab12b0-0-9ea6a71e1d1e,DEPARTURE,DEPARTURE,0.0,0,0.0,False
a4dc25-0-3632d044d703,DEPARTURE,DEPARTURE,0.7376804728430773,0,0.7376804728430773,False
a6e4bb-0-ee849e314a12,DEPARTURE,DEPARTURE,1.3432857580928743,-1,1.3432857580928743,True
a417c9-0-71150f369efc,DEPARTURE,DEPARTURE,0.33614651778940297,0,0.33614651778940297,False
a39066-0-1d755e1e4834,DEPARTURE,DEPARTURE,0.0,0,0.0,False
a47597-0-736b60e6627d,DEPARTURE,DEPARTURE,0.20843363562402406,0,0.20843363562402406,False
a4462e-0-5d64ec41a106,DEPARTURE,DEPARTURE,0.0,0,0.0,False
adb401-0-341e48e00c9a,DEPARTURE,DEPARTURE,0.6016125691454663,0,0.6016125691454663,False
a3aca6-0-51edc23d304d,DEPARTURE,DEPARTURE,0.2568536633962155,0,0.2568536633962155,False
a39723-0-b3387ebd2f10,DEPARTURE,DEPARTURE,0.0,0,0.0,False
adaeed-0-46bd30f55c53,DEPARTURE,DEPARTURE,0.24698278554275313,0,0.24698278554275313,False
a6049b-0-a14c85cd200c,DEPARTURE,DEPARTURE,0.3244618665246983,0,0.3244618665246983,False
aa6d47-0-27db2e2fcde5,DEPARTURE,ENROUTE_CLIMB,0.3447403200726613,0,0.5310077203670241,False
c080a2-0-9ba8a01811a5,DEPARTURE,DEPARTURE,0.6300775965915595,0,0.6300775965915595,False
adbdc9-0-b7c376d546cf,DEPARTURE,DEPARTURE,0.27490278841249555,0,0.27490278841249555,False
a86925-0-cb014f86f1ac,DEPARTURE,DEPARTURE,0.15569430377702212,0,0.15569430377702212,False
a44e18-0-f57c59a72efb,DEPARTURE,DEPARTURE,0.0,0,0.0,False
a44591-0-a2a7ef992c3c,DEPARTURE,DEPARTURE,0.0,0,0.0,False
a3d87d-0-04d86eae6130,DEPARTURE,DEPARTURE,0.2392810258172447,0,0.2392810258172447,False
a68946-0-e320f282891c,DEPARTURE,DEPARTURE,0.24493041685906067,0,0.24493041685906067,False
ad4b54-0-9b5ad3b0ad85,DEPARTURE,DEPARTURE,0.2491149218623763,0,0.2491149218623763,False
ad52c2-0-5b39184ffd57,DEPARTURE,DEPARTURE,0.0,0,0.0,False
ab649a-0-51e2e97147b8,DEPARTURE,DEPARTURE,0.278733138016649,0,0.278733138016649,False
adcca5-0-9236fa46081d,DEPARTURE,DEPARTURE,0.23537361211635704,0,0.23537361211635704,False
a34b15-0-8c18b2d315f0,DEPARTURE,DEPARTURE,0.32830872082796636,0,0.32830872082796636,False
a79b93-0-f4e5467fe6d4,DEPARTURE,ENROUTE_CLIMB,0.564090123273668,0,0.6974685540466586,False
a49206-0-89e1902860b2,DEPARTURE,DEPARTURE,0.3024648952719182,0,0.3024648952719182,False
a2afeb-0-d418344c0c22,DEPARTURE,DEPARTURE,0.5032913409348506,0,0.5032913409348506,False
a486b3-0-0c390c932674,DEPARTURE,DEPARTURE,0.0,0,0.0,False
a5b59d-0-693935ac61bc,DEPARTURE,DEPARTURE,0.19348625997995397,0,0.19348625997995397,False
c03dac-0-ff5f76e400c7,DEPARTURE,DEPARTURE,0.30317390988665216,0,0.30317390988665216,False
aa7abe-0-05b784864d9a,DEPARTURE,DEPARTURE,0.32376052478393563,0,0.32376052478393563,False
acad53-0-82b3b59a8a93,DEPARTURE,DEPARTURE,0.4901133078146177,0,0.4901133078146177,False
a39af5-0-947e3acc8ba9,DEPARTURE,DEPARTURE,0.9402346133709064,0,0.9402346133709064,False
ac7c21-0-a35669fe6006,DEPARTURE,DEPARTURE,0.582315683083905,0,0.582315683083905,False
a3524e-0-487a74acac87,DEPARTURE,DEPARTURE,0.1955868210276939,0,0.1955868210276939,False
a08f62-0-34163e842dd2,DEPARTURE,ENROUTE_CLIMB,0.4709957573411437,0,0.485114224523597,False
a3b268-0-239974e0abfe,DEPARTURE,DEPARTURE,0.37450428257840906,0,0.37450428257840906,False
adb401-0-10aae8f0eb17,DEPARTURE,DEPARTURE,0.9051644655976682,1,0.9051644655976682,False
ab4489-0-52ef5b9b380a,DEPARTURE,DEPARTURE,0.30176651658486314,0,0.30176651658486314,False
a717b6-0-070da3a57ef2,DEPARTURE,DEPARTURE,0.17987435131147753,0,0.17987435131147753,False
a44591-0-7e3d7afabefd,DEPARTURE,DEPARTURE,0.23838725984004516,0,0.23838725984004516,False
a0a837-0-5b09ce61a8ba,DEPARTURE,DEPARTURE,0.5123588507345833,0,0.5123588507345833,False
a33d62-0-1498c245dc48,DEPARTURE,DEPARTURE,0.5960085806876396,0,0.5960085806876396,False
a33843-0-f661d82021a6,DEPARTURE,DEPARTURE,0.38644765731411457,0,0.38644765731411457,False
adb401-0-e8cabe766834,DEPARTURE,DEPARTURE,0.704735019666038,0,0.704735019666038,False
ac7e60-0-5833dd3027fc,DEPARTURE,DEPARTURE,0.19501480012236333,0,0.19501480012236333,False
ad3c27-0-4643bf2823d4,DEPARTURE,DEPARTURE,0.2539450401489369,0,0.2539450401489369,False
abccc5-0-41e36e642461,DEPARTURE,DEPARTURE,0.0,0,0.0,False
a597f2-0-c4fe99180031,DEPARTURE,ENROUTE_CLIMB,0.4306595543755719,0,0.6230151566993154,False
c02e8f-0-64bd42f45657,DEPARTURE,DEPARTURE,0.2319746434953363,0,0.2319746434953363,False
a8de56-0-2782b34228dc,DEPARTURE,DEPARTURE,0.33384656769447857,0,0.33384656769447857,False
a42a37-0-98b6854f854a,DEPARTURE,DEPARTURE,0.3536566595695528,0,0.3536566595695528,False
a45051-0-518e570b1a7d,DEPARTURE,DEPARTURE,0.0,0,0.0,False
a9acb8-0-29b5dc019aa5,DEPARTURE,DEPARTURE,0.0,0,0.0,False
a35ab8-0-bf14ba0b73f9,DEPARTURE,DEPARTURE,0.20528601107218858,0,0.20528601107218858,False
a6c2ff-0-0f1f4cf61ff7,DEPARTURE,DEPARTURE,0.3297576351621827,0,0.3297576351621827,False
a8f6ef-0-e6ff810612fb,DEPARTURE,DEPARTURE,0.2209724436681119,0,0.2209724436681119,False
a6a347-0-59b3949a19a9,DEPARTURE,DEPARTURE,0.26894899575857517,0,0.26894899575857517,False
a8d5db-0-047ae1098e53,DEPARTURE,DEPARTURE,0.4059071283398941,0,0.4059071283398941,False
a54ee7-0-d75d1551442b,DEPARTURE,DEPARTURE,0.31196770850373534,0,0.31196770850373534,False
a17c12-0-eccae870e5d8,DEPARTURE,DEPARTURE,0.2648502032582006,0,0.2648502032582006,False
a70f88-0-ca6d6ca0d699,DEPARTURE,DEPARTURE,0.30563615484341244,0,0.30563615484341244,False
ad694c-0-1eb6c1b79982,DEPARTURE,DEPARTURE,0.0,0,0.0,False
040045-0-17ca34282693,DEPARTURE,DEPARTURE,0.19471750028059479,0,0.19471750028059479,False
acc7ae-0-69b758670809,DEPARTURE,DEPARTURE,0.28751426090001114,0,0.28751426090001114,False
adc8ee-0-a3122750a6f3,DEPARTURE,DEPARTURE,0.27466246859527454,0,0.27466246859527454,False
a86925-0-0be1af005485,DEPARTURE,DEPARTURE,0.2886632765883846,0,0.2886632765883846,False
a427e3-0-34044a9af921,DEPARTURE,DEPARTURE,0.9666198618763326,0,0.9666198618763326,False
a1636e-0-c70186c94e54,DEPARTURE,DEPARTURE,0.3006856087642781,0,0.3006856087642781,False
a64cdb-0-2321406cf0ef,DEPARTURE,DEPARTURE,0.30518324056671675,0,0.30518324056671675,False
a963f7-0-f9b34ff8cfa3,DEPARTURE,DEPARTURE,0.0,0,0.0,False
ab6851-0-50162754d7d6,DEPARTURE,DEPARTURE,0.36582185687262997,0,0.36582185687262997,False
a48224-0-6ff1950f18ed,DEPARTURE,DEPARTURE,0.35316437139327184,0,0.35316437139327184,False
ad4cf2-0-01cdfb42e56b,DEPARTURE,DEPARTURE,0.4889149906864899,0,0.4889149906864899,False
ab9387-0-1c0e29e91010,DEPARTURE,DEPARTURE,0.31657482018124977,0,0.31657482018124977,False
ac27cf-0-53555f67e618,DEPARTURE,DEPARTURE,0.3304371694082659,0,0.3304371694082659,False
a37a02-0-63fbcf694fa5,DEPARTURE,DEPARTURE,0.3559847597682373,0,0.3559847597682373,False
ac893a-0-458b07614bfa,DEPARTURE,DEPARTURE,0.24433560524025505,0,0.24433560524025505,False
06a1ec-0-7693d265d132,DEPARTURE,DEPARTURE,0.5371581712373387,0,0.5371581712373387,False
a98840-0-af0d53f46455,DEPARTURE,DEPARTURE,0.4328864905332494,0,0.4328864905332494,False
ab8fd0-0-dfe75c7ea8a0,DEPARTURE,DEPARTURE,0.0,0,0.0,False
a7e246-0-529947a23186,DEPARTURE,DEPARTURE,1.3183554536599051,-1,1.3183554536599051,True
a650d6-0-56389b72073e,DEPARTURE,HOLDING_LOCAL,1.1944578839199351,-1,1.2486792711836354,True
a539c9-0-8c199f901e58,DEPARTURE,DEPARTURE,0.0,0,0.0,False
a3f120-0-d0ae1db4e05d,DEPARTURE,DEPARTURE,0.41327778743884913,0,0.41327778743884913,False
a70463-0-190fbb833873,DEPARTURE,DEPARTURE,0.0,0,0.0,False
a40ca4-0-8163b86181b4,DEPARTURE,DEPARTURE,0.4803060963609527,0,0.4803060963609527,False
a54bab-0-5220fd1aadb5,DEPARTURE,DEPARTURE,0.3048869351020803,0,0.3048869351020803,False
acd4d7-0-e1c5cc1b7ddc,DEPARTURE,DEPARTURE,0.18339540014175987,0,0.18339540014175987,False
a042d5-0-ff3638f462f7,DEPARTURE,DEPARTURE,0.2461453159566823,0,0.2461453159566823,False
a12fda-0-2d613780f564,DEPARTURE,DEPARTURE,0.2092597454240421,0,0.2092597454240421,False
ac74f9-0-90234ba94275,DEPARTURE,DEPARTURE,0.3665462401748536,0,0.3665462401748536,False
a9acb8-0-8c0583918f59,DEPARTURE,DEPARTURE,0.2664367393521273,0,0.2664367393521273,False
a42a37-0-97346d3571f1,DEPARTURE,DEPARTURE,0.6753253398362763,0,0.6753253398362763,False
a919cd-0-84a16e50064b,DEPARTURE,DEPARTURE,2.838340166680285e-16,0,2.838340166680285e-16,False
ad479d-0-464177e68d7d,DEPARTURE,DEPARTURE,0.1784746106713824,0,0.1784746106713824,False
ad7f96-0-e35c72a3d1f0,DEPARTURE,DEPARTURE,0.4489664929917167,0,0.4489664929917167,False
a27920-0-66393d13aaf0,DEPARTURE,ENROUTE_CLIMB,1.2724353515760067,-1,1.4521938278349824,True
a7912a-0-19e31b881420,DEPARTURE,DEPARTURE,0.15443652284071668,0,0.15443652284071668,False
a7d6a8-0-9572fd68018f,DEPARTURE,DEPARTURE,0.3919368229904803,0,0.3919368229904803,False
a3dc5a-0-db9b2fb089ad,DEPARTURE,DEPARTURE,0.20892376441168073,0,0.20892376441168073,False
a8b49a-0-4028ef990804,DEPARTURE,DEPARTURE,0.0,0,0.0,False
a4bb99-0-a05f743931e5,DEPARTURE,DEPARTURE,0.8855653725202017,0,0.8855653725202017,False
a44262-0-61405ec17113,DEPARTURE,ENROUTE_CLIMB,0.23977972973345654,0,0.3504245911184054,False
a466c7-0-42af1cd329b5,DEPARTURE,DEPARTURE,0.0,0,0.0,False
a40ca4-0-d84cdbad5e3a,DEPARTURE,DEPARTURE,0.0,0,0.0,False
c080a2-0-9ed30d3b7fcd,DEPARTURE,DEPARTURE,0.3636150056953475,0,0.3636150056953475,False
a28f80-0-bfd2db9b5981,DEPARTURE,DEPARTURE,0.0,0,0.0,False
ad402f-0-da3ad53f41ef,DEPARTURE,DEPARTURE,0.2613284114651489,0,0.2613284114651489,False
ad6113-0-b217ad1fec30,DEPARTURE,DEPARTURE,0.41445744358926734,0,0.41445744358926734,False
a88752-0-d3c6ac22d212,DEPARTURE,DEPARTURE,0.7933081796416889,0,0.7933081796416889,False
ac119d-0-4db48f3a5203,DEPARTURE,HOLDING_LOCAL,0.8797529479366173,0,1.9954676366227981,True
ab60e3-0-b59b00fefe2a,DEPARTURE,DEPARTURE,0.2657545850399312,0,0.2657545850399312,False
a3b414-0-749998a778d0,DEPARTURE,DEPARTURE,0.21609410457355466,0,0.21609410457355466,False
abfe1c-0-c1fe0bb5fdb2,DEPARTURE,DEPARTURE,0.0,0,0.0,False
ab2c0c-0-10ac8841bd1b,DEPARTURE,DEPARTURE,0.4732724515218142,0,0.4732724515218142,False
a54add-0-5499030d58b2,DEPARTURE,DEPARTURE,0.37751716000836677,0,0.37751716000836677,False
acd68a-0-fb8491982bd4,DEPARTURE,DEPARTURE,0.0,0,0.0,False
a7a60e-0-96a7b5c80921,DEPARTURE,DEPARTURE,0.519175747056768,0,0.519175747056768,False
a21142-0-4d5709e3f771,DEPARTURE,DEPARTURE,0.23279675590919058,0,0.23279675590919058,False
a70f88-0-cf857bf2e50c,DEPARTURE,DEPARTURE,0.21370255509063998,0,0.21370255509063998,False
a28f80-0-46bbdb261087,DEPARTURE,DEPARTURE,1.2506880107692602,-1,1.2506880107692602,True
acffbc-0-3719db7a2c00,DEPARTURE,DEPARTURE,0.2884337403208309,0,0.2884337403208309,False
a388a9-0-b8502f5f696c,DEPARTURE,DEPARTURE,0.2385997774344051,0,0.2385997774344051,False
acc7ae-0-077cceee6175,DEPARTURE,DEPARTURE,0.18553705737952217,0,0.18553705737952217,False
a3b86c-0-c212aa694d5e,DEPARTURE,DEPARTURE,0.30648658766991005,0,0.30648658766991005,False
a2d728-0-f1db8b0572e8,DEPARTURE,DEPARTURE,0.37998631298236757,0,0.37998631298236757,False
a3612a-0-dee3cbda784c,DEPARTURE,DEPARTURE,0.22475063784195928,0,0.22475063784195928,False
a486cc-0-1135e83c01d7,DEPARTURE,DEPARTURE,0.42951614749608025,0,0.42951614749608025,False
0d0a0f-0-72e526aa21c5,DEPARTURE,DEPARTURE,0.0,0,0.0,False
ac1ab8-0-5d53e93037a9,DEPARTURE,DEPARTURE,0.36593974631535037,0,0.36593974631535037,False
a40694-0-47318ad329d5,DEPARTURE,DEPARTURE,0.0,0,0.0,False
a08f62-0-d266c9ac3cf0,DEPARTURE,DEPARTURE,0.34853615152529016,0,0.34853615152529016,False
a4bb99-0-a7c77fc8fdcf,DEPARTURE,DEPARTURE,0.7241245315199986,0,0.7241245315199986,False
aa0cc4-0-17a3ca8bb8c7,DEPARTURE,DEPARTURE,0.0,0,0.0,False
3c4590-0-f7704c6a3376,DEPARTURE,DEPARTURE,0.20444141649622335,0,0.20444141649622335,False
acd1f6-0-2f374ccdf8eb,DEPARTURE,DEPARTURE,0.34014215883207716,0,0.34014215883207716,False
abd9d9-0-77fb3a4250bb,DEPARTURE,DEPARTURE,0.0,0,0.0,False
a7e24a-0-26745e92560d,DEPARTURE,DEPARTURE,0.2393102453298681,0,0.2393102453298681,False
a70bd1-0-a8bdb3a37a92,DEPARTURE,DEPARTURE,0.39093998334626373,0,0.39093998334626373,False
a523ec-0-4a98a90af26b,DEPARTURE,DEPARTURE,0.6139977431677063,0,0.6139977431677063,False
a671d2-0-ee9965a7ebc0,DEPARTURE,DEPARTURE,0.7704044664983224,0,0.7704044664983224,False
a64cdb-0-187c74b6c099,DEPARTURE,DEPARTURE,0.2643788292133403,0,0.2643788292133403,False
adbdc9-0-37112a41ecd6,DEPARTURE,DEPARTURE,0.3002338196805586,0,0.3002338196805586,False
a1148c-0-c6d5f6add444,DEPARTURE,DEPARTURE,0.7699238145380046,0,0.7699238145380046,False
abd50f-0-e8871df98497,DEPARTURE,DEPARTURE,0.26929478565465625,0,0.26929478565465625,False
a46304-0-96c134a8efe5,DEPARTURE,DEPARTURE,1.2446945023540968e-16,0,1.2446945023540968e-16,False
ad63f7-0-c743ec15c738,DEPARTURE,DEPARTURE,0.34164248464679997,0,0.34164248464679997,False
a05281-0-306b6b6d1305,DEPARTURE,DEPARTURE,0.7085455832087495,0,0.7085455832087495,False
ac7074-0-d44ddb338e55,DEPARTURE,DEPARTURE,0.3365423707240943,0,0.3365423707240943,False
ad52c2-0-b19a87112747,DEPARTURE,DEPARTURE,0.22524480400331745,0,0.22524480400331745,False
ad6d03-0-01e5ae89713e,DEPARTURE,DEPARTURE,0.9900353489925295,0,0.9900353489925295,False
a97608-0-a1d40a90dfa1,DEPARTURE,DEPARTURE,0.34965404359710117,0,0.34965404359710117,False
accd69-0-68ee213644bd,DEPARTURE,DEPARTURE,0.24604282988400505,0,0.24604282988400505,False
acd486-0-a649a0fb7fab,DEPARTURE,DEPARTURE,0.3205303433180919,0,0.3205303433180919,False
a2d728-0-404c41a7fe33,DEPARTURE,DEPARTURE,0.0,0,0.0,False
a1584a-0-dd4e7fbe77f4,DEPARTURE,DEPARTURE,0.26803537785728826,0,0.26803537785728826,False
a385c8-0-e0eefb67bc6b,DEPARTURE,DEPARTURE,0.14280723137947907,0,0.14280723137947907,False
ad43e6-0-f5c3877860f9,DEPARTURE,DEPARTURE,0.2118527784305354,0,0.2118527784305354,False
a51601-0-0e89f43174c6,DEPARTURE,DEPARTURE,0.2756892599718875,0,0.2756892599718875,False
a641b6-0-167b82c8a17d,DEPARTURE,DEPARTURE,0.27812984202490737,0,0.27812984202490737,False
a25719-0-c6a2ad662017,DEPARTURE,HOLDING_LOCAL,0.4845834842841242,0,0.48770933803031885,False
a3b3df-0-2ab03c4b3659,DEPARTURE,DEPARTURE,0.0,0,0.0,False
a25d36-0-ea702b5b526e,DEPARTURE,DEPARTURE,0.341398499138976,0,0.341398499138976,False
a39017-0-d9a412f09f71,DEPARTURE,DEPARTURE,0.16402306305121533,0,0.16402306305121533,False
a49206-0-75b5220483f1,DEPARTURE,DEPARTURE,0.23930944538973045,0,0.23930944538973045,False
ad3fde-0-56bee782ddc2,DEPARTURE,DEPARTURE,0.2836688041766674,0,0.2836688041766674,False
a46304-0-1cea8e4d9d98,DEPARTURE,DEPARTURE,0.25433126751990953,0,0.25433126751990953,False
a3524e-0-d5072274adb9,DEPARTURE,DEPARTURE,0.38929118908308624,0,0.38929118908308624,False
a69feb-0-78fca74c129a,DEPARTURE,HOLDING_LOCAL,0.4979689553383765,0,0.7746632825018648,False
a008c5-0-de632e996b8f,DEPARTURE,DEPARTURE,0.3855245645241341,0,0.3855245645241341,False
ac382e-0-47465eb3d253,DEPARTURE,DEPARTURE,0.3921577302532825,0,0.3921577302532825,False
ad14a8-0-96e11d9614b8,DEPARTURE,DEPARTURE,0.0,0,0.0,False
a2a213-0-3a4bd48fb7c5,DEPARTURE,DEPARTURE,0.2521874441210006,0,0.2521874441210006,False
ada526-0-2b3221fae77f,DEPARTURE,DEPARTURE,0.23677863782189232,0,0.23677863782189232,False
aa685c-0-c0ee95b1b6f4,DEPARTURE,DEPARTURE,0.3426363581901591,0,0.3426363581901591,False
a2cf44-0-0afd2b67fa2e,DEPARTURE,DEPARTURE,1.0734372227408366,-1,1.0734372227408366,True
a3cc82-0-e61537dd9429,DEPARTURE,DEPARTURE,0.0,0,0.0,False
ad7078-0-f7d87a4a5532,DEPARTURE,DEPARTURE,0.0,0,0.0,False
a97dcb-0-b991b03eb8c8,DEPARTURE,DEPARTURE,0.36876537151032435,0,0.36876537151032435,False
a39723-0-9a997421590e,DEPARTURE,DEPARTURE,0.20778869583099407,0,0.20778869583099407,False
71ba02-0-b98080f334f5,DEPARTURE,DEPARTURE,0.49264770068520203,0,0.49264770068520203,False
abb440-0-000ddb276242,DEPARTURE,DEPARTURE,0.6150142611430562,0,0.6150142611430562,False
ab8f0d-0-db34a4cc231c,DEPARTURE,DEPARTURE,6.817472561420059e-17,0,6.817472561420059e-17,False
aa5657-0-bdd636cf9dd1,DEPARTURE,DEPARTURE,0.19264698345963469,0,0.19264698345963469,False
a4959a-0-c3a2be281ff4,DEPARTURE,DEPARTURE,0.0,0,0.0,False
a8f9a3-0-4586a29cf977,DEPARTURE,DEPARTURE,2.838340166680285e-16,0,2.838340166680285e-16,False
a61949-0-e0bd1c561b68,DEPARTURE,DEPARTURE,0.3339897578898588,0,0.3339897578898588,False
a0be05-0-7b1783a91858,DEPARTURE,DEPARTURE,0.3951298690299044,0,0.3951298690299044,False
a145b7-0-573aadcd236b,DEPARTURE,DEPARTURE,0.22042612200641565,0,0.22042612200641565,False
a70f88-0-4d613ee09bed,DEPARTURE,DEPARTURE,0.3305578958151819,0,0.3305578958151819,False
adca12-0-ebe85152c8e8,DEPARTURE,DEPARTURE,0.37427052222923884,0,0.37427052222923884,False
ac970f-0-08cc25bd3609,DEPARTURE,DEPARTURE,0.630838607609622,0,0.630838607609622,False
acad53-0-dd5582e0c0bf,DEPARTURE,DEPARTURE,0.17816817002620833,0,0.17816817002620833,False
a6d326-0-378665a64f14,DEPARTURE,DEPARTURE,0.24114712971530042,0,0.24114712971530042,False
a33e5e-0-beb8f65b4b02,DEPARTURE,DEPARTURE,0.2709712572998048,0,0.2709712572998048,False
a305aa-0-a90b6e45de4c,DEPARTURE,DEPARTURE,0.36793558109071695,0,0.36793558109071695,False
ac02b4-0-b96929501223,DEPARTURE,DEPARTURE,0.33690936036585667,0,0.33690936036585667,False
a389c8-0-6ffabfce3a47,DEPARTURE,DEPARTURE,0.0,0,0.0,False
a3cc82-0-ab4f16e822cb,DEPARTURE,DEPARTURE,0.14196738571495013,0,0.14196738571495013,False
ac3beb-0-0c52e0d8b7cb,DEPARTURE,DEPARTURE,0.27069513638585607,0,0.27069513638585607,False
ad4f0b-0-535e4e657dbe,DEPARTURE,DEPARTURE,0.0,0,0.0,False
a2090d-0-a920193296c8,DEPARTURE,ENROUTE_CLIMB,0.40285901387856826,0,0.44586513052777965,False
a850dc-0-7168672c9196,DEPARTURE,DEPARTURE,0.2588630628852024,0,0.2588630628852024,False
a8de56-0-02a569d8582d,DEPARTURE,DEPARTURE,0.24632720630294466,0,0.24632720630294466,False
a47364-0-954440776255,DEPARTURE,DEPARTURE,0.3650733587683737,0,0.3650733587683737,False
abc7e9-0-adf375ec0d36,DEPARTURE,DEPARTURE,0.3827418900265483,0,0.3827418900265483,False
a12777-0-ec16c2f0f2a9,DEPARTURE,DEPARTURE,0.3274332962570503,0,0.3274332962570503,False
a3e525-0-da57680fdaaa,DEPARTURE,DEPARTURE,0.3669515437398698,0,0.3669515437398698,False
a48438-0-a2008d40d42e,DEPARTURE,DEPARTURE,0.0,0,0.0,False
a486cc-0-69ae30453b61,DEPARTURE,DEPARTURE,0.23251009469546863,0,0.23251009469546863,False
a427e3-0-3ea816ec4d6b,DEPARTURE,DEPARTURE,0.5251875191222225,0,0.5251875191222225,False
acc7ae-0-c8a831a93443,DEPARTURE,DEPARTURE,0.0,0,0.0,False
ad273b-0-0437d11e26dc,DEPARTURE,DEPARTURE,0.0,0,0.0,False
acad53-0-6c22ab1b7d2d,DEPARTURE,DEPARTURE,0.0,0,0.0,False
a2cf40-0-304453ba9e5b,DEPARTURE,HOLDING_LOCAL,1.3821038166862263,-1,1.499289737055093,True
a14d40-0-f00750d742cc,DEPARTURE,DEPARTURE,0.9597564957043094,0,0.9597564957043094,False
c07eda-0-b9b5f675602e,DEPARTURE,DEPARTURE,0.2751755108173356,0,0.2751755108173356,False
ad2b43-0-71dcd75bdf5e,DEPARTURE,DEPARTURE,0.5208036164330732,0,0.5208036164330732,False
ab38aa-0-2ffeff6d9daf,DEPARTURE,DEPARTURE,0.0,0,0.0,False
a3dc5a-0-53389ec392c1,DEPARTURE,DEPARTURE,0.26638898413389267,0,0.26638898413389267,False
ab8fd0-0-e3d7b1b7e220,DEPARTURE,DEPARTURE,0.0,0,0.0,False
a74ecc-0-0024effa5648,DEPARTURE,DEPARTURE,0.29436724079976173,0,0.29436724079976173,False
aaa5d4-0-c4c005346b42,DEPARTURE,DEPARTURE,0.30699853782121445,0,0.30699853782121445,False
a670a3-0-e3cf3bd8d11c,DEPARTURE,DEPARTURE,0.20475158344272604,0,0.20475158344272604,False
a39066-0-d3c3c06174da,DEPARTURE,DEPARTURE,0.0,0,0.0,False
ad34b9-0-160ee6718a72,DEPARTURE,DEPARTURE,0.0,0,0.0,False
a33d62-0-cf06d6bffa9d,DEPARTURE,DEPARTURE,0.2181939799140299,0,0.2181939799140299,False
acf84e-0-e14263bc332a,DEPARTURE,DEPARTURE,0.263179670377837,0,0.263179670377837,False
a3d87d-0-3fe53498cd73,DEPARTURE,DEPARTURE,0.28118413876036596,0,0.28118413876036596,False
a86925-0-87cbeb550cc8,DEPARTURE,DEPARTURE,0.21662258321774072,0,0.21662258321774072,False
c080ac-0-46c97c0001f3,DEPARTURE,DEPARTURE,0.3559387357494498,0,0.3559387357494498,False
abeeea-0-36ea366e4310,DEPARTURE,DEPARTURE,0.20732698775752867,0,0.20732698775752867,False
ac337e-0-3d15608597e4,DEPARTURE,DEPARTURE,0.13555978807010882,0,0.13555978807010882,False
a0ed34-0-8a42b3590a2e,DEPARTURE,DEPARTURE,0.37539104146772584,0,0.37539104146772584,False
ab60e3-0-9a8c120c113f,DEPARTURE,DEPARTURE,0.43019171103389553,0,0.43019171103389553,False
ac119d-0-20259a27fa4e,DEPARTURE,DEPARTURE,0.315024910323475,0,0.315024910323475,False
a3524e-0-cbfe19b29ba2,DEPARTURE,DEPARTURE,0.37580514177500424,0,0.37580514177500424,False
a2d25e-0-b61e9b258b79,DEPARTURE,DEPARTURE,0.21879467295070903,0,0.21879467295070903,False
a51601-0-92355ca69864,DEPARTURE,DEPARTURE,0.49956326062794315,0,0.49956326062794315,False
adca12-0-4763b7a95b31,DEPARTURE,ENROUTE_CLIMB,0.6221084918969393,0,0.756472418939228,False
a8d5db-0-95d7dcae6b72,DEPARTURE,DEPARTURE,0.2601159749633498,0,0.2601159749633498,False
aca22e-0-60d8188de0a4,DEPARTURE,DEPARTURE,0.25789905770398275,0,0.25789905770398275,False
ab0b42-0-5d772447d371,DEPARTURE,DEPARTURE,0.2134923656978043,0,0.2134923656978043,False
aaf111-0-b1e6e4bff2c9,DEPARTURE,DEPARTURE,0.3138506864063087,0,0.3138506864063087,False
a8de7d-0-88455217bc4c,DEPARTURE,ENROUTE_CLIMB,0.2895200411462323,0,0.340852314776871,False
4bb190-0-a4975f17f8da,DEPARTURE,DEPARTURE,0.0,0,0.0,False
aaf111-0-178db0a043be,DEPARTURE,DEPARTURE,0.19315642995821222,0,0.19315642995821222,False
a25d36-0-7f2ceb3e4569,DEPARTURE,DEPARTURE,0.407196521521808,0,0.407196521521808,False
a0be81-0-8680256a15ac,DEPARTURE,DEPARTURE,0.7490649757945091,0,0.7490649757945091,False
a63f08-0-94632fe1a685,DEPARTURE,DEPARTURE,0.0,0,0.0,False
ac4f29-0-0bf76109ab17,DEPARTURE,DEPARTURE,0.26171812175128134,0,0.26171812175128134,False
a706ea-0-6c99e717eabe,DEPARTURE,DEPARTURE,0.2296596398243926,0,0.2296596398243926,False
a3b3df-0-3c6598fddb67,DEPARTURE,DEPARTURE,0.40890782320446206,0,0.40890782320446206,False
3c4595-0-c8cd46efbf76,DEPARTURE,DEPARTURE,0.27676285728078975,0,0.27676285728078975,False
a03ef7-0-bbd77308d59e,DEPARTURE,DEPARTURE,0.0,0,0.0,False
a4adca-0-370b8b9400e5,DEPARTURE,DEPARTURE,0.5158329543572631,0,0.5158329543572631,False
a29aa5-0-198537bfbbcb,DEPARTURE,DEPARTURE,0.0,0,0.0,False
a02d0f-0-cc059d13b2fb,DEPARTURE,HOLDING_LOCAL,0.4866799381697713,0,0.9937505939236736,False
ac2a69-0-698dd4171151,DEPARTURE,DEPARTURE,0.6732846681687317,0,0.6732846681687317,False
abcb07-0-ae8e6caa5c56,DEPARTURE,ENROUTE_CLIMB,0.5397849802573668,0,1.991493545933597,True
aced7a-0-d6013261c9c9,DEPARTURE,DEPARTURE,0.2520841659008711,0,0.2520841659008711,False
ad14f9-0-bea77cfa198a,DEPARTURE,DEPARTURE,0.0,0,0.0,False
a2000d-0-80e1f9e7fb36,DEPARTURE,DEPARTURE,0.27589649386681814,0,0.27589649386681814,False
a1c5f4-0-eb0df90b9a62,DEPARTURE,ENROUTE_CLIMB,0.2820124556849393,0,0.42684941891142797,False
ac2fc3-0-11824489e5b2,DEPARTURE,DEPARTURE,0.21785069526795278,0,0.21785069526795278,False
a8b49a-0-26f2faff882a,DEPARTURE,DEPARTURE,0.3617733178203932,0,0.3617733178203932,False
a3d7a7-0-d10fdff270ad,DEPARTURE,DEPARTURE,0.0,0,0.0,False
a305aa-0-858c2a0ac6eb,DEPARTURE,DEPARTURE,0.34299668806973577,0,0.34299668806973577,False
adb2a4-0-c47975b59b10,DEPARTURE,DEPARTURE,0.0,0,0.0,False
a3f88e-0-63925f1c8759,DEPARTURE,DEPARTURE,0.19763660999113986,0,0.19763660999113986,False
ad000d-0-a120a21e0466,DEPARTURE,DEPARTURE,0.33611902542414185,0,0.33611902542414185,False
a145b7-0-33434af169f6,DEPARTURE,DEPARTURE,0.26051440597346237,0,0.26051440597346237,False
a8d5db-0-8af031cd220b,DEPARTURE,DEPARTURE,0.3329576383505478,0,0.3329576383505478,False
a1584a-0-8a2c1bd3bf3e,DEPARTURE,DEPARTURE,0.5668313179248651,0,0.5668313179248651,False
a6d932-0-d2fa2d8ffb55,DEPARTURE,DEPARTURE,0.6417241041745932,0,0.6417241041745932,False
a3524e-0-0f1066a563b9,DEPARTURE,DEPARTURE,0.23525201901036077,0,0.23525201901036077,False
aaf9ea-0-347ce5569e20,DEPARTURE,DEPARTURE,0.22950473830608664,0,0.22950473830608664,False
a50e93-0-1ec29a5d6746,DEPARTURE,DEPARTURE,0.3060071090755772,0,0.3060071090755772,False
a539c9-0-107a40438850,DEPARTURE,DEPARTURE,0.3285517805239032,0,0.3285517805239032,False
e80244-0-65d98335c223,DEPARTURE,DEPARTURE,0.3351000362210518,0,0.3351000362210518,False
a5fd2d-0-97038f62a87d,DEPARTURE,DEPARTURE,0.4320784524806525,0,0.4320784524806525,False
abcb07-0-de716459544d,DEPARTURE,DEPARTURE,0.48444126394628345,0,0.48444126394628345,False
a4a0d9-0-7dfc963919ee,DEPARTURE,DEPARTURE,0.1962919621955135,0,0.1962919621955135,False
ac2c9c-0-49bb6ead9bb0,DEPARTURE,DEPARTURE,0.3483290966053262,0,0.3483290966053262,False
acf0e0-0-01d2d9076658,DEPARTURE,DEPARTURE,0.2628242083722374,0,0.2628242083722374,False
a9360e-0-0b6b1790d744,DEPARTURE,DEPARTURE,0.32707365714626363,0,0.32707365714626363,False
ad52c2-0-22f2c4269bf9,DEPARTURE,DEPARTURE,0.3125558568939366,0,0.3125558568939366,False
ab0b42-0-38ddf2ed9c50,DEPARTURE,DEPARTURE,0.19197733883597615,0,0.19197733883597615,False
acd1f6-0-008e3ed82399,DEPARTURE,DEPARTURE,0.26407374415919443,0,0.26407374415919443,False
a8e279-0-7da2dfdb58b7,DEPARTURE,DEPARTURE,0.2995620870245829,0,0.2995620870245829,False
acdde3-0-7a549d3dbd13,DEPARTURE,DEPARTURE,0.3229927407212869,0,0.3229927407212869,False
899123-0-ec95f19298ef,DEPARTURE,DEPARTURE,0.42371508483739895,0,0.42371508483739895,False
adb2a4-0-ea2db9b757b5,DEPARTURE,DEPARTURE,0.0,0,0.0,False
a63f08-0-e30c78f90bbd,DEPARTURE,DEPARTURE,0.4903674990196839,0,0.4903674990196839,False
a54bab-0-175a31697995,DEPARTURE,DEPARTURE,1.8853644638112352,-1,1.8853644638112352,True
abd971-0-86f0bdad13a4,DEPARTURE,DEPARTURE,0.20752181690317736,0,0.20752181690317736,False
a33339-0-e3f17e1e971c,DEPARTURE,DEPARTURE,0.2586350958556199,0,0.2586350958556199,False
440a8d-0-48b7c79f3250,DEPARTURE,DEPARTURE,2.838340166680285e-16,0,2.838340166680285e-16,False
c04ff4-0-6a733ecace21,DEPARTURE,DEPARTURE,0.15261274711158976,0,0.15261274711158976,False
ac3b51-0-2c4b13baa027,DEPARTURE,DEPARTURE,0.0,0,0.0,False
c02e8f-0-3e2962b73319,DEPARTURE,DEPARTURE,0.40546746010073104,0,0.40546746010073104,False
ad7078-0-453d6db54403,DEPARTURE,DEPARTURE,0.0,0,0.0,False
ad63f7-0-80312c2278aa,DEPARTURE,DEPARTURE,0.25716063226120767,0,0.25716063226120767,False
ac2c9c-0-61ef1b64cf1e,DEPARTURE,DEPARTURE,0.20645366699061918,0,0.20645366699061918,False
a7a89d-0-64b2e3e3f2c0,DEPARTURE,DEPARTURE,0.28386791138944684,0,0.28386791138944684,False
aca057-0-8cfbc2be6cfd,DEPARTURE,DEPARTURE,0.4024932331948644,0,0.4024932331948644,False
0c20a4-0-7a809e825063,DEPARTURE,DEPARTURE,0.3299424996769947,0,0.3299424996769947,False
a46e40-0-46f5c8240286,DEPARTURE,DEPARTURE,0.20351474153474944,0,0.20351474153474944,False
a15c01-0-8663bfa79878,DEPARTURE,DEPARTURE,0.4411094377733729,0,0.4411094377733729,False
a33339-0-77ba4dd3d46c,DEPARTURE,DEPARTURE,0.0,0,0.0,False
ad3a5f-0-a08b5821020e,DEPARTURE,DEPARTURE,0.3244044511204531,0,0.3244044511204531,False
abdcda-0-e7bc1eae9cad,DEPARTURE,DEPARTURE,3.4087362807100293e-17,0,3.4087362807100293e-17,False
ac83d5-0-857c9088f0d0,DEPARTURE,DEPARTURE,0.34443725063058744,0,0.34443725063058744,False
a5f5bf-0-8f3db0d9070a,DEPARTURE,DEPARTURE,0.5649956045389654,0,0.5649956045389654,False
a716f6-0-5234534ff67b,DEPARTURE,DEPARTURE,0.29794424595022534,0,0.29794424595022534,False
71c009-0-727232c80c8e,DEPARTURE,DEPARTURE,0.0,0,0.0,False
ab12b0-0-f0c42a82d097,DEPARTURE,DEPARTURE,0.0,0,0.0,False
a59857-0-d8be55de55c6,DEPARTURE,HOLDING_LOCAL,0.5243823803376731,0,0.6929390160278233,False
a2000d-0-217c1892db25,DEPARTURE,DEPARTURE,0.1862958815363109,0,0.1862958815363109,False
aa9ad9-0-d759c91b1ffe,DEPARTURE,DEPARTURE,0.45552418784666787,0,0.45552418784666787,False
ad18b0-0-dfe7b01887d5,DEPARTURE,DEPARTURE,0.2701036294830461,0,0.2701036294830461,False
a47d05-0-eb43305bc6cc,DEPARTURE,DEPARTURE,0.25381971938194947,0,0.25381971938194947,False
a77e8f-0-0b3e47057ed2,DEPARTURE,DEPARTURE,0.26751165416591205,0,0.26751165416591205,False
a38c66-0-f7c3acc43c33,DEPARTURE,DEPARTURE,0.0,0,0.0,False
a11aa7-0-a43e64cf92bc,DEPARTURE,DEPARTURE,0.0,0,0.0,False
71c346-0-3648b9e85f9a,DEPARTURE,DEPARTURE,0.4679716390198543,0,0.4679716390198543,False
a7e24a-0-527a51b65221,DEPARTURE,DEPARTURE,0.21512285012166543,0,0.21512285012166543,False
a3514f-0-b953be6761df,DEPARTURE,DEPARTURE,0.0,0,0.0,False
a79768-0-f166a6064a96,DEPARTURE,DEPARTURE,0.21083242028960417,0,0.21083242028960417,False
a43f51-0-77206a9baf18,DEPARTURE,DEPARTURE,0.0,0,0.0,False
a46304-0-2cc2da1ee63f,DEPARTURE,DEPARTURE,0.0,0,0.0,False
a427e3-0-7f679d02581a,DEPARTURE,LOW_LEVEL_TRANSIT,0.48883110707737804,0,0.6581043919743912,False
a3323d-0-2ccc1e260d7d,DEPARTURE,DEPARTURE,0.285226381283763,0,0.285226381283763,False
ac119d-0-30fccbc0a188,DEPARTURE,ENROUTE_CLIMB,1.1814847864895068,-1,1.4074247830849296,True
ab5afe-0-68f7b0a1de88,DEPARTURE,DEPARTURE,0.2905069904495262,0,0.2905069904495262,False
a7dadc-0-7106961db593,DEPARTURE,DEPARTURE,0.15260774908927777,0,0.15260774908927777,False
acd486-0-f8e0a8756b5a,DEPARTURE,DEPARTURE,0.3093489353053057,0,0.3093489353053057,False
accd18-0-859094277369,DEPARTURE,DEPARTURE,0.23558009144502765,0,0.23558009144502765,False
ab38aa-0-cd21c9767e36,DEPARTURE,DEPARTURE,0.0,0,0.0,False
a822d1-0-8aaffedab841,DEPARTURE,DEPARTURE,0.9075994030418649,1,0.9075994030418649,False
a952c3-0-09fd2c5235f3,DEPARTURE,DEPARTURE,2.838340166680285e-16,0,2.838340166680285e-16,False
abec6c-0-857faca33814,DEPARTURE,DEPARTURE,0.22362333046597127,0,0.22362333046597127,False
a954aa-0-8503bc10612a,DEPARTURE,DEPARTURE,0.0,0,0.0,False
aa7b78-0-578e324d6a7f,DEPARTURE,DEPARTURE,0.2135975232882496,0,0.2135975232882496,False
acd68a-0-b3c26a4efe05,DEPARTURE,DEPARTURE,0.5086302397049877,0,0.5086302397049877,False
a39066-0-e81088ff4534,DEPARTURE,HOLDING_LOCAL,0.6312880774552593,0,1.113309978658645,True
a585e4-0-61311713cc60,DEPARTURE,DEPARTURE,0.30724191633891407,0,0.30724191633891407,False
a0ed34-0-65b72b3a2174,DEPARTURE,DEPARTURE,1.4229695517673857,-1,1.4229695517673857,True
abece7-0-0dfa744e13e9,DEPARTURE,DEPARTURE,0.33988229630790157,0,0.33988229630790157,False
a4719a-0-9f4e2e65bc16,DEPARTURE,ENROUTE_CLIMB,0.27447657593797226,0,0.4063658143423855,False
ad402f-0-e72c5cb9d1b8,DEPARTURE,DEPARTURE,0.20025279697508952,0,0.20025279697508952,False
adbdc9-0-890d0fa4ea0f,DEPARTURE,DEPARTURE,0.3033707830271291,0,0.3033707830271291,False
a475a3-0-e9c3d98641f1,DEPARTURE,DEPARTURE,0.2900969845860129,0,0.2900969845860129,False
ab4fae-0-d82df4f96232,DEPARTURE,DEPARTURE,0.0,0,0.0,False
a7dadc-0-16fdb5698740,DEPARTURE,DEPARTURE,0.2654784515058236,0,0.2654784515058236,False
a8f6ef-0-15d79df74eb6,DEPARTURE,DEPARTURE,0.20905570994206066,0,0.20905570994206066,False
aa5c6d-0-509703fa9afd,DEPARTURE,ENROUTE_CLIMB,0.0950553208782854,0,0.24869336623100124,False
a1f595-0-1e4099473e9a,DEPARTURE,DEPARTURE,0.3531376580489223,0,0.3531376580489223,False
a37e9b-0-ccb5849e63e1,DEPARTURE,DEPARTURE,0.5177555313557063,0,0.5177555313557063,False
abb54f-0-952c91e50651,DEPARTURE,DEPARTURE,0.3050265958367756,0,0.3050265958367756,False
a416be-0-9bb7d1d06a87,DEPARTURE,DEPARTURE,0.4387389751090796,0,0.4387389751090796,False
a46304-0-e1aa96a13b08,DEPARTURE,DEPARTURE,0.1851400492699355,0,0.1851400492699355,False
a07f60-0-c7ee491cb1e4,DEPARTURE,DEPARTURE,0.2935995778199637,0,0.2935995778199637,False
aaf4c8-0-6846a24d9742,DEPARTURE,DEPARTURE,0.38457668399433637,0,0.38457668399433637,False
a3c8cb-0-f66dd1fb68a5,DEPARTURE,DEPARTURE,0.5692793690728744,0,0.5692793690728744,False
a4bb99-0-ca007783fa3d,DEPARTURE,DEPARTURE,0.30860616225305393,0,0.30860616225305393,False
acf84e-0-b8ea9b4e9a38,DEPARTURE,DEPARTURE,0.3012485070341717,0,0.3012485070341717,False
a1b8c4-0-7641a379e142,DEPARTURE,DEPARTURE,0.3121192076066037,0,0.3121192076066037,False
a39017-0-52a436a4df25,DEPARTURE,DEPARTURE,0.16377388873178716,0,0.16377388873178716,False
a13723-0-238e0f09922f,DEPARTURE,DEPARTURE,0.6756478817565865,0,0.6756478817565865,False
a3e011-0-dab53ddd9126,DEPARTURE,DEPARTURE,0.35249357396330205,0,0.35249357396330205,False
a39e6b-0-cdd448777f18,DEPARTURE,DEPARTURE,0.0,0,0.0,False
a3b268-0-36cb4650120b,DEPARTURE,DEPARTURE,0.9420082832190986,0,0.9420082832190986,False
ac2f18-0-3f7e028cb046,DEPARTURE,DEPARTURE,0.3024510915686281,0,0.3024510915686281,False
ac98c1-0-b863183c6a7e,DEPARTURE,DEPARTURE,0.227818319442115,0,0.227818319442115,False
a9aebc-0-e3f0c23cf0a4,DEPARTURE,DEPARTURE,0.7289665044424664,0,0.7289665044424664,False
ad7f96-0-c7d9fbbc94e4,DEPARTURE,DEPARTURE,0.3318676317097437,0,0.3318676317097437,False
ac5ed9-0-de61eef3ac8e,DEPARTURE,DEPARTURE,0.39817277897798814,0,0.39817277897798814,False
abd7b4-0-129ede36741b,DEPARTURE,DEPARTURE,0.8011369031612389,1,0.8011369031612389,False
a74d1c-0-7ecd8cd81819,DEPARTURE,DEPARTURE,0.5201252399386267,0,0.5201252399386267,False
ad474c-0-c41b1c9e9f45,DEPARTURE,DEPARTURE,0.29380102708240147,0,0.29380102708240147,False
a45051-0-4c227f0a8d35,DEPARTURE,DEPARTURE,0.34139529080973896,0,0.34139529080973896,False
a4959a-0-ca5284d8aefa,DEPARTURE,DEPARTURE,0.41762652955078416,0,0.41762652955078416,False
abb54f-0-a809e650f29d,DEPARTURE,DEPARTURE,0.2776453008375437,0,0.2776453008375437,False
aa5657-0-c244ced79bb2,DEPARTURE,DEPARTURE,0.47574628556493076,0,0.47574628556493076,False
ad2384-0-e5ac24ce8164,DEPARTURE,DEPARTURE,0.2979186418591721,0,0.2979186418591721,False
a21142-0-5296143aba93,DEPARTURE,DEPARTURE,0.0,0,0.0,False
ad87aa-0-ec24703cf68d,DEPARTURE,DEPARTURE,0.0,0,0.0,False
a37a02-0-b4bba4f13377,DEPARTURE,DEPARTURE,0.5751929576183726,0,0.5751929576183726,False
ac02b4-0-f6a2a06d4134,DEPARTURE,DEPARTURE,0.34106978985439856,0,0.34106978985439856,False
a9360e-0-f04cb94b76ed,DEPARTURE,DEPARTURE,0.23848074871000663,0,0.23848074871000663,False
a3f500-0-0b9f58facb57,DEPARTURE,DEPARTURE,0.2359224205223537,0,0.2359224205223537,False
aca5e5-0-5b95659dffb8,DEPARTURE,DEPARTURE,0.14189307325927256,0,0.14189307325927256,False
a3cd6b-0-ed9a84041838,DEPARTURE,DEPARTURE,0.23523946083478894,0,0.23523946083478894,False
acd486-0-9b7d5a35d6c6,DEPARTURE,DEPARTURE,0.37254917550957567,0,0.37254917550957567,False
a63f08-0-a6830beb4583,DEPARTURE,DEPARTURE,0.46871256951726464,0,0.46871256951726464,False
a486b3-0-fdf716a0eeb1,DEPARTURE,DEPARTURE,0.0,0,0.0,False
a46e6a-0-72e683696e97,DEPARTURE,DEPARTURE,0.2961141537672493,0,0.2961141537672493,False
a29aa5-0-f307841c9ee3,DEPARTURE,DEPARTURE,0.23344791416276245,0,0.23344791416276245,False
a53ad7-0-7d9419293b79,DEPARTURE,DEPARTURE,0.8320876011262981,0,0.8320876011262981,False
adb2a4-0-6c3ed97ac66a,DEPARTURE,DEPARTURE,0.27845515757217426,0,0.27845515757217426,False
a47d05-0-2dd0e1d297af,DEPARTURE,DEPARTURE,0.11013051309296437,0,0.11013051309296437,False
a9704d-0-928d8fd258d5,DEPARTURE,DEPARTURE,0.19086044248701678,0,0.19086044248701678,False
aa7833-0-ff97e3c8d5e5,DEPARTURE,DEPARTURE,0.2645014679228551,0,0.2645014679228551,False
aa4080-0-9642e12bdffe,DEPARTURE,DEPARTURE,0.5078600981243726,0,0.5078600981243726,False
a335f4-0-28083ca6b8e7,DEPARTURE,DEPARTURE,0.20236928265249216,0,0.20236928265249216,False
a32f82-0-3377fedf9557,DEPARTURE,DEPARTURE,0.1758223200527825,0,0.1758223200527825,False
a44a48-0-1c0106deaefa,DEPARTURE,DEPARTURE,0.0,0,0.0,False
abe450-0-6a769479ac0e,DEPARTURE,DEPARTURE,0.0,0,0.0,False
a883cc-0-57a6a892b5d7,DEPARTURE,DEPARTURE,0.6666951203405055,0,0.6666951203405055,False
ad3c78-0-98fa029d8278,DEPARTURE,DEPARTURE,0.19790778750195137,0,0.19790778750195137,False
ac5bf6-0-4efc5f1f67f6,DEPARTURE,DEPARTURE,0.0,0,0.0,False
a3d7a7-0-1b5726d93730,DEPARTURE,DEPARTURE,0.2893828761953081,0,0.2893828761953081,False
a1442f-0-e91bc176b242,DEPARTURE,DEPARTURE,0.0,0,0.0,False
ad5c38-0-389cdaf768cd,DEPARTURE,DEPARTURE,0.2737958317618378,0,0.2737958317618378,False
a6751b-0-fd36f6c2ca5f,DEPARTURE,DEPARTURE,0.675648325930167,0,0.675648325930167,False
ac7e60-0-056ec7cff0dd,DEPARTURE,DEPARTURE,0.33927704103464124,0,0.33927704103464124,False
a87cbb-0-563a489c3c44,DEPARTURE,DEPARTURE,0.34634814607323267,0,0.34634814607323267,False
aaf111-0-c5509b9e7819,DEPARTURE,DEPARTURE,0.0,0,0.0,False
ad3fde-0-4c9406b55b14,DEPARTURE,DEPARTURE,0.0,0,0.0,False
a76fe9-0-c3e9c950252a,DEPARTURE,DEPARTURE,0.0,0,0.0,False
abb8c4-0-4ce0ac9d2466,DEPARTURE,DEPARTURE,0.42565523633185925,0,0.42565523633185925,False
ac3beb-0-ed79a5ba149a,DEPARTURE,DEPARTURE,0.0,0,0.0,False
ab4bf7-0-2f43a018805a,DEPARTURE,DEPARTURE,6.817472561420059e-17,0,6.817472561420059e-17,False
a4462e-0-e7adc55c2c12,DEPARTURE,DEPARTURE,0.2778376704423651,0,0.2778376704423651,False
abd2e6-0-9c89ced1b6b5,DEPARTURE,DEPARTURE,0.0,0,0.0,False
adb2a4-0-b929b88900cb,DEPARTURE,DEPARTURE,0.20391633626818018,0,0.20391633626818018,False
a727fa-0-8382918d5e95,DEPARTURE,DEPARTURE,0.3613488122484466,0,0.3613488122484466,False
a3bd81-0-764ee2bba264,DEPARTURE,DEPARTURE,0.18238137829727052,0,0.18238137829727052,False
a06e0b-0-56d097494521,DEPARTURE,DEPARTURE,0.19117268189641162,0,0.19117268189641162,False
a7003d-0-7be5bd6fdce6,DEPARTURE,DEPARTURE,0.46291707883773603,0,0.46291707883773603,False
a8e1cc-0-719e0a980b03,DEPARTURE,DEPARTURE,0.0,0,0.0,False
c08081-0-ae88c26054aa,DEPARTURE,DEPARTURE,0.18372047170007894,0,0.18372047170007894,False
a0049a-0-aa525507ff80,DEPARTURE,DEPARTURE,0.0,0,0.0,False
a6fb2e-0-fdbe96d58fc1,DEPARTURE,DEPARTURE,0.0,0,0.0,False
ac5b43-0-7a7f4d229756,DEPARTURE,DEPARTURE,0.25839233518995675,0,0.25839233518995675,False
a99e09-0-6c773bf25ba7,DEPARTURE,DEPARTURE,0.4247738472218786,0,0.4247738472218786,False
ad1697-0-83c85732c37f,DEPARTURE,DEPARTURE,0.3066935589466243,0,0.3066935589466243,False
a26c12-0-368ce288833a,DEPARTURE,DEPARTURE,0.24246689770626856,0,0.24246689770626856,False
a997cc-0-bf34cb1637d3,DEPARTURE,DEPARTURE,0.4472193811915721,0,0.4472193811915721,False
ab048d-0-6f6f9e89ef8f,DEPARTURE,DEPARTURE,0.3374279407198968,0,0.3374279407198968,False
ab6ba6-0-3909bfbf569a,DEPARTURE,DEPARTURE,0.30597380615933006,0,0.30597380615933006,False
a645b1-0-9879d1b6bbf3,DEPARTURE,DEPARTURE,0.0,0,0.0,False
a8bc34-0-4cb6fba5b039,DEPARTURE,DEPARTURE,1.2446945023540968e-16,0,1.2446945023540968e-16,False
a33e5e-0-b50af1db8aef,DEPARTURE,DEPARTURE,0.329820853528327,0,0.329820853528327,False
a70bd1-0-59f022aea07c,DEPARTURE,DEPARTURE,0.3038017366238522,0,0.3038017366238522,False
ace731-0-020d5ea928e9,DEPARTURE,ENROUTE_CLIMB,0.34705052249453044,0,1.3930258089221428,True
a15fd3-0-305414ea09c2,DEPARTURE,DEPARTURE,0.4792279364601082,0,0.4792279364601082,False
a01f0d-0-3bcd4c57d765,DEPARTURE,DEPARTURE,0.44881800313653347,0,0.44881800313653347,False
ad402f-0-7dd9641409c9,DEPARTURE,DEPARTURE,0.18565648667065704,0,0.18565648667065704,False
a8def1-0-9cec7eb8a3cc,DEPARTURE,DEPARTURE,0.20529724479768466,0,0.20529724479768466,False
a7de53-0-9288aa2f5398,DEPARTURE,DEPARTURE,0.36471710853136347,0,0.36471710853136347,False
ad3c27-0-2adaf9eec2c1,DEPARTURE,DEPARTURE,0.1861168349177104,0,0.1861168349177104,False
a5aa78-0-2ab9aff5e5b8,DEPARTURE,DEPARTURE,0.18564635797990403,0,0.18564635797990403,False
acc5aa-0-ec1bd220e793,DEPARTURE,DEPARTURE,0.21380430530175976,0,0.21380430530175976,False
aaffed-0-8d4e252e2fb5,DEPARTURE,DEPARTURE,0.0,0,0.0,False
ad23d5-0-91cfb1713742,DEPARTURE,DEPARTURE,0.2662885812561825,0,0.2662885812561825,False
a3133c-0-c015bf803159,DEPARTURE,DEPARTURE,0.0,0,0.0,False
a39066-0-c38199144f0c,DEPARTURE,DEPARTURE,0.3791222857661551,0,0.3791222857661551,False
abd3cf-0-27f36bc1f336,DEPARTURE,DEPARTURE,0.0,0,0.0,False
a1636e-0-c562904d9039,DEPARTURE,DEPARTURE,0.3680755134913934,0,0.3680755134913934,False
a7e93b-0-0939f0b31550,DEPARTURE,DEPARTURE,0.4225594670271645,0,0.4225594670271645,False
71c008-0-eb621d3bf3b0,DEPARTURE,DEPARTURE,0.0,0,0.0,False
a74f8a-0-8fc0a3ac4a5c,DEPARTURE,DEPARTURE,0.0,0,0.0,False
a5ece3-0-6d384be73f94,ENROUTE_CLIMB,ENROUTE_CLIMB,0.0,0,0.0,False
a44262-0-87457d8320a1,ENROUTE_CLIMB,ENROUTE_CLIMB,0.8025465694236719,0,0.8025465694236719,False
a33843-0-0265adf5ebea,ENROUTE_CLIMB,ENROUTE_CLIMB,0.30923180534806327,0,0.30923180534806327,False
a32396-0-a8c5068d92af,ENROUTE_CLIMB,ENROUTE_CLIMB,0.24437565386355253,0,0.24437565386355253,False
a6bfa6-0-2dcb9213e683,ENROUTE_CLIMB,ENROUTE_CLIMB,0.35163508439704233,0,0.35163508439704233,False
aa5c6d-0-eb2afc8747a3,ENROUTE_CLIMB,ENROUTE_CLIMB,0.4858947319913881,0,0.4858947319913881,False
ac1466-0-bbaf81f26829,ENROUTE_CLIMB,ENROUTE_CLIMB,0.4196485798215224,0,0.4196485798215224,False
acb82c-0-5c20b1c93c92,ENROUTE_CLIMB,ENROUTE_CLIMB,0.4098834063306234,0,0.4098834063306234,False
ab5365-0-3e5f9fc989e6,ENROUTE_CLIMB,ENROUTE_CLIMB,0.2762573352803414,0,0.2762573352803414,False
ab819c-0-87565408c1ff,ENROUTE_CLIMB,ENROUTE_CLIMB,0.3103727791319871,0,0.3103727791319871,False
a8f9a3-0-283353684703,ENROUTE_CLIMB,ENROUTE_CLIMB,0.18747982091594356,0,0.18747982091594356,False
a3025e-0-de3768dcbf0f,ENROUTE_CLIMB,ENROUTE_CLIMB,0.24947909036519347,0,0.24947909036519347,False
a7e279-0-ba645270961f,ENROUTE_CLIMB,ENROUTE_CLIMB,0.22090858339770267,0,0.22090858339770267,False
abe450-0-a4a34720cedf,ENROUTE_CLIMB,ENROUTE_CLIMB,0.0,0,0.0,False
a5b59d-0-7d87f45bd506,ENROUTE_CLIMB,ENROUTE_CLIMB,0.3991123299151195,0,0.3991123299151195,False
ad0d86-0-230bd8b524a3,ENROUTE_CLIMB,ENROUTE_CLIMB,0.18769265512803543,0,0.18769265512803543,False
a29391-0-2356f00b73a7,ENROUTE_CLIMB,ENROUTE_CLIMB,0.3736056443883046,0,0.3736056443883046,False
a3b87f-0-919d080fa187,ENROUTE_CLIMB,ENROUTE_CLIMB,0.2338464742786124,0,0.2338464742786124,False
a1be79-0-c85d48e92945,ENROUTE_CLIMB,ENROUTE_CLIMB,0.2667970091655594,0,0.2667970091655594,False
a1ca5f-0-d5402ad492b5,ENROUTE_CLIMB,ENROUTE_CLIMB,0.0,0,0.0,False
a81423-0-e5215d4b0f15,ENROUTE_CLIMB,ENROUTE_CLIMB,0.0,0,0.0,False
a437da-0-7d0c92f5177f,ENROUTE_CLIMB,ENROUTE_CLIMB,0.19837578757650487,0,0.19837578757650487,False
a8df06-0-725c15ae8a0e,ENROUTE_CLIMB,ENROUTE_CLIMB,0.0,0,0.0,False
a3f500-0-a428260a9fc4,ENROUTE_CLIMB,ENROUTE_CLIMB,0.2696448372037851,0,0.2696448372037851,False
a88eae-0-27639d38b030,ENROUTE_CLIMB,ENROUTE_CLIMB,0.2627377286805814,0,0.2627377286805814,False
a04f04-0-63ab46fee59c,ENROUTE_CLIMB,ENROUTE_CLIMB,0.4491806560428061,0,0.4491806560428061,False
a4460d-0-4ab3942233c1,ENROUTE_CLIMB,ENROUTE_CLIMB,0.3169513787270624,0,0.3169513787270624,False
ac3338-0-34990439266e,ENROUTE_CLIMB,ENROUTE_CLIMB,0.3927522815883872,0,0.3927522815883872,False
ada6ed-0-a421435287dd,ENROUTE_CLIMB,ENROUTE_CLIMB,0.32983882321957425,0,0.32983882321957425,False
acc02b-0-db08ec1b1ab7,ENROUTE_CLIMB,ENROUTE_CLIMB,0.8570730645240054,0,0.8570730645240054,False
ab2c0b-0-bc4f70f04196,ENROUTE_CLIMB,ENROUTE_CLIMB,0.0,0,0.0,False
a16a85-0-5884cf84b9ca,ENROUTE_CLIMB,ENROUTE_CLIMB,0.39164500333873375,0,0.39164500333873375,False
ab7f9b-0-0513a88c2bef,ENROUTE_CLIMB,ENROUTE_CLIMB,0.23385912541248297,0,0.23385912541248297,False
a597f2-0-1596f6f9245f,ENROUTE_CLIMB,ENROUTE_CLIMB,0.4511895302092502,0,0.4511895302092502,False
a5c5e8-0-4bcab6010b46,ENROUTE_CLIMB,ENROUTE_CLIMB,0.0,0,0.0,False
a17c12-0-9badb2293cee,ENROUTE_CLIMB,ENROUTE_CLIMB,0.0,0,0.0,False
a39d9b-0-b0dfe9982f63,ENROUTE_CLIMB,ENROUTE_CLIMB,0.0,0,0.0,False
ad7078-0-fc2363944747,ENROUTE_CLIMB,ENROUTE_CLIMB,0.6193805927795855,0,0.6193805927795855,False
c04cf4-0-0d17a7c52756,ENROUTE_CLIMB,ENROUTE_CLIMB,0.19768592723189965,0,0.19768592723189965,False
ad402f-0-ac0733009825,ENROUTE_CLIMB,ENROUTE_CLIMB,0.0,0,0.0,False
a7ac49-0-1d70a8d07ca4,ENROUTE_CLIMB,ENROUTE_CLIMB,0.8763191488263231,0,0.8763191488263231,False
ab599b-0-677d831a1eac,ENROUTE_CLIMB,ENROUTE_CLIMB,0.0,0,0.0,False
ac3beb-0-ec18c3d0b68f,ENROUTE_CLIMB,ENROUTE_CLIMB,0.4422565451235363,0,0.4422565451235363,False
ac27f0-0-1cfe06cf1aae,ENROUTE_CLIMB,ENROUTE_CLIMB,0.26353905524898474,0,0.26353905524898474,False
a42b37-0-ebc9248a78d3,ENROUTE_CLIMB,ENROUTE_CLIMB,0.8883220204916129,0,0.8883220204916129,False
ace9ba-0-ec9b552c16af,ENROUTE_CLIMB,ENROUTE_CLIMB,0.17985714602911593,0,0.17985714602911593,False
ac7074-0-0b52710e9f83,ENROUTE_CLIMB,ENROUTE_CLIMB,0.0,0,0.0,False
a15fa4-0-14169d4f44be,ENROUTE_CLIMB,ENROUTE_CLIMB,0.30815314135407607,0,0.30815314135407607,False
ac57f9-0-9fc1d040d4e9,ENROUTE_CLIMB,ENROUTE_CLIMB,0.3843862332029185,0,0.3843862332029185,False
a8dc8c-0-9bd6222e0213,ENROUTE_CLIMB,DEPARTURE,1.2295692061704628,-1,1.9802345894549065,True
ab4fae-0-36562cf87abe,ENROUTE_CLIMB,ENROUTE_CLIMB,0.5066868484616399,0,0.5066868484616399,False
acc5fb-0-49f58683cc0d,ENROUTE_CLIMB,ENROUTE_CLIMB,0.0,0,0.0,False
a7dadc-0-814321cba456,ENROUTE_CLIMB,ENROUTE_CLIMB,0.1728024290698608,0,0.1728024290698608,False
a62732-0-bd717beadf8c,ENROUTE_CLIMB,ENROUTE_CLIMB,1.0164953794456746,-1,1.0164953794456746,True
a8ae7f-0-861133f564cc,ENROUTE_CLIMB,ENROUTE_CLIMB,0.25595749059692974,0,0.25595749059692974,False
a897f4-0-f8f1c0292324,ENROUTE_CLIMB,ENROUTE_CLIMB,0.2642213834377368,0,0.2642213834377368,False
a61f05-0-24d5233c363a,ENROUTE_CLIMB,ENROUTE_CLIMB,0.3720270089578363,0,0.3720270089578363,False
abe0df-0-ff1b5139c1f3,ENROUTE_CLIMB,ENROUTE_CLIMB,0.0,0,0.0,False
a4491c-0-c6a970ec2620,ENROUTE_CLIMB,ENROUTE_CLIMB,0.19944089306273613,0,0.19944089306273613,False
ac4963-0-db8053536310,ENROUTE_CLIMB,ENROUTE_CLIMB,0.3451108238848553,0,0.3451108238848553,False
ab6ba6-0-2a2a6317ab27,ENROUTE_CLIMB,ENROUTE_CLIMB,0.42252752407631167,0,0.42252752407631167,False
ab34f3-0-35c754a5ed60,ENROUTE_CLIMB,ENROUTE_CLIMB,0.7749278698372328,0,0.7749278698372328,False
a37a02-0-15cdfefc476f,ENROUTE_CLIMB,ENROUTE_CLIMB,0.383384842492351,0,0.383384842492351,False
acf84e-0-7757d92d6a6e,ENROUTE_CLIMB,ENROUTE_CLIMB,0.530755695499391,0,0.530755695499391,False
ad63f7-0-de3456cc9d4c,ENROUTE_CLIMB,ENROUTE_CLIMB,0.6017612894199216,0,0.6017612894199216,False
a0bf90-0-cbc950ffa09c,ENROUTE_CLIMB,ENROUTE_CLIMB,0.0,0,0.0,False
ac4963-0-25e38b260356,ENROUTE_CLIMB,ENROUTE_CLIMB,0.2352172485770083,0,0.2352172485770083,False
a641b6-0-7a3803d07eee,ENROUTE_CLIMB,ENROUTE_CLIMB,0.0,0,0.0,False
ac259b-0-79147043a248,ENROUTE_CLIMB,ENROUTE_CLIMB,0.0,0,0.0,False
a9c2b3-0-d974e0704342,ENROUTE_CLIMB,ENROUTE_CLIMB,0.4640206368827924,0,0.4640206368827924,False
a98bc2-0-ab90eedc264a,ENROUTE_CLIMB,ENROUTE_CLIMB,0.41932143419536616,0,0.41932143419536616,False
a9a95b-0-8abefaa7b137,ENROUTE_CLIMB,ENROUTE_CLIMB,0.2987741452185189,0,0.2987741452185189,False
a32ee2-0-3f67ddc87465,ENROUTE_CLIMB,ENROUTE_CLIMB,0.1827256702882513,0,0.1827256702882513,False
a28ee7-0-9122a640ec17,ENROUTE_CLIMB,ENROUTE_CLIMB,0.45237767886387753,0,0.45237767886387753,False
3f4f0f-0-5d296e5b33e6,ENROUTE_CLIMB,ENROUTE_CLIMB,0.3799043694879013,0,0.3799043694879013,False
a50725-0-ea1fbcd7074f,ENROUTE_CLIMB,ENROUTE_CLIMB,0.47673943978046074,0,0.47673943978046074,False
a8e279-0-1aa87801ce83,ENROUTE_CLIMB,ENROUTE_CLIMB,0.0,0,0.0,False
a46e6a-0-ff06957ad08e,ENROUTE_CLIMB,ENROUTE_CLIMB,0.6399771746836774,0,0.6399771746836774,False
a96907-0-b873d4eed159,ENROUTE_CLIMB,ENROUTE_CLIMB,0.29915974716265303,0,0.29915974716265303,False
a7b057-0-ffb75e2d1ad4,ENROUTE_CLIMB,ENROUTE_CLIMB,0.37527448880092046,0,0.37527448880092046,False
a88752-0-ec76f9ce3b97,ENROUTE_CLIMB,ENROUTE_CLIMB,1.2078577316268782,-1,1.2078577316268782,True
ac671b-0-38f9f9828aa3,ENROUTE_CLIMB,ENROUTE_CLIMB,0.21805269606094463,0,0.21805269606094463,False
a2a213-0-2490eacb3389,ENROUTE_CLIMB,ENROUTE_CLIMB,0.3013687929208946,0,0.3013687929208946,False
a0036b-0-037f712eb35d,ENROUTE_CLIMB,ENROUTE_CLIMB,0.31495697222687,0,0.31495697222687,False
a716f6-0-e07b7a3c39f4,ENROUTE_CLIMB,ENROUTE_CLIMB,0.0,0,0.0,False
a8de33-0-a2fd2f4b7cbf,ENROUTE_CLIMB,ENROUTE_CLIMB,0.8442485411818779,0,0.8442485411818779,False
a690bf-0-1a3a53071723,ENROUTE_CLIMB,LOW_LEVEL_TRANSIT,0.5985426411797099,0,0.8590155605762658,False
aa0d55-0-cd9afef37c62,ENROUTE_CLIMB,DEPARTURE,0.41459582166425485,0,0.44691820585436576,False
a47364-0-ed77aefa5aba,ENROUTE_CLIMB,ENROUTE_CLIMB,0.980840785094117,0,0.980840785094117,False
ac7074-0-91eea376721f,ENROUTE_CLIMB,ENROUTE_CLIMB,0.34401463926740833,0,0.34401463926740833,False
ab9b9d-0-f170f26b1e64,ENROUTE_CLIMB,ENROUTE_CLIMB,0.18679716842196192,0,0.18679716842196192,False
a3b86c-0-03232563a4c5,ENROUTE_CLIMB,ENROUTE_CLIMB,0.0,0,0.0,False
a69bdf-0-a2b6ea03e6d8,ENROUTE_CLIMB,ENROUTE_CLIMB,0.54151095729123,0,0.54151095729123,False
ad5c33-0-15a84ec5385f,ENROUTE_CLIMB,ENROUTE_CLIMB,0.2665578844200173,0,0.2665578844200173,False
a414e8-0-67747a25d1a4,ENROUTE_CLIMB,ENROUTE_CLIMB,0.3574053267977209,0,0.3574053267977209,False
a69bd9-0-195df8fbb2f1,ENROUTE_CLIMB,ENROUTE_CLIMB,0.3495345878553452,0,0.3495345878553452,False
a43b91-0-4de578451e3d,ENROUTE_CLIMB,ENROUTE_CLIMB,0.24724085289727746,0,0.24724085289727746,False
abc29a-0-0db2ea7dcf6e,ENROUTE_CLIMB,ENROUTE_CLIMB,0.0,0,0.0,False
a9cff8-0-a5fb5515bfe6,ENROUTE_CLIMB,ENROUTE_CLIMB,0.1873852658684344,0,0.1873852658684344,False
a96c96-0-a3ff0cfbe626,ENROUTE_CLIMB,ENROUTE_CLIMB,0.27037837809024895,0,0.27037837809024895,False
ab9b9d-0-62d8648320a5,ENROUTE_CLIMB,ENROUTE_CLIMB,0.1458586944953544,0,0.1458586944953544,False
a3d7dc-0-c71c5bdd8174,ENROUTE_CLIMB,ENROUTE_CLIMB,0.2226051133608489,0,0.2226051133608489,False
a4a484-0-1fa906b12d54,ENROUTE_CLIMB,ENROUTE_CLIMB,0.24714956431001342,0,0.24714956431001342,False
a448f5-0-18bdde335e29,ENROUTE_CLIMB,ENROUTE_CLIMB,0.9733837384985555,0,0.9733837384985555,False
a74505-0-6fa3a5a6cfbe,ENROUTE_CLIMB,ENROUTE_CLIMB,0.3579599461499084,0,0.3579599461499084,False
a5f5bf-0-749da581d08a,ENROUTE_CLIMB,ENROUTE_CLIMB,0.3280849679198558,0,0.3280849679198558,False
a77e8f-0-e1ca17d32bfe,ENROUTE_CLIMB,ENROUTE_CLIMB,0.36247598990692553,0,0.36247598990692553,False
a67bd3-0-c02427c138c2,ENROUTE_CLIMB,DEPARTURE,0.21821360992178448,0,0.38425011586717905,False
a42f43-0-a139af52edc6,ENROUTE_CLIMB,LOW_LEVEL_TRANSIT,0.8726278177692931,0,1.0347450301537313,True
a9a95b-0-3af04e78a72c,ENROUTE_CLIMB,ENROUTE_CLIMB,0.0,0,0.0,False
ad45a4-0-05a2866e270a,ENROUTE_CLIMB,ENROUTE_CLIMB,0.28595879414701436,0,0.28595879414701436,False
ad2efa-0-d7a341b66c8b,ENROUTE_CLIMB,ENROUTE_CLIMB,0.0,0,0.0,False
a1584a-0-d185a623bffb,ENROUTE_CLIMB,ENROUTE_CLIMB,0.48743577393532944,0,0.48743577393532944,False
ad350a-0-2b4c7b8c08ec,ENROUTE_CLIMB,ENROUTE_CLIMB,0.15082822839059398,0,0.15082822839059398,False
c06171-0-a68c4586dda5,ENROUTE_CLIMB,ENROUTE_CLIMB,0.21466003994353056,0,0.21466003994353056,False
a022c4-0-2de577e64989,ENROUTE_CLIMB,ENROUTE_CLIMB,0.2266804618702349,0,0.2266804618702349,False
a32acf-0-cdc39fd29b8f,ENROUTE_CLIMB,ENROUTE_CLIMB,0.185218598632254,0,0.185218598632254,False
a9a95b-0-1cce3c4fb627,ENROUTE_CLIMB,ENROUTE_CLIMB,0.4760580490835014,0,0.4760580490835014,False
ac259b-0-ee6432d45b3b,ENROUTE_CLIMB,ENROUTE_CLIMB,0.2040583769743053,0,0.2040583769743053,False
a1cd55-0-53c1c90464bc,ENROUTE_CLIMB,ENROUTE_CLIMB,0.0,0,0.0,False
a0065b-0-153bc8d15a55,ENROUTE_CLIMB,ENROUTE_CLIMB,0.0,0,0.0,False
adb2a4-0-13852cfacada,ENROUTE_CLIMB,ENROUTE_CLIMB,0.2101652826789426,0,0.2101652826789426,False
a36200-0-fdf9e26294bc,ENROUTE_CLIMB,ENROUTE_CLIMB,0.3663990591529978,0,0.3663990591529978,False
acc5aa-0-72359e816ab2,ENROUTE_CLIMB,ENROUTE_CLIMB,0.23063525304174476,0,0.23063525304174476,False
a2a1b9-0-ba2c262d9a8c,ENROUTE_CLIMB,ENROUTE_CLIMB,0.1940910067371128,0,0.1940910067371128,False
ac02b4-0-42274cff0efb,ENROUTE_CLIMB,DEPARTURE,0.482411748847819,0,0.5173955107728642,False
a62063-0-39be2bc157ca,ENROUTE_CLIMB,DEPARTURE,0.3597807367114419,0,0.6123920771569932,False
ac66d5-0-40d4f40bd8db,ENROUTE_CLIMB,ENROUTE_CLIMB,0.20281607200846177,0,0.20281607200846177,False
a3e011-0-6a30823868c9,ENROUTE_CLIMB,ENROUTE_CLIMB,0.208658949001402,0,0.208658949001402,False
a3522e-0-c53dc88a98fb,ENROUTE_CLIMB,DEPARTURE,1.1312095132910298,-1,2.359401712990146,True
a43ef1-0-697c7aaa44a9,ENROUTE_CLIMB,DEPARTURE,0.36437472611125643,0,0.4496443880522558,False
a88752-0-2f6b963f32b0,ENROUTE_CLIMB,ENROUTE_CLIMB,1.1832252881882774,-1,1.1832252881882774,True
a8d5a4-0-75655422cb54,ENROUTE_CLIMB,ENROUTE_CLIMB,0.17033924290388805,0,0.17033924290388805,False
a837a5-0-6f4076ac4216,ENROUTE_CLIMB,ENROUTE_CLIMB,0.299273983691406,0,0.299273983691406,False
accb50-0-98d64b2a9045,ENROUTE_CLIMB,ENROUTE_CLIMB,0.48496520410243993,0,0.48496520410243993,False
a2fcee-0-7c766c92facd,ENROUTE_CLIMB,ENROUTE_CLIMB,0.49375641910742735,0,0.49375641910742735,False
a47597-0-f7ccf1dc4c92,ENROUTE_CLIMB,ENROUTE_CLIMB,0.23065809368048074,0,0.23065809368048074,False
a82d6a-0-bbf584787b39,ENROUTE_CLIMB,ENROUTE_CLIMB,1.290101930707636,-1,1.290101930707636,True
a90e61-0-bf73929729c9,ENROUTE_CLIMB,ENROUTE_CLIMB,0.27028229473136794,0,0.27028229473136794,False
a35ab8-0-1ffa4ddc41f1,ENROUTE_CLIMB,ENROUTE_CLIMB,0.23234044816474744,0,0.23234044816474744,False
a4e6ee-0-62650de6d902,ENROUTE_CLIMB,ENROUTE_CLIMB,0.6126929438423364,0,0.6126929438423364,False
a97dcb-0-46f4ebdc7439,ENROUTE_CLIMB,ENROUTE_CLIMB,0.28627544551786155,0,0.28627544551786155,False
a9ab87-0-d4c345eef8f3,ENROUTE_CLIMB,ENROUTE_CLIMB,0.3804446692012131,0,0.3804446692012131,False
abb1c2-0-059c6ea1cb84,ENROUTE_CLIMB,ENROUTE_CLIMB,0.635370604187817,0,0.635370604187817,False
a73e80-0-520c95751d56,ENROUTE_CLIMB,ENROUTE_CLIMB,0.5158460006594499,0,0.5158460006594499,False
a77b76-0-044f72c53b62,ENROUTE_CLIMB,ENROUTE_CLIMB,0.382911479704224,0,0.382911479704224,False
a6a354-0-b6bf1a03f7ce,ENROUTE_CLIMB,ENROUTE_CLIMB,0.0,0,0.0,False
abfcb6-0-8ad00fe9e601,ENROUTE_CLIMB,ENROUTE_CLIMB,0.49279534793563695,0,0.49279534793563695,False
ab2c0b-0-3fbee2a6c94c,ENROUTE_CLIMB,ENROUTE_CLIMB,0.0,0,0.0,False
aafbf3-0-bec578d9f436,ENROUTE_CLIMB,ENROUTE_CLIMB,0.33858643486434326,0,0.33858643486434326,False
a3522e-0-340ee6c36de9,ENROUTE_CLIMB,DEPARTURE,0.7104503009255024,0,1.1487327239207221,True
a3aca6-0-9bdbf93c7937,ENROUTE_CLIMB,ENROUTE_CLIMB,0.0,0,0.0,False
0c21dc-0-58cb5fcf4f14,ENROUTE_CLIMB,ENROUTE_CLIMB,0.32996627889550606,0,0.32996627889550606,False
a79b38-0-c497e6416615,ENROUTE_CLIMB,ENROUTE_CLIMB,0.6122434494314262,0,0.6122434494314262,False
a41447-0-58ee8d9df1f0,ENROUTE_CLIMB,ENROUTE_CLIMB,0.46299224014557283,0,0.46299224014557283,False
a3ec93-0-a7ce163dad91,ENROUTE_CLIMB,ENROUTE_CLIMB,0.2500238890146632,0,0.2500238890146632,False
ac946d-0-4a9db2ff1c23,ENROUTE_CLIMB,ENROUTE_CLIMB,0.0,0,0.0,False
a63982-0-f4e67fcee9ab,ENROUTE_CLIMB,ENROUTE_CLIMB,0.4326967008118223,0,0.4326967008118223,False
ab38aa-0-181e9b0acf90,ENROUTE_CLIMB,ENROUTE_CLIMB,0.2963661822189057,0,0.2963661822189057,False
ab9b9d-0-6a6269dd36e4,ENROUTE_CLIMB,DEPARTURE,0.1841516057365542,0,0.3008891088481422,False
a70463-0-6e822bdc51ca,ENROUTE_CLIMB,ENROUTE_CLIMB,0.36394325460653937,0,0.36394325460653937,False
a69c91-0-554dbcc724dd,ENROUTE_CLIMB,ENROUTE_CLIMB,0.40900988057073784,0,0.40900988057073784,False
a002cb-0-2f8c11ed879f,ENROUTE_CLIMB,ENROUTE_CLIMB,0.35916905507578295,0,0.35916905507578295,False
a89b9b-0-5cb9ce07381d,ENROUTE_CLIMB,ENROUTE_CLIMB,0.28763176223801895,0,0.28763176223801895,False
aca5e5-0-8874e1b03fb4,ENROUTE_CLIMB,ENROUTE_CLIMB,0.41615348753071374,0,0.41615348753071374,False
abe1c2-0-dadf0e7e0cdd,ENROUTE_CLIMB,ENROUTE_CLIMB,0.3008117087066386,0,0.3008117087066386,False
aa568e-0-1904cfaba068,ENROUTE_CLIMB,ENROUTE_CLIMB,0.3669931980324109,0,0.3669931980324109,False
ac32f2-0-c432b01faaca,ENROUTE_CLIMB,ENROUTE_CLIMB,0.0,0,0.0,False
ab4489-0-ac89f68adfcc,ENROUTE_CLIMB,ENROUTE_CLIMB,0.21493421427713308,0,0.21493421427713308,False
a7e616-0-4050d86f9f57,ENROUTE_CLIMB,ENROUTE_CLIMB,0.29657783674424953,0,0.29657783674424953,False
ad23d5-0-e80021d5d5c0,ENROUTE_CLIMB,ENROUTE_CLIMB,0.3647443640116233,0,0.3647443640116233,False
ad4b54-0-f0e0e38e284b,ENROUTE_CLIMB,ENROUTE_CLIMB,0.31196635888188523,0,0.31196635888188523,False
acc5fb-0-f6fed1dd87a7,ENROUTE_CLIMB,ENROUTE_CLIMB,0.0,0,0.0,False
ab4840-0-2dbe3dcafda4,ENROUTE_CLIMB,ENROUTE_CLIMB,0.24487687293972968,0,0.24487687293972968,False
a0236f-0-d3694d608f9b,ENROUTE_CLIMB,ENROUTE_CLIMB,0.12842192126297383,0,0.12842192126297383,False
a82e6b-0-3a23d5d3f332,ENROUTE_CLIMB,ENROUTE_CLIMB,0.0,0,0.0,False
a9844c-0-a5eb1fe10f08,ENROUTE_CLIMB,ENROUTE_CLIMB,0.948306819982334,0,0.948306819982334,False
a3edaa-0-23d534a21c93,ENROUTE_CLIMB,ENROUTE_CLIMB,0.32322575646045615,0,0.32322575646045615,False
ab34ea-0-de26f741b4fb,ENROUTE_CLIMB,ENROUTE_CLIMB,0.19252591510680656,0,0.19252591510680656,False
aa6fca-0-4644faa77160,ENROUTE_CLIMB,ENROUTE_CLIMB,0.36643040208449873,0,0.36643040208449873,False
440a8d-0-ee92291c33d7,ENROUTE_CLIMB,ENROUTE_CLIMB,0.4536205424410125,0,0.4536205424410125,False
a6657e-0-dc4175ba74fe,ENROUTE_CLIMB,ENROUTE_CLIMB,0.4056572005544734,0,0.4056572005544734,False
ab4866-0-d11c4f94db4f,ENROUTE_CLIMB,DEPARTURE,0.57116637103837,0,1.3105505769863164,True
ac1b8e-0-baa519d217de,ENROUTE_CLIMB,ENROUTE_CLIMB,0.5609050447435664,0,0.5609050447435664,False
abb8c4-0-b55504cf49aa,ENROUTE_CLIMB,ENROUTE_CLIMB,0.7100925009879697,0,0.7100925009879697,False
a6cc45-0-212b19a08fdc,ENROUTE_CLIMB,ENROUTE_CLIMB,0.1890056054308458,0,0.1890056054308458,False
ad1c16-0-bb4473a5988c,ENROUTE_CLIMB,ENROUTE_CLIMB,0.14927866388920183,0,0.14927866388920183,False
a446eb-0-be6f2e0397c2,ENROUTE_CLIMB,ENROUTE_CLIMB,0.3832574812834312,0,0.3832574812834312,False
a641b6-0-31a29cfcc50b,ENROUTE_CLIMB,ENROUTE_CLIMB,0.0,0,0.0,False
a63f16-0-25b7d4877acf,ENROUTE_CLIMB,ENROUTE_CLIMB,0.9745184445171539,0,0.9745184445171539,False
ab9387-0-581a30d690a7,ENROUTE_CLIMB,ENROUTE_CLIMB,0.2816207455521999,0,0.2816207455521999,False
ab450c-0-21d40f5fa8ee,ENROUTE_CLIMB,ENROUTE_CLIMB,0.4457851568571102,0,0.4457851568571102,False
a67bd3-0-98e7a538febd,ENROUTE_CLIMB,ENROUTE_CLIMB,0.0,0,0.0,False
aba8d3-0-a6ce3a592547,ENROUTE_CLIMB,ENROUTE_CLIMB,0.29718515570515486,0,0.29718515570515486,False
abe579-0-f12704bd6583,ENROUTE_CLIMB,ENROUTE_CLIMB,0.0,0,0.0,False
a2bb10-0-a75fe1f94711,ENROUTE_CLIMB,ENROUTE_CLIMB,0.3354856256313022,0,0.3354856256313022,False
abe4db-0-008de8b7d7a0,ENROUTE_CLIMB,DEPARTURE,0.7498063982856189,0,1.0268330365924545,True
a7ed1a-0-eaf034106bad,ENROUTE_CLIMB,ENROUTE_CLIMB,0.8469464199048807,0,0.8469464199048807,False
a3d3f0-0-50cd8e15f094,ENROUTE_CLIMB,ENROUTE_CLIMB,0.5447357516404132,0,0.5447357516404132,False
a1b8c4-0-98a17d36abbb,ENROUTE_CLIMB,ENROUTE_CLIMB,0.3894709742630316,0,0.3894709742630316,False
a42036-0-1ae085721029,ENROUTE_CLIMB,ENROUTE_CLIMB,0.3040985082343418,0,0.3040985082343418,False
a8d5db-0-b94e7ae03a9e,ENROUTE_CLIMB,ENROUTE_CLIMB,0.28696223215643607,0,0.28696223215643607,False
abfe1c-0-ca80b33bf30a,ENROUTE_CLIMB,ENROUTE_CLIMB,0.3216011133663008,0,0.3216011133663008,False
06a12f-0-a037578e2ab1,ENROUTE_CLIMB,ENROUTE_CLIMB,0.2879968642645887,0,0.2879968642645887,False
a96c96-0-f104750cf4d1,ENROUTE_CLIMB,ENROUTE_CLIMB,0.0,0,0.0,False
a7506a-0-380144e6c76e,ENROUTE_CLIMB,ENROUTE_CLIMB,0.30970005769731823,0,0.30970005769731823,False
a3117c-0-8afa77174d0e,ENROUTE_CLIMB,ENROUTE_CLIMB,0.3592975800120004,0,0.3592975800120004,False
a385c8-0-0ede7fd41866,ENROUTE_CLIMB,ENROUTE_CLIMB,0.0,0,0.0,False
a5127c-0-17a56e3ba23b,ENROUTE_CLIMB,ENROUTE_CLIMB,0.2888770420718131,0,0.2888770420718131,False
ab0b42-0-c6cff7c3e15e,ENROUTE_CLIMB,ENROUTE_CLIMB,0.29535534287946563,0,0.29535534287946563,False
ac119d-0-f60b904688ee,ENROUTE_CLIMB,ENROUTE_CLIMB,0.18469965243479966,0,0.18469965243479966,False
a3ed69-0-8e9f019422c4,ENROUTE_CLIMB,ENROUTE_CLIMB,0.2435676809207089,0,0.2435676809207089,False
a715bb-0-040a0737e974,ENROUTE_CLIMB,ENROUTE_CLIMB,0.44436176879655964,0,0.44436176879655964,False
a2fe28-0-8975d3064a01,ENROUTE_CLIMB,ENROUTE_CLIMB,0.26152311866833877,0,0.26152311866833877,False
ad000d-0-95821807cf5d,ENROUTE_CLIMB,ENROUTE_CLIMB,0.32260835737390253,0,0.32260835737390253,False
ad493b-0-dc7c66df4966,ENROUTE_CLIMB,ENROUTE_CLIMB,0.3615922109279913,0,0.3615922109279913,False
ad6fef-0-84231141ad95,ENROUTE_CLIMB,ENROUTE_CLIMB,0.32649027058340424,0,0.32649027058340424,False
acf1f2-0-2c3151d13a99,ENROUTE_CLIMB,ENROUTE_CLIMB,0.6345482605229202,0,0.6345482605229202,False
a06abb-0-10e6d51dda88,ENROUTE_CLIMB,ENROUTE_CLIMB,0.45117726431353405,0,0.45117726431353405,False
a559be-0-2375e3768b3e,ENROUTE_CLIMB,ENROUTE_CLIMB,0.35473944531398505,0,0.35473944531398505,False
ac3beb-0-ec0a99816127,ENROUTE_CLIMB,ENROUTE_CLIMB,0.37735147370294453,0,0.37735147370294453,False
ac6243-0-273897b0f12f,ENROUTE_CLIMB,ENROUTE_CLIMB,0.3970126349032638,0,0.3970126349032638,False
a919cd-0-89f8b346bf49,ENROUTE_CLIMB,ENROUTE_CLIMB,0.589007436945263,0,0.589007436945263,False
adda1e-0-b1ccbb56bc41,ENROUTE_CLIMB,ENROUTE_CLIMB,0.3319059982436071,0,0.3319059982436071,False
a5fc87-0-c87af5cd3d24,ENROUTE_CLIMB,ENROUTE_CLIMB,0.15248689487995062,0,0.15248689487995062,False
a4a484-0-5863201c2b54,ENROUTE_CLIMB,ENROUTE_CLIMB,0.0,0,0.0,False
ac4cd4-0-7e40242e9a23,ENROUTE_CLIMB,ENROUTE_CLIMB,0.2396898650612395,0,0.2396898650612395,False
a513ea-0-aa8558b5cffc,ENROUTE_CLIMB,ENROUTE_CLIMB,0.1661453355429894,0,0.1661453355429894,False
a8de7d-0-5be22a5595dd,ENROUTE_CLIMB,ENROUTE_CLIMB,0.26098529339822846,0,0.26098529339822846,False
ad479d-0-f7209a158732,ENROUTE_CLIMB,ENROUTE_CLIMB,0.23318213196157977,0,0.23318213196157977,False
a78605-0-4896da7128db,ENROUTE_CLIMB,ENROUTE_CLIMB,0.33591578463829913,0,0.33591578463829913,False
a26c12-0-86efbca53573,ENROUTE_CLIMB,ENROUTE_CLIMB,0.45967639734205396,0,0.45967639734205396,False
aa640c-0-10a5e0901961,ENROUTE_CLIMB,DEPARTURE,0.8588505417737728,0,1.5436673532697585,True
ae20c9-0-dd9309f681cb,ENROUTE_CLIMB,ENROUTE_CLIMB,0.42695527511406933,0,0.42695527511406933,False
a706ea-0-7b101bb9ae20,ENROUTE_CLIMB,ENROUTE_CLIMB,0.2541209578849187,0,0.2541209578849187,False
a88380-0-a8c6786f25b2,ENROUTE_CLIMB,ENROUTE_CLIMB,0.3745969894241086,0,0.3745969894241086,False
a5a87d-0-d5850cce92bc,ENROUTE_CLIMB,ENROUTE_CLIMB,0.20218940710571762,0,0.20218940710571762,False
a51d6f-0-441d7a7db152,ENROUTE_CLIMB,DEPARTURE,0.5351657067291175,0,0.5417897601285814,False
ad52c2-0-765044e1a2a3,ENROUTE_CLIMB,ENROUTE_CLIMB,0.1694186724749775,0,0.1694186724749775,False
a9360e-0-e7628bf89324,ENROUTE_CLIMB,ENROUTE_CLIMB,0.17359237107368025,0,0.17359237107368025,False
4d0115-0-380740471e94,ENROUTE_CLIMB,ENROUTE_CLIMB,0.4555114904658296,0,0.4555114904658296,False
a24508-0-a27d86086956,ENROUTE_CLIMB,ENROUTE_CLIMB,0.314920120805725,0,0.314920120805725,False
ad1c67-0-bfdbe2034c79,ENROUTE_CLIMB,ENROUTE_CLIMB,0.49557395527843706,0,0.49557395527843706,False
ad2efa-0-0db52ff16061,ENROUTE_CLIMB,ENROUTE_CLIMB,0.3278069786161609,0,0.3278069786161609,False
ac5cb2-0-d9bdaffc18d6,ENROUTE_CLIMB,ENROUTE_CLIMB,0.9662752050389296,0,0.9662752050389296,False
abb68c-0-518020d80c88,ENROUTE_CLIMB,ENROUTE_CLIMB,0.32616446028429985,0,0.32616446028429985,False
a919cd-0-2c8ff164ab20,ENROUTE_CLIMB,ENROUTE_CLIMB,0.4635217096315422,0,0.4635217096315422,False
ab2c0c-0-ed40c43dcd4d,ENROUTE_CLIMB,DEPARTURE,0.5218177061734995,0,0.589396422856582,False
aa0701-0-99dfd9230e9e,ENROUTE_CLIMB,ENROUTE_CLIMB,0.3175756295718039,0,0.3175756295718039,False
a9acb8-0-967590eb765e,ENROUTE_CLIMB,DEPARTURE,0.34479813685448946,0,0.48327646299099397,False
a3133c-0-abe967b92d84,ENROUTE_CLIMB,ENROUTE_CLIMB,0.26185881945334666,0,0.26185881945334666,False
ab12b0-0-4bed51b931ee,ENROUTE_CLIMB,ENROUTE_CLIMB,0.29017318164466854,0,0.29017318164466854,False
40641d-0-1a06bf6ad86b,ENROUTE_CLIMB,ENROUTE_CLIMB,0.16446122335411617,0,0.16446122335411617,False
aaa5ae-0-a3948ee53cf0,ENROUTE_CLIMB,ENROUTE_CLIMB,0.19429433647994857,0,0.19429433647994857,False
a3f120-0-5f7fcdf8da39,ENROUTE_CLIMB,ENROUTE_CLIMB,0.2641854792372451,0,0.2641854792372451,False
a0d374-0-7709c17b0aa0,ENROUTE_CLIMB,ENROUTE_CLIMB,0.187681315761391,0,0.187681315761391,False
ad000d-0-4ddf4e832ef9,ENROUTE_CLIMB,ENROUTE_CLIMB,0.31805667911775753,0,0.31805667911775753,False
a8f9a3-0-bac1c9c1401a,ENROUTE_CLIMB,ENROUTE_CLIMB,0.2905261492039395,0,0.2905261492039395,False
a4cf7f-0-49fc20ee8b41,ENROUTE_CLIMB,ENROUTE_CLIMB,0.0,0,0.0,False
a8f9a3-0-025e6dd86799,ENROUTE_CLIMB,ENROUTE_CLIMB,0.19429632186040885,0,0.19429632186040885,False
abde0b-0-51faf551e727,ENROUTE_CLIMB,ENROUTE_CLIMB,0.0,0,0.0,False
a382b6-0-43d4c41dccb2,ENROUTE_CLIMB,ENROUTE_CLIMB,0.3052350754777972,0,0.3052350754777972,False
a996e1-0-9363fae83327,ENROUTE_CLIMB,ENROUTE_CLIMB,0.2943073472646805,0,0.2943073472646805,False
adda1e-0-b22c9cf03fe0,ENROUTE_CLIMB,ENROUTE_CLIMB,0.24535947385034762,0,0.24535947385034762,False
a1025a-0-c8ed711fdc3a,ENROUTE_CLIMB,ENROUTE_CLIMB,1.2139612200507612,-1,1.2139612200507612,True
ad3c78-0-741bfe42bf35,ENROUTE_CLIMB,ENROUTE_CLIMB,0.26390700309780846,0,0.26390700309780846,False
0d0ac1-0-d44d84544257,ENROUTE_CLIMB,ENROUTE_CLIMB,0.2930631252352979,0,0.2930631252352979,False
a35ab8-0-906e4466d321,ENROUTE_CLIMB,ENROUTE_CLIMB,0.25154603644452783,0,0.25154603644452783,False
a35e47-0-b4123a2183ee,ENROUTE_CLIMB,ENROUTE_CLIMB,0.6050749063734117,0,0.6050749063734117,False
a91765-0-900f5fc6bbbd,ENROUTE_CLIMB,ENROUTE_CLIMB,1.3365897463101826,-1,1.3365897463101826,True
a0c16b-0-ce92e903475b,ENROUTE_CLIMB,ENROUTE_CLIMB,1.16175729566869,-1,1.16175729566869,True
a7e509-0-821cda60c559,ENROUTE_CLIMB,ENROUTE_CLIMB,0.34142161911115787,0,0.34142161911115787,False
abf09e-0-1d1fcc8b9cf9,ENROUTE_CLIMB,ENROUTE_CLIMB,0.19268250775957035,0,0.19268250775957035,False
040045-0-b49f4e5cd312,ENROUTE_CLIMB,ENROUTE_CLIMB,0.32381799514528986,0,0.32381799514528986,False
a54bab-0-8c17a035d0a3,ENROUTE_CLIMB,ENROUTE_CLIMB,0.0,0,0.0,False
06a1ec-0-6ae91730f452,ENROUTE_CLIMB,ENROUTE_CLIMB,0.17836789455628235,0,0.17836789455628235,False
a44d62-0-972ae77bbb33,ENROUTE_CLIMB,ENROUTE_CLIMB,0.3851603234849092,0,0.3851603234849092,False
a9e6df-0-9b8be1219166,ENROUTE_CLIMB,ENROUTE_CLIMB,0.5071442688247576,0,0.5071442688247576,False
a968f8-0-263921c32a9e,ENROUTE_CLIMB,ENROUTE_CLIMB,0.6237966394563468,0,0.6237966394563468,False
a47597-0-9ec7677fc5b6,ENROUTE_CLIMB,ENROUTE_CLIMB,0.28335073128265315,0,0.28335073128265315,False
abb68c-0-ee40b05fc1da,ENROUTE_CLIMB,ENROUTE_CLIMB,0.4733170104981957,0,0.4733170104981957,False
aa6763-0-10bee57c3d24,ENROUTE_CLIMB,ENROUTE_CLIMB,0.30534866572853303,0,0.30534866572853303,False
a46304-0-370e30238a08,ENROUTE_CLIMB,ENROUTE_CLIMB,0.22032842065275557,0,0.22032842065275557,False
0d0a0f-0-f88527a4d653,ENROUTE_CLIMB,ENROUTE_CLIMB,0.19931654908064278,0,0.19931654908064278,False
ac3477-0-18847ffa5005,ENROUTE_CLIMB,ENROUTE_CLIMB,0.20158721809192376,0,0.20158721809192376,False
a9707e-0-ff0c4acd9774,ENROUTE_CLIMB,ENROUTE_CLIMB,0.4269616106600054,0,0.4269616106600054,False
a1ba97-0-05bb82493196,ENROUTE_CLIMB,ENROUTE_CLIMB,0.3417829377158593,0,0.3417829377158593,False
a63aa6-0-259482f2fb27,ENROUTE_CLIMB,DEPARTURE,1.2130076426942855,-1,1.3281367504187087,True
a68096-0-5b0af6561815,ENROUTE_CLIMB,CRUISE_OVERFLIGHT,1.304466397222775,-1,2.587866808104267,True
a1404c-0-cf15e3a0cbf5,ENROUTE_CLIMB,ENROUTE_CLIMB,0.1873917683683251,0,0.1873917683683251,False
abe4db-0-8e62d54448c0,ENROUTE_CLIMB,ENROUTE_CLIMB,0.6440745445054927,0,0.6440745445054927,False
a0a734-0-0afe6e49ebe9,ENROUTE_CLIMB,CRUISE_OVERFLIGHT,1.9733610295568456,-1,3.0331985343322327,True
a486d8-0-acb725febfe4,ENROUTE_CLIMB,ENROUTE_CLIMB,0.1466078051960823,0,0.1466078051960823,False
a056d1-0-3be506f7837b,ENROUTE_CLIMB,ENROUTE_CLIMB,0.2820184634647706,0,0.2820184634647706,False
ad2efa-0-9ce555362dd8,ENROUTE_CLIMB,ENROUTE_CLIMB,0.36346110118471375,0,0.36346110118471375,False
abb1c2-0-3045aee08a1b,ENROUTE_CLIMB,ENROUTE_CLIMB,0.45507746913588615,0,0.45507746913588615,False
ac7074-0-da4436731fb0,ENROUTE_CLIMB,ENROUTE_CLIMB,0.2898187688485099,0,0.2898187688485099,False
a2cf3b-0-c97f167ac405,ENROUTE_CLIMB,ENROUTE_CLIMB,0.0,0,0.0,False
a77ad8-0-822dec32b93e,ENROUTE_CLIMB,ENROUTE_CLIMB,0.43225239070366145,0,0.43225239070366145,False
a143e9-0-8a57ac627c64,ENROUTE_CLIMB,ENROUTE_CLIMB,0.20143865075136216,0,0.20143865075136216,False
ac2c9c-0-713aacb2840f,ENROUTE_CLIMB,ENROUTE_CLIMB,0.23823302058327894,0,0.23823302058327894,False
a1c53d-0-837080751109,ENROUTE_CLIMB,ENROUTE_CLIMB,0.40834004082622344,0,0.40834004082622344,False
a837a5-0-630831b75fa7,ENROUTE_CLIMB,ENROUTE_CLIMB,0.44109437938433627,0,0.44109437938433627,False
a33e5e-0-94a1277b2a32,ENROUTE_CLIMB,ENROUTE_CLIMB,0.5240527081378101,0,0.5240527081378101,False
899123-0-e487b7536506,ENROUTE_CLIMB,ENROUTE_CLIMB,0.3596559448280727,0,0.3596559448280727,False
ac3eba-0-666beb7201a6,ENROUTE_CLIMB,ENROUTE_CLIMB,0.2562568883363366,0,0.2562568883363366,False
a9bf4b-0-fab3ebf8a81d,ENROUTE_CLIMB,ENROUTE_CLIMB,0.2891218219988154,0,0.2891218219988154,False
a402dd-0-a472f98dfb42,ENROUTE_CLIMB,ENROUTE_CLIMB,0.22713412245661166,0,0.22713412245661166,False
a0cba9-0-25d9a4f42a00,ENROUTE_CLIMB,ENROUTE_CLIMB,0.0,0,0.0,False
ac30c0-0-dc86741c6a6f,ENROUTE_CLIMB,ENROUTE_CLIMB,0.32355240153797793,0,0.32355240153797793,False
adb401-0-3d4d36ae8347,ENROUTE_CLIMB,ENROUTE_CLIMB,0.14558372369363137,0,0.14558372369363137,False
a8aac8-0-545975fec82b,ENROUTE_CLIMB,ENROUTE_CLIMB,0.4232649811261507,0,0.4232649811261507,False
a44cca-0-f041a977ade6,ENROUTE_CLIMB,ENROUTE_CLIMB,0.2464940746647968,0,0.2464940746647968,False
a0267b-0-a99b2dd5b130,ENROUTE_CLIMB,ENROUTE_CLIMB,0.24474999056912405,0,0.24474999056912405,False
ac119d-0-eb1d5b16376c,ENROUTE_CLIMB,ENROUTE_CLIMB,0.5141246410860824,0,0.5141246410860824,False
a44943-0-65e54bd3311d,ENROUTE_CLIMB,ENROUTE_CLIMB,0.2720980771432901,0,0.2720980771432901,False
a1b519-0-a3d555522401,ENROUTE_CLIMB,ENROUTE_CLIMB,0.3472330632880465,0,0.3472330632880465,False
add66d-0-a28ac9656c32,ENROUTE_CLIMB,ENROUTE_CLIMB,0.21395913323293095,0,0.21395913323293095,False
a39d9b-0-8379ed57c485,ENROUTE_CLIMB,ENROUTE_CLIMB,0.22205250039564906,0,0.22205250039564906,False
ab73ca-0-ec5f69e9aa0d,ENROUTE_CLIMB,ENROUTE_CLIMB,0.4290174411606492,0,0.4290174411606492,False
ac4a44-0-2593e19bddf3,ENROUTE_CLIMB,ENROUTE_CLIMB,0.0,0,0.0,False
a3ef26-0-f82500c861be,ENROUTE_CLIMB,ENROUTE_CLIMB,0.23252876911357145,0,0.23252876911357145,False
a6d326-0-5407687cd546,ENROUTE_CLIMB,DEPARTURE,0.42634146754150853,0,0.5386601119424409,False
a445f8-0-e4d015bc5f82,ENROUTE_CLIMB,ENROUTE_CLIMB,0.16150350778586292,0,0.16150350778586292,False
aa7fa1-0-63f540463da0,ENROUTE_CLIMB,ENROUTE_CLIMB,0.18045285320965934,0,0.18045285320965934,False
a17c12-0-42533adca72e,ENROUTE_CLIMB,ENROUTE_CLIMB,0.0,0,0.0,False
a564d3-0-44047a2f92c3,ENROUTE_CLIMB,ENROUTE_CLIMB,0.2774482516909652,0,0.2774482516909652,False
a7d751-0-7dd620600c75,ENROUTE_CLIMB,ENROUTE_CLIMB,0.3748565618581318,0,0.3748565618581318,False
a3b86c-0-20905e3c1824,ENROUTE_CLIMB,ENROUTE_CLIMB,0.16389679320264927,0,0.16389679320264927,False
a5b59d-0-73e4154ee4dd,ENROUTE_CLIMB,ENROUTE_CLIMB,0.2754010071594532,0,0.2754010071594532,False
ab0e53-0-d3a10106355e,ENROUTE_CLIMB,ENROUTE_CLIMB,0.6467890346915961,0,0.6467890346915961,False
aaa5ff-0-cad0faa83bd5,ENROUTE_CLIMB,ENROUTE_CLIMB,0.17824952469319003,0,0.17824952469319003,False
a482fc-0-480756ad7934,ENROUTE_CLIMB,ENROUTE_CLIMB,0.42290166432501725,0,0.42290166432501725,False
a1e9ac-0-5b3d24c7bc9e,ENROUTE_CLIMB,ENROUTE_CLIMB,0.5330877748877829,0,0.5330877748877829,False
ace5de-0-5e5d556d765b,ENROUTE_CLIMB,DEPARTURE,0.21877617113934217,0,0.8276834740390611,False
adcca5-0-b4c109140943,ENROUTE_CLIMB,ENROUTE_CLIMB,0.18583737976737688,0,0.18583737976737688,False
a47cd1-0-85139ce32d10,ENROUTE_CLIMB,ENROUTE_CLIMB,0.5833168364193277,0,0.5833168364193277,False
ad2b43-0-c389972a3b4b,ENROUTE_CLIMB,DEPARTURE,0.33242012327064074,0,0.4022655061960159,False
abc29a-0-98ff00680cf7,ENROUTE_CLIMB,ENROUTE_CLIMB,0.3751656845516881,0,0.3751656845516881,False
a960bf-0-b5a00dff7353,ENROUTE_CLIMB,ENROUTE_CLIMB,0.7415712546050489,0,0.7415712546050489,False
a72ca2-0-e14ca1d14405,ENROUTE_CLIMB,ENROUTE_CLIMB,1.27737093943956,-1,1.27737093943956,True
add790-0-50b8713616bf,ENROUTE_CLIMB,ENROUTE_CLIMB,0.0,0,0.0,False
485f82-0-1975dcc7df5b,ENROUTE_CLIMB,ENROUTE_CLIMB,0.36459876477364705,0,0.36459876477364705,False
ac30c0-0-8aa2f07695cc,ENROUTE_CLIMB,ENROUTE_CLIMB,0.6795566390585991,0,0.6795566390585991,False
ac20a1-0-7eee8d516397,ENROUTE_CLIMB,ENROUTE_CLIMB,0.0,0,0.0,False
a24ce0-0-ccf3625b0bf3,ENROUTE_CLIMB,ENROUTE_CLIMB,0.6232468242952961,0,0.6232468242952961,False
ac76f2-0-83158ee9f4e9,ENROUTE_CLIMB,ENROUTE_CLIMB,0.2040637672939882,0,0.2040637672939882,False
ad000d-0-b0174101e333,ENROUTE_CLIMB,ENROUTE_CLIMB,0.3668175809284556,0,0.3668175809284556,False
a4cf7f-0-da8c9d7a4f9b,ENROUTE_CLIMB,ENROUTE_CLIMB,0.6665869798905303,0,0.6665869798905303,False
ac3beb-0-d817884cf3b0,ENROUTE_CLIMB,ENROUTE_CLIMB,0.22983494258704482,0,0.22983494258704482,False
a1ac3f-0-95a2737cbb0f,ENROUTE_CLIMB,ENROUTE_CLIMB,0.5690099666967162,0,0.5690099666967162,False
ab2b23-0-126233e9cbc8,ENROUTE_CLIMB,ENROUTE_CLIMB,0.4422001504716323,0,0.4422001504716323,False
a7dadc-0-35b8bac238e9,ENROUTE_CLIMB,ENROUTE_CLIMB,1.0369174849851968,-1,1.0369174849851968,True
a53975-0-970b451b3d86,ENROUTE_CLIMB,ENROUTE_CLIMB,0.32535345401743804,0,0.32535345401743804,False
ace9ba-0-1cd885bb947b,ENROUTE_CLIMB,ENROUTE_CLIMB,0.0,0,0.0,False
ac4fb5-0-4b7eec617ded,ENROUTE_CLIMB,ENROUTE_CLIMB,3.1728171215014126e-17,0,3.1728171215014126e-17,False
a12777-0-26ca2b3f5fe5,ENROUTE_CLIMB,ENROUTE_CLIMB,0.30351588042512384,0,0.30351588042512384,False
a39d9b-0-af93b0202594,ENROUTE_CLIMB,ENROUTE_CLIMB,0.0,0,0.0,False
a4345e-0-bd82e806d0cf,ENROUTE_CLIMB,ENROUTE_CLIMB,3.1728171215014126e-17,0,3.1728171215014126e-17,False
a448fc-0-6b77f9f24015,ENROUTE_CLIMB,ENROUTE_CLIMB,0.39248472260024486,0,0.39248472260024486,False
a676c4-0-cc8b874e5cc3,ENROUTE_CLIMB,ENROUTE_CLIMB,0.5277139649733007,0,0.5277139649733007,False
a8df06-0-5ec07a2790e7,ENROUTE_CLIMB,ENROUTE_CLIMB,0.3464625854322642,0,0.3464625854322642,False
abde0b-0-d0e8f0e4492a,ENROUTE_CLIMB,DEPARTURE,0.4921380168296617,0,1.311304125783525,True
a3612a-0-5925a7a6bf76,ENROUTE_CLIMB,ENROUTE_CLIMB,0.41021269422649603,0,0.41021269422649603,False
a272bf-0-34cb3c98a710,ENROUTE_CLIMB,ENROUTE_CLIMB,0.19844765513052431,0,0.19844765513052431,False
a2000d-0-3342afa9fe41,ENROUTE_CLIMB,ENROUTE_CLIMB,0.2924004219097687,0,0.2924004219097687,False
a23525-0-7fa20ff2d1bb,ENROUTE_CLIMB,ENROUTE_CLIMB,0.17620717576392264,0,0.17620717576392264,False
abe234-0-b3c5b9808242,ENROUTE_CLIMB,DEPARTURE,1.0267057881012194,-1,1.1481854383179693,True
a0a1e9-0-2843edb17010,ENROUTE_CLIMB,ENROUTE_CLIMB,0.35396259875926905,0,0.35396259875926905,False
abe7c5-0-64959168ecc4,ENROUTE_CLIMB,ENROUTE_CLIMB,0.29881300157327745,0,0.29881300157327745,False
ac685d-0-5aeaaeb3e46a,ENROUTE_CLIMB,ENROUTE_CLIMB,0.41241695366330317,0,0.41241695366330317,False
ada167-0-b8d22d783a9e,ENROUTE_CLIMB,ENROUTE_CLIMB,0.12052710654283043,0,0.12052710654283043,False
ab4840-0-e9c0590040b0,ENROUTE_CLIMB,ENROUTE_CLIMB,0.0,0,0.0,False
a44591-0-e28ef71d3694,ENROUTE_CLIMB,DEPARTURE,0.4248318097441738,0,0.45599023250294346,False
a51334-0-c6409b189a68,ENROUTE_CLIMB,ENROUTE_CLIMB,0.21340430036126404,0,0.21340430036126404,False
486073-0-4462ba15e492,ENROUTE_CLIMB,ENROUTE_CLIMB,0.17211488447805542,0,0.17211488447805542,False
a4bbde-0-0e8723feb94b,ENROUTE_CLIMB,ENROUTE_CLIMB,0.2754684346898831,0,0.2754684346898831,False
a389c8-0-0cf1b3bf47e9,ENROUTE_CLIMB,ENROUTE_CLIMB,0.6659058110967647,0,0.6659058110967647,False
adb2a4-0-8cb12d232dba,ENROUTE_CLIMB,ENROUTE_CLIMB,0.309236378722366,0,0.309236378722366,False
a6140f-0-f4572501a0fd,ENROUTE_CLIMB,ENROUTE_CLIMB,0.6577736621254887,0,0.6577736621254887,False
a3524e-0-b47bb01c9cd8,ENROUTE_CLIMB,ENROUTE_CLIMB,0.4799291851581347,0,0.4799291851581347,False
a0065b-0-f1e991871d04,ENROUTE_CLIMB,ENROUTE_CLIMB,0.3720841300621906,0,0.3720841300621906,False
a3e9c5-0-149310421780,ENROUTE_CLIMB,ENROUTE_CLIMB,0.24063807934955764,0,0.24063807934955764,False
a9a419-0-3a01efdf7894,ENROUTE_CLIMB,ENROUTE_CLIMB,0.276036261940505,0,0.276036261940505,False
ac382e-0-32aed777a999,ENROUTE_CLIMB,ENROUTE_CLIMB,0.39413150795452023,0,0.39413150795452023,False
a95c84-0-fad052e53667,ENROUTE_CLIMB,ENROUTE_CLIMB,0.0,0,0.0,False
a12861-0-ec979c695f88,ENROUTE_CLIMB,ENROUTE_CLIMB,0.3067587444998337,0,0.3067587444998337,False
a919b9-0-375b83083870,ENROUTE_CLIMB,ENROUTE_CLIMB,0.3160354443022493,0,0.3160354443022493,False
adcca5-0-939386904405,ENROUTE_CLIMB,ENROUTE_CLIMB,0.22742095192934403,0,0.22742095192934403,False
ad21bc-0-9500e9f012a7,ENROUTE_CLIMB,ENROUTE_CLIMB,0.3866146532458127,0,0.3866146532458127,False
aa818d-0-a0d8f9022b5b,ENROUTE_CLIMB,ENROUTE_CLIMB,0.0,0,0.0,False
a01f0d-0-9f455a4edcd5,ENROUTE_CLIMB,ENROUTE_CLIMB,0.3302232588191475,0,0.3302232588191475,False
ab249e-0-358685c4f31e,ENROUTE_CLIMB,ENROUTE_CLIMB,0.3222477603200006,0,0.3222477603200006,False
ad63f7-0-41444401b22f,ENROUTE_CLIMB,ENROUTE_CLIMB,0.0,0,0.0,False
ab4b34-0-8bf9ac34a67f,ENROUTE_CLIMB,ENROUTE_CLIMB,0.30350713457003026,0,0.30350713457003026,False
a716f6-0-52b6f71a66fe,ENROUTE_CLIMB,ENROUTE_CLIMB,0.3675490477902993,0,0.3675490477902993,False
acb2c2-0-d4cfd4a7688d,ENROUTE_CLIMB,ENROUTE_CLIMB,0.2804190920275552,0,0.2804190920275552,False
ac119d-0-afc32bd7c088,ENROUTE_CLIMB,ENROUTE_CLIMB,0.28819758209952934,0,0.28819758209952934,False
acd68a-0-ed951c3ff5fb,ENROUTE_CLIMB,ENROUTE_CLIMB,0.23057528220662862,0,0.23057528220662862,False
abdc56-0-3191658557e3,ENROUTE_CLIMB,ENROUTE_CLIMB,0.2861156460974923,0,0.2861156460974923,False
a1442f-0-b934b6fceab1,ENROUTE_CLIMB,ENROUTE_CLIMB,0.27317396914189296,0,0.27317396914189296,False
ad6113-0-af6e04969bd6,ENROUTE_CLIMB,ENROUTE_CLIMB,0.597359013246502,0,0.597359013246502,False
a77ad8-0-de78b8e3e1d7,ENROUTE_CLIMB,ENROUTE_CLIMB,0.3771727242655638,0,0.3771727242655638,False
ab58b2-0-1badac2491c6,ENROUTE_CLIMB,ENROUTE_CLIMB,0.36984556819948855,0,0.36984556819948855,False
ab5365-0-534a19d60e2f,ENROUTE_CLIMB,ENROUTE_CLIMB,0.3622580011849951,0,0.3622580011849951,False
abde0b-0-d048b22c12bb,ENROUTE_CLIMB,ENROUTE_CLIMB,0.24647936646387653,0,0.24647936646387653,False
c08081-0-770b78559112,ENROUTE_CLIMB,ENROUTE_CLIMB,0.2343948310427589,0,0.2343948310427589,False
abe124-0-c033ef2b7ae9,ENROUTE_CLIMB,ENROUTE_CLIMB,0.4926039545912304,0,0.4926039545912304,False
ac6289-0-e23d44f85d51,ENROUTE_CLIMB,ENROUTE_CLIMB,0.44928501426946027,0,0.44928501426946027,False
a8f01b-0-92c2c2c1183f,ENROUTE_CLIMB,ENROUTE_CLIMB,0.37786093281618244,0,0.37786093281618244,False
abd135-0-b0c1ef33264d,ENROUTE_CLIMB,ENROUTE_CLIMB,0.0,0,0.0,False
ac4843-0-a3f71d65976b,ENROUTE_CLIMB,ENROUTE_CLIMB,0.0,0,0.0,False
aaa5d4-0-b1b682fc04f6,ENROUTE_CLIMB,ENROUTE_CLIMB,0.47236850079956505,0,0.47236850079956505,False
a3b268-0-13c313361349,ENROUTE_CLIMB,ENROUTE_CLIMB,0.4818954462379186,0,0.4818954462379186,False
aa7fa1-0-2913aac327f6,ENROUTE_CLIMB,ENROUTE_CLIMB,0.3673934470348437,0,0.3673934470348437,False
acaad4-0-a20bff357979,ENROUTE_CLIMB,ENROUTE_CLIMB,0.5017093890167036,0,0.5017093890167036,False
ab249e-0-17ccc6ddb7fe,ENROUTE_CLIMB,ENROUTE_CLIMB,0.3445242959966003,0,0.3445242959966003,False
a1584a-0-b3666ff72773,ENROUTE_CLIMB,DEPARTURE,0.4541907888646241,0,0.537442601541631,False
a7e93b-0-825a16250798,ENROUTE_CLIMB,ENROUTE_CLIMB,0.2645216020518055,0,0.2645216020518055,False
ad000d-0-afadd7f83a0b,ENROUTE_CLIMB,ENROUTE_CLIMB,0.4120816729805534,0,0.4120816729805534,False
a61f05-0-ab74effda853,ENROUTE_CLIMB,ENROUTE_CLIMB,0.21840921643113068,0,0.21840921643113068,False
a339b4-0-f1a94ba5f260,ENROUTE_CLIMB,ENROUTE_CLIMB,0.255217292115863,0,0.255217292115863,False
ac2bd5-0-f1941e81aa79,ENROUTE_CLIMB,ENROUTE_CLIMB,0.32875321200046526,0,0.32875321200046526,False
aa6f80-0-6557cdd3cfb4,ENROUTE_CLIMB,ENROUTE_CLIMB,0.5400840408673122,0,0.5400840408673122,False
4075b4-0-84dad5012e39,ENROUTE_CLIMB,ENROUTE_CLIMB,0.2811502577564519,0,0.2811502577564519,False
a335eb-0-27c3cac17441,ENROUTE_CLIMB,ENROUTE_CLIMB,0.19369117881508882,0,0.19369117881508882,False
4843f2-0-89eed0359175,ENROUTE_CLIMB,ENROUTE_CLIMB,0.14983279564840318,0,0.14983279564840318,False
a3813b-0-37bd0df4e511,ENROUTE_CLIMB,ENROUTE_CLIMB,0.33943754128406334,0,0.33943754128406334,False
a292c9-0-9f355f6dcbd0,ENROUTE_CLIMB,ENROUTE_CLIMB,0.3749476820250162,0,0.3749476820250162,False
ace19a-0-b7b8c7e44b7a,ENROUTE_CLIMB,ENROUTE_CLIMB,0.0,0,0.0,False
a4ef90-0-b83f04465a5e,ENROUTE_CLIMB,ENROUTE_CLIMB,0.5664586100912316,0,0.5664586100912316,False
ad14a8-0-9e9ea6df3909,ENROUTE_CLIMB,ENROUTE_CLIMB,0.4021797502954805,0,0.4021797502954805,False
a6bff8-0-4ddce817c6b6,ENROUTE_CLIMB,ENROUTE_CLIMB,0.303464048870253,0,0.303464048870253,False
accd18-0-a8d060d5afcf,ENROUTE_CLIMB,ENROUTE_CLIMB,0.25180092294805595,0,0.25180092294805595,False
abd971-0-f80acd03db46,ENROUTE_CLIMB,ENROUTE_CLIMB,0.15961957636583915,0,0.15961957636583915,False
a948c4-0-c46e4a2cf08f,ENROUTE_CLIMB,ENROUTE_CLIMB,0.43748842468699783,0,0.43748842468699783,False
a44262-0-97543126e9d7,ENROUTE_CLIMB,ENROUTE_CLIMB,0.29679610465845135,0,0.29679610465845135,False
a42036-0-662cbb9132ee,ENROUTE_CLIMB,ENROUTE_CLIMB,0.0,0,0.0,False
aa1ba0-0-3689eb7fe25d,ENROUTE_CLIMB,ENROUTE_CLIMB,0.6805321043095215,0,0.6805321043095215,False
aa7833-0-94ba2871432d,ENROUTE_CLIMB,ENROUTE_CLIMB,0.24659400646755933,0,0.24659400646755933,False
a2768c-0-3fb27da581f3,ENROUTE_CLIMB,ENROUTE_CLIMB,0.19661916532149237,0,0.19661916532149237,False
a445f8-0-197ca0b7ec90,ENROUTE_CLIMB,ENROUTE_CLIMB,0.0,0,0.0,False
a385c8-0-11b59355b4ff,ENROUTE_CLIMB,ENROUTE_CLIMB,0.28696534055704254,0,0.28696534055704254,False
a87cbb-0-edf330a6c7a7,ENROUTE_CLIMB,ENROUTE_CLIMB,0.0,0,0.0,False
a4493f-0-cc8502163b35,ENROUTE_CLIMB,ENROUTE_CLIMB,0.35314081435351485,0,0.35314081435351485,False
a04062-0-e05ab2002eaf,ENROUTE_CLIMB,ENROUTE_CLIMB,0.35090141487570686,0,0.35090141487570686,False
a960d7-0-a9d3d85cf4ae,ENROUTE_CLIMB,ENROUTE_CLIMB,0.36335304533861335,0,0.36335304533861335,False
a1be79-0-8509454e4a6f,ENROUTE_CLIMB,ENROUTE_CLIMB,0.5002647000638198,0,0.5002647000638198,False
a0f44c-0-f5f9358d98f0,ENROUTE_CLIMB,ENROUTE_CLIMB,0.8515117427405804,0,0.8515117427405804,False
a271b0-0-05f57571e392,ENROUTE_CLIMB,ENROUTE_CLIMB,0.41029434356258965,0,0.41029434356258965,False
a1be79-0-cf8e8388bfe5,ENROUTE_CLIMB,ENROUTE_CLIMB,0.21053032316673903,0,0.21053032316673903,False
a2b134-0-99c3375225cd,ENROUTE_CLIMB,ENROUTE_CLIMB,0.0,0,0.0,False
a402dd-0-46bf74274200,ENROUTE_CLIMB,ENROUTE_CLIMB,0.19875048560689534,0,0.19875048560689534,False
a2fe28-0-a96adbbb5fa4,ENROUTE_CLIMB,ENROUTE_CLIMB,0.4181447200984162,0,0.4181447200984162,False
a7ff31-0-b81ab2a70106,ENROUTE_CLIMB,ENROUTE_CLIMB,0.175535714914394,0,0.175535714914394,False
acd68a-0-b3f00b607cbf,ENROUTE_CLIMB,ENROUTE_CLIMB,0.0,0,0.0,False
a39d9b-0-98c8c11a1ebc,ENROUTE_CLIMB,ENROUTE_CLIMB,0.25088556890231734,0,0.25088556890231734,False
a6bad4-0-588c7b71380a,ENROUTE_CLIMB,ENROUTE_CLIMB,1.2062368844788967,-1,1.2062368844788967,True
a72866-0-7d3ab183efb9,ENROUTE_CLIMB,ENROUTE_CLIMB,0.6962936247908458,0,0.6962936247908458,False
ac27cf-0-635331081c29,ENROUTE_CLIMB,ENROUTE_CLIMB,0.3232504593243771,0,0.3232504593243771,False
4843f2-0-3ff60af25bdf,ENROUTE_CLIMB,ENROUTE_CLIMB,0.21418553017067216,0,0.21418553017067216,False
a2fe28-0-2cbbeb87173c,ENROUTE_CLIMB,ENROUTE_CLIMB,0.4787270308477875,0,0.4787270308477875,False
acd0cf-0-cb264fa95fb6,ENROUTE_CLIMB,ENROUTE_CLIMB,0.458681964870072,0,0.458681964870072,False
abf602-0-93c9afcd8f8c,ENROUTE_CLIMB,ENROUTE_CLIMB,0.5344522425072011,0,0.5344522425072011,False
ac4cd4-0-18f14c4eb5de,ENROUTE_CLIMB,ENROUTE_CLIMB,0.0,0,0.0,False
ad493b-0-768087bc9ff6,ENROUTE_CLIMB,ENROUTE_CLIMB,0.30285417945787907,0,0.30285417945787907,False
ac3beb-0-a2f2396ae063,ENROUTE_CLIMB,ENROUTE_CLIMB,0.3074195158072803,0,0.3074195158072803,False
a4105b-0-52fdc4cc22cd,ENROUTE_CLIMB,ENROUTE_CLIMB,0.32342327719219577,0,0.32342327719219577,False
ac7c21-0-df9db0df5f17,ENROUTE_CLIMB,ENROUTE_CLIMB,0.208931813369306,0,0.208931813369306,False
a4cf7f-0-79e851749ac7,ENROUTE_CLIMB,ENROUTE_CLIMB,0.0,0,0.0,False
ab60e3-0-0cd30fdc8dc3,ENROUTE_CLIMB,ENROUTE_CLIMB,0.0,0,0.0,False
a06072-0-52ca6d6545de,ENROUTE_CLIMB,ENROUTE_CLIMB,1.6749903581181922,-1,1.6749903581181922,True
a6417c-0-ac10e7fc23b2,ENROUTE_CLIMB,ENROUTE_CLIMB,0.9513080031789845,0,0.9513080031789845,False
3c4a02-0-f7e8b7149d66,ENROUTE_CLIMB,ENROUTE_CLIMB,0.25851715978526496,0,0.25851715978526496,False
a725a0-0-d6bf6604f677,ENROUTE_CLIMB,ENROUTE_CLIMB,0.48216919045978296,0,0.48216919045978296,False
a3bd81-0-57ce96006830,ENROUTE_CLIMB,ENROUTE_CLIMB,0.23563732646377608,0,0.23563732646377608,False
a9360e-0-627630d3897e,ENROUTE_CLIMB,ENROUTE_CLIMB,0.0,0,0.0,False
a4105b-0-3a4db9adcc5a,ENROUTE_CLIMB,ENROUTE_CLIMB,0.22078123584083176,0,0.22078123584083176,False
a79b38-0-23a8c5dfe760,ENROUTE_CLIMB,ENROUTE_CLIMB,0.5666468553036798,0,0.5666468553036798,False
a3f7b8-0-7a817ac35f9a,ENROUTE_CLIMB,ENROUTE_CLIMB,0.13341724863000975,0,0.13341724863000975,False
a2768c-0-039f5f492bb5,ENROUTE_CLIMB,DEPARTURE,0.34063359277964145,0,0.5179338688730164,False
ac33e2-0-580e20eb48d7,ENROUTE_CLIMB,ENROUTE_CLIMB,0.34303962481419964,0,0.34303962481419964,False
ab2c0b-0-1f679caa14ca,ENROUTE_CLIMB,ENROUTE_CLIMB,0.340017672428108,0,0.340017672428108,False
a1c5e0-0-0311d0376a96,ENROUTE_CLIMB,ENROUTE_CLIMB,0.0,0,0.0,False
a63982-0-41378c4e95d7,ENROUTE_CLIMB,ENROUTE_CLIMB,0.3285898829817448,0,0.3285898829817448,False
abf09c-0-8134787c4bdb,ENROUTE_CLIMB,ENROUTE_CLIMB,0.5054289534735554,0,0.5054289534735554,False
a33d62-0-e594345e3ba9,ENROUTE_CLIMB,ENROUTE_CLIMB,0.0,0,0.0,False
a51d6f-0-c9cc458e2cb8,ENROUTE_CLIMB,ENROUTE_CLIMB,0.0,0,0.0,False
ab19a7-0-45e534a66ea4,ENROUTE_CLIMB,ENROUTE_CLIMB,0.8485775190162029,0,0.8485775190162029,False
ad273b-0-292e5482fb8b,ENROUTE_CLIMB,ENROUTE_CLIMB,0.34146615238687283,0,0.34146615238687283,False
a4a484-0-bac60e8069da,ENROUTE_CLIMB,ENROUTE_CLIMB,0.20882088040942356,0,0.20882088040942356,False
ac92b1-0-381f047b1c84,ENROUTE_CLIMB,ENROUTE_CLIMB,0.3688650160461115,0,0.3688650160461115,False
ac02b4-0-e13c5e3fd645,ENROUTE_CLIMB,ENROUTE_CLIMB,0.37987259990049954,0,0.37987259990049954,False
a4dc25-0-7b23863db2f2,ENROUTE_CLIMB,ENROUTE_CLIMB,0.4278018078174393,0,0.4278018078174393,False
a968f8-0-086c92d0302e,ENROUTE_CLIMB,ENROUTE_CLIMB,0.5114557604141626,0,0.5114557604141626,False
a37db9-0-d59a7fb4c65d,ENROUTE_CLIMB,ENROUTE_CLIMB,0.0,0,0.0,False
a64cbb-0-d19b8bd1fcbd,ENROUTE_CLIMB,ENROUTE_CLIMB,0.8613495164429711,0,0.8613495164429711,False
aade37-0-7e90481549a0,ENROUTE_CLIMB,DEPARTURE,0.37381045851115996,0,1.6583531624175687,True
a449af-0-62b299a08af9,ENROUTE_CLIMB,ENROUTE_CLIMB,0.0,0,0.0,False
a32ee2-0-5966866f4cbc,ENROUTE_CLIMB,ENROUTE_CLIMB,0.23784081956382927,0,0.23784081956382927,False
ab7376-0-958844907343,ENROUTE_DESCENT,ENROUTE_DESCENT,0.3308402795414659,0,0.3308402795414659,False
a87f4d-0-2ff743b5c9fd,ENROUTE_DESCENT,ENROUTE_DESCENT,0.3448825419069357,0,0.3448825419069357,False
a3e011-0-4f9e9c821521,ENROUTE_DESCENT,ENROUTE_DESCENT,0.2895652621595211,0,0.2895652621595211,False
a63a42-0-cfe99f4b25ff,ENROUTE_DESCENT,ENROUTE_DESCENT,0.3246487826782261,0,0.3246487826782261,False
a919cd-0-4afd0d4ad8f9,ENROUTE_DESCENT,ENROUTE_DESCENT,0.17376717328393432,0,0.17376717328393432,False
a3dffe-0-a6102b599076,ENROUTE_DESCENT,ENROUTE_DESCENT,0.33020827064867647,0,0.33020827064867647,False
a7de93-0-9bd2d6a2613a,ENROUTE_DESCENT,ENROUTE_DESCENT,0.15641767351069819,0,0.15641767351069819,False
a1a98d-0-6f1288e332cf,ENROUTE_DESCENT,ENROUTE_DESCENT,0.4499095015152079,0,0.4499095015152079,False
a70885-0-f9938fc0ea1e,ENROUTE_DESCENT,ENROUTE_DESCENT,0.7405942956908745,0,0.7405942956908745,False
a1a98d-0-ec2c0f031cbd,ENROUTE_DESCENT,ENROUTE_DESCENT,0.26591657242005745,0,0.26591657242005745,False
abfd66-0-eb3975aed19a,ENROUTE_DESCENT,ENROUTE_DESCENT,0.6428789076861473,0,0.6428789076861473,False
a2768c-0-61fbc394cad4,ENROUTE_DESCENT,TERMINAL_ARRIVAL,0.26976420036438753,0,0.2774215757320229,False
a359bc-0-bb6f6c7fed28,ENROUTE_DESCENT,TERMINAL_ARRIVAL,0.1947055741052619,0,0.3058061649812447,False
acb10a-0-0deca697187a,ENROUTE_DESCENT,ENROUTE_DESCENT,0.5724011435865568,0,0.5724011435865568,False
abbf72-0-4e25df0dfee4,ENROUTE_DESCENT,ENROUTE_DESCENT,0.23666894947622039,0,0.23666894947622039,False
a1270a-0-ee726f39b203,ENROUTE_DESCENT,ENROUTE_DESCENT,0.44298326105293334,0,0.44298326105293334,False
abec03-0-9ce5a3c3f7d7,ENROUTE_DESCENT,ENROUTE_DESCENT,0.396740113426694,0,0.396740113426694,False
e80210-0-9e5bfd5db449,ENROUTE_DESCENT,ENROUTE_DESCENT,0.5574984913501843,0,0.5574984913501843,False
a66241-0-0b47940910af,ENROUTE_DESCENT,ENROUTE_DESCENT,0.44133541314504143,0,0.44133541314504143,False
c03c04-0-2eabab471af9,ENROUTE_DESCENT,ENROUTE_DESCENT,0.2551259925831907,0,0.2551259925831907,False
a49d22-0-b77edc19e32a,ENROUTE_DESCENT,ENROUTE_DESCENT,0.48726495671440617,0,0.48726495671440617,False
a33d62-0-02265814bbe2,ENROUTE_DESCENT,ENROUTE_DESCENT,0.2953491782555365,0,0.2953491782555365,False
acd4d7-0-1995df696fd7,ENROUTE_DESCENT,ENROUTE_DESCENT,0.4964702281522787,0,0.4964702281522787,False
a63aa6-0-6ef3c10b2684,ENROUTE_DESCENT,ENROUTE_DESCENT,0.13090721174130396,0,0.13090721174130396,False
a38a05-0-59f4e8adf5ed,ENROUTE_DESCENT,ENROUTE_DESCENT,0.44724983403902185,0,0.44724983403902185,False
a35ab8-0-2488a6cf409b,ENROUTE_DESCENT,ENROUTE_DESCENT,0.394803307312012,0,0.394803307312012,False
ad5d5c-0-4c3ddb38a7e5,ENROUTE_DESCENT,ENROUTE_DESCENT,0.23900044196836692,0,0.23900044196836692,False
a32be6-0-528f31c9f8f2,ENROUTE_DESCENT,ENROUTE_DESCENT,0.0,0,0.0,False
ad2b43-0-b2b9952aca03,ENROUTE_DESCENT,ENROUTE_DESCENT,0.2980928640496152,0,0.2980928640496152,False
a43eec-0-bd67435c3d1d,ENROUTE_DESCENT,ENROUTE_DESCENT,0.41109956860944996,0,0.41109956860944996,False
a86925-0-c301ae22f58a,ENROUTE_DESCENT,TERMINAL_ARRIVAL,0.13134927734268367,0,0.17104416880576936,False
a34209-0-437682ebfe35,ENROUTE_DESCENT,ENROUTE_DESCENT,0.6502701687464983,0,0.6502701687464983,False
ac340a-0-86a6c9258d34,ENROUTE_DESCENT,ENROUTE_DESCENT,0.0,0,0.0,False
a3bd81-0-88941c3332ff,ENROUTE_DESCENT,ENROUTE_DESCENT,0.0,0,0.0,False
a669a8-0-75e5bb7fb953,ENROUTE_DESCENT,ENROUTE_DESCENT,0.0,0,0.0,False
abcb07-0-74f7d0d23448,ENROUTE_DESCENT,ENROUTE_DESCENT,0.38502790623710337,0,0.38502790623710337,False
a919cd-0-1fc5361c4d5b,ENROUTE_DESCENT,ENROUTE_DESCENT,0.32099982980186237,0,0.32099982980186237,False
abe579-0-d34194e7303f,ENROUTE_DESCENT,ENROUTE_DESCENT,0.36469920066776124,0,0.36469920066776124,False
a5dee3-0-e590fe116bf1,ENROUTE_DESCENT,ENROUTE_DESCENT,0.2901679655073341,0,0.2901679655073341,False
a80641-0-a910a1582e63,ENROUTE_DESCENT,ENROUTE_DESCENT,0.4718266433522678,0,0.4718266433522678,False
a5d5ae-0-a79e91511ebe,ENROUTE_DESCENT,ENROUTE_DESCENT,0.18151204739973764,0,0.18151204739973764,False
ab9387-0-e2cf4ad98cb2,ENROUTE_DESCENT,ENROUTE_DESCENT,0.20277080275508483,0,0.20277080275508483,False
a9929d-0-c7e268cb6126,ENROUTE_DESCENT,ENROUTE_DESCENT,2.4166525511784713,-1,2.4166525511784713,True
a8ae7f-0-9c9be59ad896,ENROUTE_DESCENT,ENROUTE_DESCENT,0.4226301517033719,0,0.4226301517033719,False
aa6da9-0-93ddbe49c1c0,ENROUTE_DESCENT,ENROUTE_DESCENT,0.44492952923433604,0,0.44492952923433604,False
a5404a-0-bc7fd4238ad7,ENROUTE_DESCENT,ENROUTE_DESCENT,0.4272841582818663,0,0.4272841582818663,False
ad071d-0-a6441043571e,ENROUTE_DESCENT,ENROUTE_DESCENT,0.3330784133364208,0,0.3330784133364208,False
ab2c0b-0-2cd1dc6bc871,ENROUTE_DESCENT,ENROUTE_DESCENT,0.18229276219541865,0,0.18229276219541865,False
a60f9b-0-53b4ddcad442,ENROUTE_DESCENT,ENROUTE_DESCENT,0.9145141893816181,0,0.9145141893816181,False
a9cff8-0-110002de30a7,ENROUTE_DESCENT,ENROUTE_DESCENT,0.36611795978219347,0,0.36611795978219347,False
aa5d1a-0-1bdbfda4e295,ENROUTE_DESCENT,ENROUTE_DESCENT,0.4718606598460471,0,0.4718606598460471,False
a924fc-0-2e6fc42b8625,ENROUTE_DESCENT,ENROUTE_DESCENT,0.37229049449942136,0,0.37229049449942136,False
ac4963-0-711aa19d30fc,ENROUTE_DESCENT,ENROUTE_DESCENT,0.1913456134211563,0,0.1913456134211563,False
ace965-0-87e3292de000,ENROUTE_DESCENT,ENROUTE_DESCENT,0.37337679784939837,0,0.37337679784939837,False
aa7833-0-bf11f9d76a58,ENROUTE_DESCENT,ENROUTE_DESCENT,0.0,0,0.0,False
a6946b-0-3611274e3eae,ENROUTE_DESCENT,ENROUTE_DESCENT,0.13994564316523506,0,0.13994564316523506,False
aaf111-0-6871e9acf2e7,ENROUTE_DESCENT,ENROUTE_DESCENT,0.29027199774450935,0,0.29027199774450935,False
a9360e-0-35cdb8c1ed03,ENROUTE_DESCENT,ENROUTE_DESCENT,0.17893182934524174,0,0.17893182934524174,False
abd1e3-0-b086600e1ccb,ENROUTE_DESCENT,ENROUTE_DESCENT,0.27278196428384605,0,0.27278196428384605,False
ab38aa-0-1a000b2cd20b,ENROUTE_DESCENT,ENROUTE_DESCENT,0.0,0,0.0,False
a3f500-0-c81076020b88,ENROUTE_DESCENT,ENROUTE_DESCENT,0.3433236687073073,0,0.3433236687073073,False
ac058a-0-36c57fc8d8ca,ENROUTE_DESCENT,ENROUTE_DESCENT,0.5899903973839721,0,0.5899903973839721,False
accd69-0-a626dc1f63f3,ENROUTE_DESCENT,ENROUTE_DESCENT,0.2318692739320604,0,0.2318692739320604,False
a9704d-0-f54936cd7d8f,ENROUTE_DESCENT,ENROUTE_DESCENT,0.43045980708776926,0,0.43045980708776926,False
a7a9cd-0-5b1f21078d71,ENROUTE_DESCENT,ENROUTE_DESCENT,0.29290117659486126,0,0.29290117659486126,False
a08a1a-0-864a27f2bfde,ENROUTE_DESCENT,ENROUTE_DESCENT,0.22373667716602733,0,0.22373667716602733,False
a40d8d-0-43882a5762c7,ENROUTE_DESCENT,ENROUTE_DESCENT,0.32897478050623924,0,0.32897478050623924,False
71be17-0-472a4e97f632,ENROUTE_DESCENT,ENROUTE_DESCENT,0.3269931570388121,0,0.3269931570388121,False
a8a6c0-0-62955b374221,ENROUTE_DESCENT,ENROUTE_DESCENT,0.5070125574900897,0,0.5070125574900897,False
a05671-0-95f93db950c2,ENROUTE_DESCENT,ENROUTE_DESCENT,0.5766644938067944,0,0.5766644938067944,False
a38d35-0-2606479db560,ENROUTE_DESCENT,ENROUTE_DESCENT,0.7321873221895948,0,0.7321873221895948,False
a7bf22-0-47a6d0796081,ENROUTE_DESCENT,ENROUTE_DESCENT,0.4770991475628503,0,0.4770991475628503,False
a43f51-0-b05affe23a76,ENROUTE_DESCENT,ENROUTE_DESCENT,0.260190626919771,0,0.260190626919771,False
a33339-0-949338dcabcc,ENROUTE_DESCENT,ENROUTE_DESCENT,0.3152444566603705,0,0.3152444566603705,False
abcf2f-0-951db160ac9d,ENROUTE_DESCENT,ENROUTE_DESCENT,0.31054090759124325,0,0.31054090759124325,False
ac5ed9-0-3092fd150439,ENROUTE_DESCENT,ENROUTE_DESCENT,0.29467641558576696,0,0.29467641558576696,False
ab60e3-0-a5e2dfc581ad,ENROUTE_DESCENT,ENROUTE_DESCENT,0.22207500973702105,0,0.22207500973702105,False
ac57f9-0-c19c6068a09d,ENROUTE_DESCENT,ENROUTE_DESCENT,0.2857783700053033,0,0.2857783700053033,False
abc80c-0-f5c374dde772,ENROUTE_DESCENT,ENROUTE_DESCENT,0.0838919708202014,0,0.0838919708202014,False
ac30c0-0-7b038df18d3d,ENROUTE_DESCENT,ENROUTE_DESCENT,0.0,0,0.0,False
a91e11-0-55c80da50af0,ENROUTE_DESCENT,ENROUTE_DESCENT,0.21187075771395592,0,0.21187075771395592,False
abefdd-0-f5f65e9ec247,ENROUTE_DESCENT,ENROUTE_DESCENT,0.5012104475913998,0,0.5012104475913998,False
a388a9-0-c2371e75e3df,ENROUTE_DESCENT,ENROUTE_DESCENT,0.19158520675848711,0,0.19158520675848711,False
a3bd81-0-8edb889596e2,ENROUTE_DESCENT,LOW_LEVEL_TRANSIT,0.626240287785571,0,0.6641391162144694,False
a3c35d-0-af742305a737,ENROUTE_DESCENT,ENROUTE_DESCENT,0.44423575825882894,0,0.44423575825882894,False
a2396e-0-ae438eb21ee5,ENROUTE_DESCENT,ENROUTE_DESCENT,0.31327387256680467,0,0.31327387256680467,False
a9d66c-0-fe7a13fe8be8,ENROUTE_DESCENT,ENROUTE_DESCENT,0.6542011466280906,0,0.6542011466280906,False
abbd2d-0-e5ab0570163b,ENROUTE_DESCENT,ENROUTE_DESCENT,0.0,0,0.0,False
acad53-0-cd78fad44af4,ENROUTE_DESCENT,ENROUTE_DESCENT,0.040744320204025436,0,0.040744320204025436,False
ad52c2-0-731a4e1a49d9,ENROUTE_DESCENT,ENROUTE_DESCENT,0.0,0,0.0,False
a68946-0-3cc84ec9c721,ENROUTE_DESCENT,ENROUTE_DESCENT,0.0,0,0.0,False
a31fd2-0-d39887de4644,ENROUTE_DESCENT,ENROUTE_DESCENT,0.3225703966764465,0,0.3225703966764465,False
ae0405-0-99a79baddafd,ENROUTE_DESCENT,ENROUTE_DESCENT,0.349368955768404,0,0.349368955768404,False
a9046d-0-c88aacde9ad7,ENROUTE_DESCENT,ENROUTE_DESCENT,0.2594371879104526,0,0.2594371879104526,False
a669a8-0-4aeb836f163f,ENROUTE_DESCENT,ENROUTE_DESCENT,0.416030205160515,0,0.416030205160515,False
a69822-0-6e50fafe5681,ENROUTE_DESCENT,ENROUTE_DESCENT,0.20740692200806546,0,0.20740692200806546,False
a70f88-0-714c183f2247,ENROUTE_DESCENT,ENROUTE_DESCENT,0.3163502901517111,0,0.3163502901517111,False
ab64ee-0-7ed29ebb7da5,ENROUTE_DESCENT,ENROUTE_DESCENT,0.36978987256880314,0,0.36978987256880314,False
ac377b-0-53da23a6d504,ENROUTE_DESCENT,ENROUTE_DESCENT,0.22265473067114724,0,0.22265473067114724,False
acdd1b-0-9328663de344,ENROUTE_DESCENT,ENROUTE_DESCENT,0.23698141752545399,0,0.23698141752545399,False
a3b87f-0-3e619a2405d9,ENROUTE_DESCENT,ENROUTE_DESCENT,0.0,0,0.0,False
ac62a9-0-cf20869289a5,ENROUTE_DESCENT,ENROUTE_DESCENT,0.49583366479384805,0,0.49583366479384805,False
adaeed-0-b7c04e65c7cd,ENROUTE_DESCENT,ENROUTE_DESCENT,0.3049171462993285,0,0.3049171462993285,False
aca2aa-0-b90aab7c3c2c,ENROUTE_DESCENT,ENROUTE_DESCENT,0.5326093427379714,0,0.5326093427379714,False
aae312-0-7e10cb35808d,ENROUTE_DESCENT,ENROUTE_DESCENT,0.30910317691362776,0,0.30910317691362776,False
a4870d-0-2f27cb6e377f,ENROUTE_DESCENT,ENROUTE_DESCENT,0.0,0,0.0,False
a06e7b-0-ae5c0c44ce39,ENROUTE_DESCENT,ENROUTE_DESCENT,0.25885702732831084,0,0.25885702732831084,False
a7e279-0-c47a17b6d954,ENROUTE_DESCENT,ENROUTE_DESCENT,0.5689963916340696,0,0.5689963916340696,False
a7bc3e-0-e67498ba8a3c,ENROUTE_DESCENT,ENROUTE_DESCENT,0.18429384644668856,0,0.18429384644668856,False
acd1f6-0-5d0621fab588,ENROUTE_DESCENT,ENROUTE_DESCENT,0.19271351454452632,0,0.19271351454452632,False
adccd0-0-14b0a7d7e518,ENROUTE_DESCENT,ENROUTE_DESCENT,0.31594027770155486,0,0.31594027770155486,False
ad5e27-0-f4f796c9d9eb,ENROUTE_DESCENT,ENROUTE_DESCENT,1.1180187635282108,-1,1.1180187635282108,True
a987bf-0-43e9a5e09f7f,ENROUTE_DESCENT,ENROUTE_DESCENT,0.5358306213019658,0,0.5358306213019658,False
ac6645-0-7ce7c1da0e60,ENROUTE_DESCENT,ENROUTE_DESCENT,0.17464328385202305,0,0.17464328385202305,False
ac4f6f-0-876040c571b3,ENROUTE_DESCENT,ENROUTE_DESCENT,0.2500386096208224,0,0.2500386096208224,False
a94c2a-0-c1ea6463e32e,ENROUTE_DESCENT,ENROUTE_DESCENT,0.32986598954829666,0,0.32986598954829666,False
a1441f-0-7e948b5777a7,ENROUTE_DESCENT,ENROUTE_DESCENT,0.17954046896156828,0,0.17954046896156828,False
a364ea-0-d35f1fe73254,ENROUTE_DESCENT,ENROUTE_DESCENT,0.32976814280062394,0,0.32976814280062394,False
ab8469-0-d706c28fca5c,ENROUTE_DESCENT,ENROUTE_DESCENT,0.48714327453589973,0,0.48714327453589973,False
486072-0-9f76ccc57638,ENROUTE_DESCENT,ENROUTE_DESCENT,0.3545385774680972,0,0.3545385774680972,False
ab9737-0-c8ef34af35df,ENROUTE_DESCENT,TERMINAL_ARRIVAL,0.27637567783602407,0,0.3573761084386105,False
a6a347-0-fa024ee92b7f,ENROUTE_DESCENT,ENROUTE_DESCENT,0.10721393258881462,0,0.10721393258881462,False
a19d59-0-c8d6b53b78ad,ENROUTE_DESCENT,ENROUTE_DESCENT,1.1018152287722898,-1,1.1018152287722898,True
a1dcf2-0-6b8e4f3ebb85,ENROUTE_DESCENT,ENROUTE_DESCENT,0.0,0,0.0,False
a7f765-0-5528bacd0115,ENROUTE_DESCENT,ENROUTE_DESCENT,0.3724964531651574,0,0.3724964531651574,False
ac058a-0-203cb1b89856,ENROUTE_DESCENT,ENROUTE_DESCENT,0.3928240395994041,0,0.3928240395994041,False
a385c8-0-089f3c700d42,ENROUTE_DESCENT,ENROUTE_DESCENT,0.43231708306655536,0,0.43231708306655536,False
aaaa64-0-e86e5437c49d,ENROUTE_DESCENT,ENROUTE_DESCENT,0.1709614762014049,0,0.1709614762014049,False
a1c6a8-0-9df0eba47640,ENROUTE_DESCENT,TERMINAL_ARRIVAL,0.3144937345636829,0,0.38017536297996807,False
a3117c-0-7841050477f4,ENROUTE_DESCENT,ENROUTE_DESCENT,0.41531923839253587,0,0.41531923839253587,False
abf09e-0-adf266a5f5d0,ENROUTE_DESCENT,ENROUTE_DESCENT,0.10975422784837276,0,0.10975422784837276,False
ac3beb-0-d34ed4ec277f,ENROUTE_DESCENT,ENROUTE_DESCENT,0.20547055660512387,0,0.20547055660512387,False
adbdc9-0-bff3c3e35d05,ENROUTE_DESCENT,ENROUTE_DESCENT,0.2794660550212416,0,0.2794660550212416,False
abc0c1-0-ed623ff70107,ENROUTE_DESCENT,ENROUTE_DESCENT,0.23437946473125484,0,0.23437946473125484,False
a3ec93-0-8887896f4f66,ENROUTE_DESCENT,ENROUTE_DESCENT,0.34136815947614907,0,0.34136815947614907,False
a39b56-0-ec8c51d4a214,ENROUTE_DESCENT,ENROUTE_DESCENT,0.3479427792125746,0,0.3479427792125746,False
a7a60e-0-39cf1afa3bd9,ENROUTE_DESCENT,ENROUTE_DESCENT,0.0,0,0.0,False
a44e18-0-51acb67bb286,ENROUTE_DESCENT,ENROUTE_DESCENT,0.18835652105376965,0,0.18835652105376965,False
a63aa6-0-1cd44c3dad31,ENROUTE_DESCENT,ENROUTE_DESCENT,0.3089300047217636,0,0.3089300047217636,False
a46304-0-6ee320b3e30e,ENROUTE_DESCENT,ENROUTE_DESCENT,0.489361455770593,0,0.489361455770593,False
abe147-0-7d6a7f68e994,ENROUTE_DESCENT,ENROUTE_DESCENT,0.6816454968137673,0,0.6816454968137673,False
ac47de-0-1e053f78cda1,ENROUTE_DESCENT,ENROUTE_DESCENT,0.23347163438045437,0,0.23347163438045437,False
aa70b8-0-db3eaad153e1,ENROUTE_DESCENT,ENROUTE_DESCENT,0.3664061740113065,0,0.3664061740113065,False
a944b9-0-338cf070fb7f,ENROUTE_DESCENT,ENROUTE_DESCENT,0.35243738448409667,0,0.35243738448409667,False
ab84ab-0-5948d7d342d1,ENROUTE_DESCENT,ENROUTE_DESCENT,0.45863843236287555,0,0.45863843236287555,False
ab879f-0-30f0ddf6c3f1,ENROUTE_DESCENT,ENROUTE_DESCENT,0.19437009952040674,0,0.19437009952040674,False
abefba-0-ba5d52a39280,ENROUTE_DESCENT,ENROUTE_DESCENT,0.37749661939576395,0,0.37749661939576395,False
a7b13f-0-1958c0e10377,ENROUTE_DESCENT,ENROUTE_DESCENT,0.3892583659020399,0,0.3892583659020399,False
aca5e5-0-c8661b6adaaf,ENROUTE_DESCENT,ENROUTE_DESCENT,0.3954920055913023,0,0.3954920055913023,False
a004ec-0-09c2db2597f4,ENROUTE_DESCENT,ENROUTE_DESCENT,0.17060282903150384,0,0.17060282903150384,False
a43b91-0-ea44c38c688c,ENROUTE_DESCENT,ENROUTE_DESCENT,0.36791811001053026,0,0.36791811001053026,False
ad3098-0-9e58aee9c3e2,ENROUTE_DESCENT,ENROUTE_DESCENT,0.3363366788695282,0,0.3363366788695282,False
a79b93-0-5e59a3ece326,ENROUTE_DESCENT,ENROUTE_DESCENT,0.0,0,0.0,False
a54bab-0-e5406a900f64,ENROUTE_DESCENT,ENROUTE_DESCENT,0.4552708910465338,0,0.4552708910465338,False
ac8a66-0-8109aeee5df9,ENROUTE_DESCENT,ENROUTE_DESCENT,0.7274976036167504,0,0.7274976036167504,False
4005c0-0-1f4e179dde3b,ENROUTE_DESCENT,LOW_LEVEL_TRANSIT,0.26927808195789754,0,0.512526381411532,False
ab325c-0-5f3408bacea3,ENROUTE_DESCENT,ENROUTE_DESCENT,0.551185064909311,0,0.551185064909311,False
a385c8-0-b12260c1fade,ENROUTE_DESCENT,ENROUTE_DESCENT,0.27803824029335983,0,0.27803824029335983,False
a44240-0-22a4a4d0520f,ENROUTE_DESCENT,ENROUTE_DESCENT,0.30248825696074877,0,0.30248825696074877,False
ab72b3-0-1ce2b6bd0e7a,ENROUTE_DESCENT,ENROUTE_DESCENT,0.3458567794591758,0,0.3458567794591758,False
a145b7-0-2a330980e9a5,ENROUTE_DESCENT,TERMINAL_ARRIVAL,0.44669250477805894,0,0.5112797995342705,False
a3f120-0-dd8c8b66392d,ENROUTE_DESCENT,ENROUTE_DESCENT,0.2794762887943623,0,0.2794762887943623,False
a98bc2-0-471fa531c3a5,ENROUTE_DESCENT,ENROUTE_DESCENT,0.37757968371044864,0,0.37757968371044864,False
a0ea3f-0-2821a3935580,ENROUTE_DESCENT,ENROUTE_DESCENT,0.5599709842536321,0,0.5599709842536321,False
a4105b-0-73d1c7105e21,ENROUTE_DESCENT,ENROUTE_DESCENT,0.4790380865762057,0,0.4790380865762057,False
acb82c-0-29376dc8b6b8,ENROUTE_DESCENT,ENROUTE_DESCENT,0.49232726413549743,0,0.49232726413549743,False
ac119d-0-9a66a5cade0b,ENROUTE_DESCENT,ENROUTE_DESCENT,0.2451100550641717,0,0.2451100550641717,False
ac31d7-0-98535035323d,ENROUTE_DESCENT,ENROUTE_DESCENT,0.4286392181591723,0,0.4286392181591723,False
abb5e3-0-83a1284e6e5a,ENROUTE_DESCENT,ENROUTE_DESCENT,0.9617639002447577,0,0.9617639002447577,False
a70bd1-0-537c9bb37879,ENROUTE_DESCENT,ENROUTE_DESCENT,0.501026894161521,0,0.501026894161521,False
a0996f-0-a4f91a12efbb,ENROUTE_DESCENT,ENROUTE_DESCENT,0.4697045564083905,0,0.4697045564083905,False
a5a648-0-82a35df05cae,ENROUTE_DESCENT,ENROUTE_DESCENT,0.0,0,0.0,False
a2e28f-0-f7338d4315ea,ENROUTE_DESCENT,ENROUTE_DESCENT,0.43393452459071524,0,0.43393452459071524,False
abd69d-0-7835c328b133,ENROUTE_DESCENT,ENROUTE_DESCENT,0.3984770581040592,0,0.3984770581040592,False
ac5700-0-6890a284decc,ENROUTE_DESCENT,ENROUTE_DESCENT,0.42624055027910557,0,0.42624055027910557,False
a4f744-0-93177064246b,ENROUTE_DESCENT,ENROUTE_DESCENT,0.9960889932402452,0,0.9960889932402452,False
adb2a4-0-6c1e31dca242,ENROUTE_DESCENT,ENROUTE_DESCENT,0.32744720133652816,0,0.32744720133652816,False
aaf4c8-0-f6320ae64d80,ENROUTE_DESCENT,ENROUTE_DESCENT,0.0,0,0.0,False
ac8009-0-84e1e0511d02,ENROUTE_DESCENT,ENROUTE_DESCENT,0.16518531658417407,0,0.16518531658417407,False
abd9d9-0-523385c5a33b,ENROUTE_DESCENT,ENROUTE_DESCENT,0.3153545875741648,0,0.3153545875741648,False
0d09e3-0-4a3feb68853c,ENROUTE_DESCENT,ENROUTE_DESCENT,0.7811886150207619,0,0.7811886150207619,False
ad694c-0-e88ee2db1d56,ENROUTE_DESCENT,ENROUTE_DESCENT,0.2651039424427179,0,0.2651039424427179,False
ae4afe-0-da2d001a7867,ENROUTE_DESCENT,ENROUTE_DESCENT,0.5653500453279859,0,0.5653500453279859,False
acf4e8-0-1427e7cbc835,ENROUTE_DESCENT,ENROUTE_DESCENT,0.3804938914586401,0,0.3804938914586401,False
a44262-0-7fc04fbab59e,ENROUTE_DESCENT,ENROUTE_DESCENT,0.4756102413397443,0,0.4756102413397443,False
a68dd1-0-4af32787dd5d,ENROUTE_DESCENT,ENROUTE_DESCENT,0.0,0,0.0,False
aa77c0-0-ed1f8aef6a5c,ENROUTE_DESCENT,ENROUTE_DESCENT,0.0,0,0.0,False
a2be35-0-96185cfa53bd,ENROUTE_DESCENT,ENROUTE_DESCENT,0.31183826681918697,0,0.31183826681918697,False
a35ab8-0-8fd2068dda76,ENROUTE_DESCENT,ENROUTE_DESCENT,0.0,0,0.0,False
ac9600-0-5fee99f254c4,ENROUTE_DESCENT,ENROUTE_DESCENT,1.6383159619257273,-1,1.6383159619257273,True
a17c12-0-77636f5fce0b,ENROUTE_DESCENT,ENROUTE_DESCENT,0.19660397463565496,0,0.19660397463565496,False
a86925-0-ba677aec75e0,ENROUTE_DESCENT,ENROUTE_DESCENT,0.17460525103402932,0,0.17460525103402932,False
aaa5ff-0-bd827ce0fc6a,ENROUTE_DESCENT,LOW_LEVEL_TRANSIT,0.11846721206898073,0,0.34371272991077345,False
a825a6-0-2794cdea950d,ENROUTE_DESCENT,ENROUTE_DESCENT,0.12533624659882292,0,0.12533624659882292,False
a4fc50-0-1a58d0437f24,ENROUTE_DESCENT,ENROUTE_DESCENT,0.1819208507900006,0,0.1819208507900006,False
a7b4ea-0-eeddda257705,ENROUTE_DESCENT,ENROUTE_DESCENT,0.3716318745430769,0,0.3716318745430769,False
3965b4-0-c97ebdbce4df,ENROUTE_DESCENT,LOW_LEVEL_TRANSIT,0.34371642821275167,0,0.40769303866450424,False
a850dc-0-c6efbe725abc,ENROUTE_DESCENT,ENROUTE_DESCENT,0.4596832938982447,0,0.4596832938982447,False
ac07dc-0-ff80f700f464,ENROUTE_DESCENT,ENROUTE_DESCENT,0.3126625367897993,0,0.3126625367897993,False
ad67ae-0-3c47421d9160,ENROUTE_DESCENT,ENROUTE_DESCENT,0.20530978534420077,0,0.20530978534420077,False
acd68a-0-18789a7ed66f,ENROUTE_DESCENT,ENROUTE_DESCENT,0.0,0,0.0,False
a963b6-0-1e18e8ef153d,ENROUTE_DESCENT,ENROUTE_DESCENT,0.0,0,0.0,False
a30d18-0-a1a902d70311,ENROUTE_DESCENT,ENROUTE_DESCENT,0.3772671366592307,0,0.3772671366592307,False
a191e2-0-f1eb8d817784,ENROUTE_DESCENT,ENROUTE_DESCENT,0.42954295679920657,0,0.42954295679920657,False
a3f3dc-0-7c0d6713cc6a,ENROUTE_DESCENT,ENROUTE_DESCENT,0.32032056244750834,0,0.32032056244750834,False
a8f789-0-f3f62a35fd15,ENROUTE_DESCENT,ENROUTE_DESCENT,0.2429007259912719,0,0.2429007259912719,False
ad185f-0-18250a5d4bec,ENROUTE_DESCENT,ENROUTE_DESCENT,0.27346859306314764,0,0.27346859306314764,False
a86064-0-173139bc98f8,ENROUTE_DESCENT,ENROUTE_DESCENT,0.0,0,0.0,False
ac2be9-0-860790274691,ENROUTE_DESCENT,ENROUTE_DESCENT,0.0,0,0.0,False
ad5c38-0-6616ab983077,ENROUTE_DESCENT,ENROUTE_DESCENT,0.12555440429558612,0,0.12555440429558612,False
a34ecc-0-ac592c20eef3,ENROUTE_DESCENT,ENROUTE_DESCENT,0.647104111449562,0,0.647104111449562,False
acf0e0-0-4f156af91952,ENROUTE_DESCENT,ENROUTE_DESCENT,0.30631977170004937,0,0.30631977170004937,False
a3475e-0-53d44588530e,ENROUTE_DESCENT,ENROUTE_DESCENT,0.3302187113559205,0,0.3302187113559205,False
a38019-0-139efbb8cb11,ENROUTE_DESCENT,ENROUTE_DESCENT,0.0,0,0.0,False
a71adb-0-8099d13e42f4,ENROUTE_DESCENT,ENROUTE_DESCENT,0.36052200926129757,0,0.36052200926129757,False
a44e18-0-ae3cecb48ccd,ENROUTE_DESCENT,ENROUTE_DESCENT,0.20126417231574212,0,0.20126417231574212,False
a32a4b-0-f16d59d99465,ENROUTE_DESCENT,LOW_LEVEL_TRANSIT,0.17357647729686662,0,0.27725399219659214,False
a41632-0-d197263ae703,ENROUTE_DESCENT,ENROUTE_DESCENT,0.2076444615528856,0,0.2076444615528856,False
a8a6c0-0-47e6def9d06a,ENROUTE_DESCENT,ENROUTE_DESCENT,0.6137765484005008,0,0.6137765484005008,False
a2a26d-0-34800704aee4,ENROUTE_DESCENT,ENROUTE_DESCENT,0.1881894319300327,0,0.1881894319300327,False
a004d9-0-71e3645b0f98,ENROUTE_DESCENT,ENROUTE_DESCENT,1.734616545566903,-1,1.734616545566903,True
ad3c27-0-e1e91d94deba,ENROUTE_DESCENT,ENROUTE_DESCENT,0.32937479562411764,0,0.32937479562411764,False
ad3c27-0-5d767d290af9,ENROUTE_DESCENT,ENROUTE_DESCENT,0.33697424566847844,0,0.33697424566847844,False
ac6204-0-4f4976a42fea,ENROUTE_DESCENT,ENROUTE_DESCENT,0.547966139612466,0,0.547966139612466,False
a0d374-0-3e69d7e5fb5f,ENROUTE_DESCENT,ENROUTE_DESCENT,0.42037837169581355,0,0.42037837169581355,False
ac83d5-0-e9ab82a8ea88,ENROUTE_DESCENT,LOW_LEVEL_TRANSIT,0.5273215479798802,0,0.6101831454975825,False
a1b4b2-0-d200061dcbc3,ENROUTE_DESCENT,ENROUTE_DESCENT,0.27640891129403083,0,0.27640891129403083,False
ab9387-0-02397be783b4,ENROUTE_DESCENT,ENROUTE_DESCENT,0.18697436435174444,0,0.18697436435174444,False
a51334-0-765fca0510a4,ENROUTE_DESCENT,ENROUTE_DESCENT,0.7146181491981585,0,0.7146181491981585,False
a92b2b-0-55a43f87ea2b,ENROUTE_DESCENT,ENROUTE_DESCENT,0.487226336720737,0,0.487226336720737,False
a26077-0-53753d2913d3,ENROUTE_DESCENT,ENROUTE_DESCENT,0.25219136427353644,0,0.25219136427353644,False
a191e2-0-25ffd8c7c320,ENROUTE_DESCENT,ENROUTE_DESCENT,0.42702404175378605,0,0.42702404175378605,False
a002cb-0-ba99d1b3a6d9,ENROUTE_DESCENT,ENROUTE_DESCENT,0.27098929362486013,0,0.27098929362486013,False
a437c0-0-249e0c8bf89a,ENROUTE_DESCENT,ENROUTE_DESCENT,0.0,0,0.0,False
a717b6-0-e6a876709885,ENROUTE_DESCENT,ENROUTE_DESCENT,0.07860637945194453,0,0.07860637945194453,False
a7cfe6-0-1103804dec37,ENROUTE_DESCENT,ENROUTE_DESCENT,0.5249889038078304,0,0.5249889038078304,False
a3e011-0-4df64fc6fbe7,ENROUTE_DESCENT,ENROUTE_DESCENT,0.18216621665594607,0,0.18216621665594607,False
acb82c-0-12e9953be2d5,ENROUTE_DESCENT,ENROUTE_DESCENT,0.3709941792147676,0,0.3709941792147676,False
a34d2f-0-ca2c229707c7,ENROUTE_DESCENT,ENROUTE_DESCENT,0.15763180950556036,0,0.15763180950556036,False
abd69d-0-9ed79368a123,ENROUTE_DESCENT,ENROUTE_DESCENT,0.14079402498015364,0,0.14079402498015364,False
ab4489-0-37da4511a737,ENROUTE_DESCENT,ENROUTE_DESCENT,0.23863346279297215,0,0.23863346279297215,False
aa6ade-0-cf299ab323d2,ENROUTE_DESCENT,ENROUTE_DESCENT,0.3743124979475686,0,0.3743124979475686,False
a445f8-0-4a50c0ed39ca,ENROUTE_DESCENT,ENROUTE_DESCENT,0.09977604976945965,0,0.09977604976945965,False
a48438-0-8eb66f385f74,ENROUTE_DESCENT,ENROUTE_DESCENT,0.328647773517763,0,0.328647773517763,False
ad8b61-0-d2bf31913f7a,ENROUTE_DESCENT,ENROUTE_DESCENT,0.3110961542443875,0,0.3110961542443875,False
a86d36-0-743136c90ce6,ENROUTE_DESCENT,ENROUTE_DESCENT,0.24658706472095016,0,0.24658706472095016,False
ab1122-0-22021f46cfbb,ENROUTE_DESCENT,ENROUTE_DESCENT,0.0,0,0.0,False
a44b56-0-bea2b69acf44,ENROUTE_DESCENT,ENROUTE_DESCENT,0.19821940511968322,0,0.19821940511968322,False
a3524e-0-552a407b6326,ENROUTE_DESCENT,ENROUTE_DESCENT,0.2014867094252576,0,0.2014867094252576,False
a542d7-0-86b8ff4ffaff,ENROUTE_DESCENT,ENROUTE_DESCENT,0.46260544187686176,0,0.46260544187686176,False
acb82c-0-e343a9b4f98d,ENROUTE_DESCENT,ENROUTE_DESCENT,0.44718038015060857,0,0.44718038015060857,False
a38c66-0-c2cf636fd4ef,ENROUTE_DESCENT,ENROUTE_DESCENT,0.37141430505170675,0,0.37141430505170675,False
a63f08-0-28ec6641fcef,ENROUTE_DESCENT,ENROUTE_DESCENT,0.0,0,0.0,False
ad50a9-0-8f39072eac5d,ENROUTE_DESCENT,ENROUTE_DESCENT,0.5141587275238593,0,0.5141587275238593,False
a1172d-0-13257758be75,ENROUTE_DESCENT,ENROUTE_DESCENT,0.34670813715277915,0,0.34670813715277915,False
71ba02-0-a37ef08e5d4a,ENROUTE_DESCENT,ENROUTE_DESCENT,0.11214552053042935,0,0.11214552053042935,False
440a8d-0-672b00b81684,ENROUTE_DESCENT,ENROUTE_DESCENT,0.29262413671289905,0,0.29262413671289905,False
a74c90-0-c6ff36e18c5d,ENROUTE_DESCENT,ENROUTE_DESCENT,0.16783478608055818,0,0.16783478608055818,False
aa685c-0-0625c992da17,ENROUTE_DESCENT,ENROUTE_DESCENT,0.7798722250744065,0,0.7798722250744065,False
a3a9b6-0-e64df9b43644,ENROUTE_DESCENT,ENROUTE_DESCENT,0.24407804388036625,0,0.24407804388036625,False
ac74f9-0-654b761a3c95,ENROUTE_DESCENT,ENROUTE_DESCENT,0.0,0,0.0,False
accd69-0-392e0a35d3b4,ENROUTE_DESCENT,ENROUTE_DESCENT,0.15946926722931953,0,0.15946926722931953,False
a438c3-0-2de949a53ece,ENROUTE_DESCENT,ENROUTE_DESCENT,0.22944666354890622,0,0.22944666354890622,False
4851b0-0-748f8248f632,ENROUTE_DESCENT,ENROUTE_DESCENT,0.2106258093711604,0,0.2106258093711604,False
a3f401-0-774c1c1ae442,ENROUTE_DESCENT,ENROUTE_DESCENT,0.4225017837355831,0,0.4225017837355831,False
ab9737-0-38249731caaf,ENROUTE_DESCENT,ENROUTE_DESCENT,0.5939586458094251,0,0.5939586458094251,False
a2bba4-0-4fa0682bc219,ENROUTE_DESCENT,ENROUTE_DESCENT,0.2622978195945449,0,0.2622978195945449,False
aaed17-0-e09f2bf8ded0,ENROUTE_DESCENT,ENROUTE_DESCENT,0.5904585745752118,0,0.5904585745752118,False
ad9003-0-710f903b5346,ENROUTE_DESCENT,ENROUTE_DESCENT,0.7583194965384549,0,0.7583194965384549,False
0d03f3-0-9c07d4d7e296,ENROUTE_DESCENT,ENROUTE_DESCENT,0.3685418644639098,0,0.3685418644639098,False
a48356-0-6649474d190b,ENROUTE_DESCENT,ENROUTE_DESCENT,0.540628101368039,0,0.540628101368039,False
a5ce40-0-5e11dd863571,ENROUTE_DESCENT,ENROUTE_DESCENT,0.24489874555536414,0,0.24489874555536414,False
adbdc9-0-218f3885d69e,ENROUTE_DESCENT,ENROUTE_DESCENT,0.16333467816700725,0,0.16333467816700725,False
a47d05-0-ed916f055917,ENROUTE_DESCENT,ENROUTE_DESCENT,0.24609137479688603,0,0.24609137479688603,False
a9360e-0-ce588ab8b59b,ENROUTE_DESCENT,ENROUTE_DESCENT,0.3677103190571744,0,0.3677103190571744,False
a143e9-0-8f882140d485,ENROUTE_DESCENT,ENROUTE_DESCENT,0.0,0,0.0,False
a7e509-0-cd36ba9abdf3,ENROUTE_DESCENT,ENROUTE_DESCENT,0.5044672968067421,0,0.5044672968067421,False
a39e6b-0-8f6595e91ebe,ENROUTE_DESCENT,ENROUTE_DESCENT,0.6150447437793781,0,0.6150447437793781,False
a9afe7-0-0c14cc8ff886,ENROUTE_DESCENT,ENROUTE_DESCENT,0.3048912722011599,0,0.3048912722011599,False
ac3e5d-0-dc4e9768508f,ENROUTE_DESCENT,ENROUTE_DESCENT,0.315636382281257,0,0.315636382281257,False
a924fc-0-3fb04e0d4f71,ENROUTE_DESCENT,ENROUTE_DESCENT,0.3701058768663605,0,0.3701058768663605,False
a03eca-0-784eb5e5f68f,ENROUTE_DESCENT,ENROUTE_DESCENT,0.0,0,0.0,False
ac48d3-0-ab2272f93fe7,ENROUTE_DESCENT,ENROUTE_DESCENT,0.46666614601254724,0,0.46666614601254724,False
a022c4-0-a994a81793ea,ENROUTE_DESCENT,ENROUTE_DESCENT,0.0,0,0.0,False
a3a8a5-0-f52018f3b947,ENROUTE_DESCENT,ENROUTE_DESCENT,0.46765182321496024,0,0.46765182321496024,False
a742ec-0-18efc5730caa,ENROUTE_DESCENT,ENROUTE_DESCENT,0.7871432410820506,0,0.7871432410820506,False
485e2f-0-af091956c2bd,ENROUTE_DESCENT,ENROUTE_DESCENT,0.4213918871286735,0,0.4213918871286735,False
a2db21-0-b9ab02a53ffb,ENROUTE_DESCENT,ENROUTE_DESCENT,0.0,0,0.0,False
ab8fd0-0-46082325ded7,ENROUTE_DESCENT,ENROUTE_DESCENT,0.2638887563339725,0,0.2638887563339725,False
ac6227-0-5501f575150a,ENROUTE_DESCENT,ENROUTE_DESCENT,0.0,0,0.0,False
a09961-0-bc25b9fc73e7,ENROUTE_DESCENT,ENROUTE_DESCENT,0.0,0,0.0,False
a66ce0-0-c8f02f974b37,ENROUTE_DESCENT,ENROUTE_DESCENT,0.2277315292177267,0,0.2277315292177267,False
a1239c-0-6a809d07fe52,ENROUTE_DESCENT,ENROUTE_DESCENT,0.0,0,0.0,False
a129d9-0-54457b9a8cde,ENROUTE_DESCENT,ENROUTE_DESCENT,0.5625337797295251,0,0.5625337797295251,False
a170d9-0-0c5428916a02,ENROUTE_DESCENT,ENROUTE_DESCENT,0.3813126451754365,0,0.3813126451754365,False
ac685d-0-79d5c350ec88,ENROUTE_DESCENT,ENROUTE_DESCENT,0.5830145919166978,0,0.5830145919166978,False
ad14a3-0-4330c955629d,ENROUTE_DESCENT,ENROUTE_DESCENT,0.22126967041351028,0,0.22126967041351028,False
a3d87d-0-6d7613a5875f,ENROUTE_DESCENT,ENROUTE_DESCENT,0.30571374435646587,0,0.30571374435646587,False
0d06e5-0-b443d4fc90d3,ENROUTE_DESCENT,TERMINAL_ARRIVAL,0.21139871872103475,0,0.28062856991993523,False
a933e3-0-4b481db840e8,ENROUTE_DESCENT,ENROUTE_DESCENT,2.571750273994688,-1,2.571750273994688,True
a952c3-0-1753816dedf9,ENROUTE_DESCENT,ENROUTE_DESCENT,0.16602402621484166,0,0.16602402621484166,False
adaa47-0-8bb247d1d16f,ENROUTE_DESCENT,ENROUTE_DESCENT,0.47812950211964655,0,0.47812950211964655,False
a12777-0-57a5f11e9ad1,ENROUTE_DESCENT,ENROUTE_DESCENT,0.4645805179551916,0,0.4645805179551916,False
a890fe-0-57c1352b9fcb,ENROUTE_DESCENT,ENROUTE_DESCENT,0.0,0,0.0,False
ab649a-0-b6b936a52145,ENROUTE_DESCENT,ENROUTE_DESCENT,0.29503922837598173,0,0.29503922837598173,False
a719ff-0-a95caba33bb5,ENROUTE_DESCENT,ENROUTE_DESCENT,0.2863673737595665,0,0.2863673737595665,False
a145b7-0-3432ca290bad,ENROUTE_DESCENT,ENROUTE_DESCENT,0.1943980706124087,0,0.1943980706124087,False
a51d6f-0-be9d2afcdfb5,ENROUTE_DESCENT,ENROUTE_DESCENT,0.32467198660665864,0,0.32467198660665864,False
a4fc3a-0-0ab7a970751c,ENROUTE_DESCENT,ENROUTE_DESCENT,0.8302340977736107,0,0.8302340977736107,False
aa6f80-0-1602dee2de4b,ENROUTE_DESCENT,ENROUTE_DESCENT,0.0,0,0.0,False
a9f87d-0-33c139f22183,ENROUTE_DESCENT,ENROUTE_DESCENT,0.5163954349293388,0,0.5163954349293388,False
a8dae7-0-b6893e867127,ENROUTE_DESCENT,ENROUTE_DESCENT,0.12471089742962144,0,0.12471089742962144,False
a8def1-0-ba480e3f2785,ENROUTE_DESCENT,ENROUTE_DESCENT,0.4844536240300715,0,0.4844536240300715,False
a8165a-0-244e0e800a5b,ENROUTE_DESCENT,ENROUTE_DESCENT,0.3817934456506726,0,0.3817934456506726,False
acd54d-0-9477a0fde099,ENROUTE_DESCENT,ENROUTE_DESCENT,0.7982007014377278,0,0.7982007014377278,False
a8de7d-0-cd3d2ee5ec50,ENROUTE_DESCENT,ENROUTE_DESCENT,0.0,0,0.0,False
ab4489-0-769f56525bdd,ENROUTE_DESCENT,ENROUTE_DESCENT,0.0,0,0.0,False
a51358-0-84fcd9141107,ENROUTE_DESCENT,ENROUTE_DESCENT,0.5120608138715217,0,0.5120608138715217,False
c03da9-0-083a05db099c,ENROUTE_DESCENT,ENROUTE_DESCENT,0.3313935580072183,0,0.3313935580072183,False
c04cf4-0-e8a85db60322,ENROUTE_DESCENT,ENROUTE_DESCENT,0.0,0,0.0,False
ac793f-0-fa639731c275,ENROUTE_DESCENT,ENROUTE_DESCENT,0.6362735682457316,0,0.6362735682457316,False
a41cca-0-d7299a7062c9,ENROUTE_DESCENT,ENROUTE_DESCENT,0.6373276920683658,0,0.6373276920683658,False
a19344-0-7f4e88e682b7,ENROUTE_DESCENT,ENROUTE_DESCENT,0.0,0,0.0,False
a64cdb-0-5daa02540672,ENROUTE_DESCENT,ENROUTE_DESCENT,0.2302396636338912,0,0.2302396636338912,False
a85cad-0-46ec823bcdc4,ENROUTE_DESCENT,ENROUTE_DESCENT,0.40647564737793335,0,0.40647564737793335,False
a8631a-0-c9bafee1add9,ENROUTE_DESCENT,ENROUTE_DESCENT,0.15114060013070357,0,0.15114060013070357,False
a9704d-0-60987d6411de,ENROUTE_DESCENT,ENROUTE_DESCENT,0.2817158490752185,0,0.2817158490752185,False
ad775d-0-783ca3e82726,ENROUTE_DESCENT,ENROUTE_DESCENT,0.2354988282378395,0,0.2354988282378395,False
abb8c4-0-5dbb81a4a147,ENROUTE_DESCENT,ENROUTE_DESCENT,1.0866124173130132,-1,1.0866124173130132,True
a45f59-0-638f051f0148,ENROUTE_DESCENT,ENROUTE_DESCENT,0.16244829923741308,0,0.16244829923741308,False
a3fb6f-0-4b60eec06a73,ENROUTE_DESCENT,ENROUTE_DESCENT,0.0,0,0.0,False
a825a6-0-41677a1ee77b,ENROUTE_DESCENT,ENROUTE_DESCENT,0.21278650479631014,0,0.21278650479631014,False
a7d6a8-0-7f652bde949a,ENROUTE_DESCENT,ENROUTE_DESCENT,0.17267750190013456,0,0.17267750190013456,False
ad43e6-0-e3c155e55013,ENROUTE_DESCENT,ENROUTE_DESCENT,0.0,0,0.0,False
4075b4-0-6d9544fb0437,ENROUTE_DESCENT,ENROUTE_DESCENT,0.48502600351540853,0,0.48502600351540853,False
a200ba-0-7b76d4d48452,ENROUTE_DESCENT,ENROUTE_DESCENT,0.7509542238902747,0,0.7509542238902747,False
ab2c0b-0-4a8ae27df8c6,ENROUTE_DESCENT,ENROUTE_DESCENT,0.4949617032999058,0,0.4949617032999058,False
a328c0-0-81516e117890,ENROUTE_DESCENT,ENROUTE_DESCENT,0.3940214686897927,0,0.3940214686897927,False
a8165a-0-666315045781,ENROUTE_DESCENT,ENROUTE_DESCENT,0.0,0,0.0,False
a887fd-0-c2527013c615,ENROUTE_DESCENT,ENROUTE_DESCENT,0.2186866347191268,0,0.2186866347191268,False
ab0b42-0-4cffbe29ad22,ENROUTE_DESCENT,ENROUTE_DESCENT,0.17312236330635025,0,0.17312236330635025,False
acb82c-0-9906a62f891f,ENROUTE_DESCENT,ENROUTE_DESCENT,0.2632215912284477,0,0.2632215912284477,False
ad5c33-0-37c439ab53f1,ENROUTE_DESCENT,ENROUTE_DESCENT,0.20591980831051274,0,0.20591980831051274,False
a44943-0-7d010a1df5b4,ENROUTE_DESCENT,ENROUTE_DESCENT,0.0,0,0.0,False
ada526-0-dae3f221564b,ENROUTE_DESCENT,ENROUTE_DESCENT,0.4341053718131223,0,0.4341053718131223,False
a717b6-0-c3f0ccece5ff,ENROUTE_DESCENT,ENROUTE_DESCENT,0.5796544615446101,0,0.5796544615446101,False
a1a9bc-0-7736fe88b622,ENROUTE_DESCENT,ENROUTE_DESCENT,0.6288341529196929,0,0.6288341529196929,False
a76d5a-0-e016a84216ce,ENROUTE_DESCENT,ENROUTE_DESCENT,0.3015279961010455,0,0.3015279961010455,False
a2798f-0-4e43e2cdd2c4,ENROUTE_DESCENT,ENROUTE_DESCENT,0.37589826333820114,0,0.37589826333820114,False
c080a2-0-520dd5678433,ENROUTE_DESCENT,ENROUTE_DESCENT,0.28000499227003406,0,0.28000499227003406,False
a944b9-0-99bd29928dcf,ENROUTE_DESCENT,ENROUTE_DESCENT,0.35873340062695813,0,0.35873340062695813,False
ad0d86-0-fec7f49e8bac,ENROUTE_DESCENT,ENROUTE_DESCENT,0.4632146879881272,0,0.4632146879881272,False
ab649a-0-278c5e61b9fd,ENROUTE_DESCENT,ENROUTE_DESCENT,0.3659138152992871,0,0.3659138152992871,False
ad3c78-0-a74241818c15,ENROUTE_DESCENT,ENROUTE_DESCENT,0.2722820258132179,0,0.2722820258132179,False
a0a837-0-d2ac8cbaa27a,ENROUTE_DESCENT,ENROUTE_DESCENT,0.23775036363468618,0,0.23775036363468618,False
a90e61-0-b451e8ef1f92,ENROUTE_DESCENT,ENROUTE_DESCENT,0.746257752194664,0,0.746257752194664,False
a3ed69-0-351c5821ef57,ENROUTE_DESCENT,ENROUTE_DESCENT,0.20617930193561826,0,0.20617930193561826,False
a95c84-0-5915a663c681,ENROUTE_DESCENT,ENROUTE_DESCENT,0.4789826504094072,0,0.4789826504094072,False
a36e73-0-945a13a927eb,ENROUTE_DESCENT,ENROUTE_DESCENT,0.923922660084119,0,0.923922660084119,False
c00b8a-0-4ec624eb653d,ENROUTE_DESCENT,ENROUTE_DESCENT,0.4973960198832284,0,0.4973960198832284,False
a7de93-0-7b1ab711d3a9,ENROUTE_DESCENT,ENROUTE_DESCENT,0.379029040143974,0,0.379029040143974,False
a2b134-0-ef68f316f301,ENROUTE_DESCENT,ENROUTE_DESCENT,0.3921673944516401,0,0.3921673944516401,False
abc432-0-7afbefc716f2,ENROUTE_DESCENT,ENROUTE_DESCENT,0.5681624899890652,0,0.5681624899890652,False
a01b56-0-007681b64bfd,ENROUTE_DESCENT,ENROUTE_DESCENT,0.6058976284964299,0,0.6058976284964299,False
a82dbd-0-979fe4619b5f,ENROUTE_DESCENT,ENROUTE_DESCENT,0.27328372579268034,0,0.27328372579268034,False
ab115d-0-dc9cfd60af0e,ENROUTE_DESCENT,ENROUTE_DESCENT,0.13462945831122825,0,0.13462945831122825,False
a47597-0-b7a2a94c44d9,ENROUTE_DESCENT,ENROUTE_DESCENT,0.36404554481775575,0,0.36404554481775575,False
ac83d5-0-2dc50e7a7bd1,ENROUTE_DESCENT,ENROUTE_DESCENT,0.0,0,0.0,False
ab6ba6-0-c1c5b8a1b97f,ENROUTE_DESCENT,ENROUTE_DESCENT,0.0,0,0.0,False
a8f6ef-0-26af620bcf14,ENROUTE_DESCENT,ENROUTE_DESCENT,0.20957925389083093,0,0.20957925389083093,False
ad2384-0-32593deb685d,ENROUTE_DESCENT,ENROUTE_DESCENT,0.3677433984108964,0,0.3677433984108964,False
a44cca-0-3f8faee4f9a7,ENROUTE_DESCENT,ENROUTE_DESCENT,0.0,0,0.0,False
ac3e5d-0-22f2c6bf96ed,ENROUTE_DESCENT,ENROUTE_DESCENT,0.3208335814008718,0,0.3208335814008718,False
ab6fbf-0-dac608bd3476,ENROUTE_DESCENT,TERMINAL_ARRIVAL,0.3086113130117234,0,0.37232565191110506,False
acb0b9-0-a1eb9f7505bf,ENROUTE_DESCENT,ENROUTE_DESCENT,0.2577620027810029,0,0.2577620027810029,False
acffbc-0-bfea9171643d,ENROUTE_DESCENT,ENROUTE_DESCENT,0.2126111070030697,0,0.2126111070030697,False
a71337-0-1535ee1a23fa,ENROUTE_DESCENT,ENROUTE_DESCENT,0.4638224313140225,0,0.4638224313140225,False
a924fc-0-2c78b93b35a4,ENROUTE_DESCENT,ENROUTE_DESCENT,0.4405036162134758,0,0.4405036162134758,False
aa7833-0-052270639358,ENROUTE_DESCENT,ENROUTE_DESCENT,0.5010297883663792,0,0.5010297883663792,False
c02e91-0-b4fe563a9503,ENROUTE_DESCENT,ENROUTE_DESCENT,0.4045246474698361,0,0.4045246474698361,False
ac3ee9-0-cd504233f749,ENROUTE_DESCENT,ENROUTE_DESCENT,0.7049955397252161,0,0.7049955397252161,False
a43e60-0-f2b8a36e6efe,ENROUTE_DESCENT,ENROUTE_DESCENT,0.2673938787373674,0,0.2673938787373674,False
ab64ee-0-f1ba2aa00252,ENROUTE_DESCENT,ENROUTE_DESCENT,0.5816456810377741,0,0.5816456810377741,False
a939e8-0-5ea894f28234,ENROUTE_DESCENT,ENROUTE_DESCENT,0.0,0,0.0,False
a9560d-0-77a215f38d21,ENROUTE_DESCENT,ENROUTE_DESCENT,0.4840041476273132,0,0.4840041476273132,False
adbdc9-0-ecfa2cbd03fd,ENROUTE_DESCENT,TERMINAL_ARRIVAL,0.40224860090254394,0,0.5321658615961611,False
a7df3a-0-3b1049c7fef3,ENROUTE_DESCENT,ENROUTE_DESCENT,0.42131732856719034,0,0.42131732856719034,False
ac119d-0-3d59c9de92b3,ENROUTE_DESCENT,ENROUTE_DESCENT,0.2972584458245999,0,0.2972584458245999,False
a15c01-0-ecaccc23d090,ENROUTE_DESCENT,ENROUTE_DESCENT,0.0,0,0.0,False
c001ed-0-92b5d5689baf,ENROUTE_DESCENT,ENROUTE_DESCENT,0.0,0,0.0,False
aa8385-0-e390891423b2,ENROUTE_DESCENT,ENROUTE_DESCENT,0.6028016452030545,0,0.6028016452030545,False
ab321b-0-61e261fc5942,ENROUTE_DESCENT,ENROUTE_DESCENT,0.0,0,0.0,False
a69cda-0-c6e6688ff9b4,ENROUTE_DESCENT,ENROUTE_DESCENT,0.7493216429645968,0,0.7493216429645968,False
ac119d-0-613863c186c9,ENROUTE_DESCENT,ENROUTE_DESCENT,0.2239377524103508,0,0.2239377524103508,False
abc29a-0-5f33f6e1ec2b,ENROUTE_DESCENT,ENROUTE_DESCENT,0.24273921091773526,0,0.24273921091773526,False
a0d6a8-0-b02ddb7c33c2,ENROUTE_DESCENT,ENROUTE_DESCENT,0.5090304663454521,0,0.5090304663454521,False
ad34b9-0-f1b7d03b404c,ENROUTE_DESCENT,ENROUTE_DESCENT,0.11855573262290718,0,0.11855573262290718,False
ab2b23-0-de98486027f5,ENROUTE_DESCENT,ENROUTE_DESCENT,0.2284344426842399,0,0.2284344426842399,False
aba8ff-0-d7611bc4a264,ENROUTE_DESCENT,ENROUTE_DESCENT,0.20445590837331812,0,0.20445590837331812,False
abb9df-0-6c5d13ced8ff,ENROUTE_DESCENT,ENROUTE_DESCENT,0.32914813436052104,0,0.32914813436052104,False
a76d5a-0-91cfedab2449,ENROUTE_DESCENT,ENROUTE_DESCENT,0.3415759252498051,0,0.3415759252498051,False
a8b981-0-6e346a788f3e,ENROUTE_DESCENT,ENROUTE_DESCENT,0.29954374892529056,0,0.29954374892529056,False
a8721f-0-4ebb03213501,ENROUTE_DESCENT,ENROUTE_DESCENT,0.20321688255181,0,0.20321688255181,False
aadd92-0-ed27f52ccdba,ENROUTE_DESCENT,ENROUTE_DESCENT,0.2907376798719267,0,0.2907376798719267,False
a3242e-0-10b7b75c8489,ENROUTE_DESCENT,ENROUTE_DESCENT,0.2842249091588175,0,0.2842249091588175,False
ab09b4-0-4fc62ad7e300,ENROUTE_DESCENT,ENROUTE_DESCENT,0.33017745289996386,0,0.33017745289996386,False
a456a9-0-c631c7bf3f22,ENROUTE_DESCENT,ENROUTE_DESCENT,0.5001695333863497,0,0.5001695333863497,False
a8690a-0-67ec35f8b29f,ENROUTE_DESCENT,ENROUTE_DESCENT,0.36238257225652964,0,0.36238257225652964,False
ad68dd-0-c06909d934b2,ENROUTE_DESCENT,ENROUTE_DESCENT,0.0,0,0.0,False
ab5b2b-0-248acce14caf,ENROUTE_DESCENT,ENROUTE_DESCENT,0.3909057968071789,0,0.3909057968071789,False
a2cf5c-0-c9599bf1efc5,ENROUTE_DESCENT,ENROUTE_DESCENT,0.8458397459976525,0,0.8458397459976525,False
a2afeb-0-08f92479d6ae,ENROUTE_DESCENT,ENROUTE_DESCENT,0.41925610833980664,0,0.41925610833980664,False
a437c0-0-818e2fad7a05,ENROUTE_DESCENT,ENROUTE_DESCENT,0.5010800949904685,0,0.5010800949904685,False
ab5f1b-0-038f83fb64a4,ENROUTE_DESCENT,ENROUTE_DESCENT,0.0,0,0.0,False
ab2c0b-0-81b26b2c1275,ENROUTE_DESCENT,ENROUTE_DESCENT,0.0,0,0.0,False
a7045b-0-c3935a58dc3d,ENROUTE_DESCENT,ENROUTE_DESCENT,0.2656636085320736,0,0.2656636085320736,False
ac370b-0-2399d86b6092,ENROUTE_DESCENT,ENROUTE_DESCENT,0.23187136596775845,0,0.23187136596775845,False
a1ba23-0-af108f690528,ENROUTE_DESCENT,ENROUTE_DESCENT,0.2587448195252074,0,0.2587448195252074,False
ab4b34-0-86e1e84045ab,ENROUTE_DESCENT,ENROUTE_DESCENT,0.0,0,0.0,False
a0d6a8-0-f577a5a36a8d,ENROUTE_DESCENT,ENROUTE_DESCENT,0.10198363475907189,0,0.10198363475907189,False
a8e9fd-0-da1450f9088b,ENROUTE_DESCENT,ENROUTE_DESCENT,0.8664637795531147,0,0.8664637795531147,False
ac893a-0-ca4daf3d96e0,ENROUTE_DESCENT,ENROUTE_DESCENT,0.0,0,0.0,False
aaf111-0-6c0581f4ee9a,ENROUTE_DESCENT,ENROUTE_DESCENT,0.1958080282636681,0,0.1958080282636681,False
ad03c4-0-9aadfd578b7c,ENROUTE_DESCENT,ENROUTE_DESCENT,0.24475452694288746,0,0.24475452694288746,False
a1dcf2-0-f99e03196cf8,ENROUTE_DESCENT,ENROUTE_DESCENT,0.2657267741689137,0,0.2657267741689137,False
abd69d-0-151846c36a38,ENROUTE_DESCENT,ENROUTE_DESCENT,0.23718375656160195,0,0.23718375656160195,False
a44262-0-e248df693ec0,ENROUTE_DESCENT,ENROUTE_DESCENT,0.47921762194139356,0,0.47921762194139356,False
ac42df-0-8d28f819d6d7,ENROUTE_DESCENT,ENROUTE_DESCENT,0.19936562315590015,0,0.19936562315590015,False
39d2ae-0-1c4639d87b4f,ENROUTE_DESCENT,ENROUTE_DESCENT,0.0,0,0.0,False
a4fd0e-0-821c8bbe3da5,ENROUTE_DESCENT,ENROUTE_DESCENT,0.5732365734756114,0,0.5732365734756114,False
a7d6a8-0-a19a5a2e470c,ENROUTE_DESCENT,ENROUTE_DESCENT,0.3026240555313446,0,0.3026240555313446,False
c080a2-0-554bac51395c,ENROUTE_DESCENT,ENROUTE_DESCENT,0.18395021975987735,0,0.18395021975987735,False
a178de-0-05fc7a150561,ENROUTE_DESCENT,ENROUTE_DESCENT,0.3976777692262906,0,0.3976777692262906,False
a6032d-0-5a1f458c3ba9,ENROUTE_DESCENT,ENROUTE_DESCENT,0.8090067844911848,0,0.8090067844911848,False
ad3a5f-0-faf8d2532a10,ENROUTE_DESCENT,ENROUTE_DESCENT,0.228952611269848,0,0.228952611269848,False
a6a47f-0-68a584bd6ac7,ENROUTE_DESCENT,ENROUTE_DESCENT,0.5914731317842922,0,0.5914731317842922,False
acb82c-0-05760b8fb672,ENROUTE_DESCENT,ENROUTE_DESCENT,0.2484694954090474,0,0.2484694954090474,False
ac4843-0-e56efc613a43,ENROUTE_DESCENT,ENROUTE_DESCENT,0.20519679572809266,0,0.20519679572809266,False
abbf11-0-9a943bb80f9a,ENROUTE_DESCENT,ENROUTE_DESCENT,0.4433472534172907,0,0.4433472534172907,False
a170d9-0-3b147119262d,ENROUTE_DESCENT,ENROUTE_DESCENT,0.4195413068887763,0,0.4195413068887763,False
ad4b54-0-e49e3e4a322b,ENROUTE_DESCENT,ENROUTE_DESCENT,0.21808490057478297,0,0.21808490057478297,False
a40cdf-0-d7d642aab1e5,ENROUTE_DESCENT,ENROUTE_DESCENT,0.18331262330128198,0,0.18331262330128198,False
a5f3cf-0-a96a87f1c16b,ENROUTE_DESCENT,TERMINAL_ARRIVAL,0.13108008640374433,0,0.2174841860760834,False
ad2b43-0-bb63e3601b2f,ENROUTE_DESCENT,ENROUTE_DESCENT,0.22143143878820518,0,0.22143143878820518,False
a4105b-0-fe6a784f0809,ENROUTE_DESCENT,ENROUTE_DESCENT,0.5986489965350223,0,0.5986489965350223,False
a4fc3a-0-78c12a920ecf,ENROUTE_DESCENT,ENROUTE_DESCENT,0.4397487479511491,0,0.4397487479511491,False
a38c66-0-98c0ebf577f7,ENROUTE_DESCENT,LOW_LEVEL_TRANSIT,3.292690300078695,-1,3.6893761157228293,True
a46a72-0-c89d0b95919d,ENROUTE_DESCENT,ENROUTE_DESCENT,0.1752823619470006,0,0.1752823619470006,False
a939e8-0-cee6e7d85ba0,ENROUTE_DESCENT,ENROUTE_DESCENT,0.7210445263719537,0,0.7210445263719537,False
abef54-0-6498d5d1970b,ENROUTE_DESCENT,ENROUTE_DESCENT,0.4096452294567709,0,0.4096452294567709,False
40641d-0-92f0ac7a7729,ENROUTE_DESCENT,ENROUTE_DESCENT,0.5472418343815725,0,0.5472418343815725,False
a2a627-0-1ea7cc0856d3,ENROUTE_DESCENT,ENROUTE_DESCENT,0.5641491070427456,0,0.5641491070427456,False
a3cc82-0-221722915fd1,ENROUTE_DESCENT,ENROUTE_DESCENT,0.24159323035321117,0,0.24159323035321117,False
a1c6a8-0-0a82f2387487,ENROUTE_DESCENT,ENROUTE_DESCENT,0.28606870955615243,0,0.28606870955615243,False
adcdc9-0-16848fbda978,ENROUTE_DESCENT,ENROUTE_DESCENT,0.4971718401509187,0,0.4971718401509187,False
a9eeb6-0-9bc8037bae44,ENROUTE_DESCENT,ENROUTE_DESCENT,0.269998626648614,0,0.269998626648614,False
a2348d-0-3dd3218391a8,ENROUTE_DESCENT,ENROUTE_DESCENT,0.2278574690227559,0,0.2278574690227559,False
acaad4-0-aec6caea3b18,ENROUTE_DESCENT,ENROUTE_DESCENT,0.28803163672595705,0,0.28803163672595705,False
a924fc-0-5bf74d67aab4,ENROUTE_DESCENT,ENROUTE_DESCENT,0.0,0,0.0,False
ad201e-0-3bda1ec4716d,ENROUTE_DESCENT,ENROUTE_DESCENT,0.14705788457734426,0,0.14705788457734426,False
aa5d1a-0-a39c3150599e,ENROUTE_DESCENT,ENROUTE_DESCENT,0.5168709001326393,0,0.5168709001326393,False
a0d6a8-0-2cd0a50f5eec,ENROUTE_DESCENT,ENROUTE_DESCENT,0.5091044340471664,0,0.5091044340471664,False
a33d62-0-8c161bdc26b2,ENROUTE_DESCENT,ENROUTE_DESCENT,0.19203669562511197,0,0.19203669562511197,False
a24ce0-0-ee478385cd1e,ENROUTE_DESCENT,ENROUTE_DESCENT,0.2028777670765175,0,0.2028777670765175,False
a3dffe-0-b5ef2e37773e,ENROUTE_DESCENT,ENROUTE_DESCENT,0.5812149567070899,0,0.5812149567070899,False
a3117c-0-205d89494955,ENROUTE_DESCENT,ENROUTE_DESCENT,0.16285100659584492,0,0.16285100659584492,False
a402dd-0-6b3b6a1aefc4,ENROUTE_DESCENT,ENROUTE_DESCENT,0.0,0,0.0,False
a93b01-0-fc6df749b5b0,ENROUTE_DESCENT,ENROUTE_DESCENT,0.16953243568253565,0,0.16953243568253565,False
a36200-0-72b562c42d46,ENROUTE_DESCENT,ENROUTE_DESCENT,0.30498117419992143,0,0.30498117419992143,False
abc29a-0-aa7326ec6d1a,ENROUTE_DESCENT,ENROUTE_DESCENT,0.26035432839888933,0,0.26035432839888933,False
ab92c4-0-538185619cce,ENROUTE_DESCENT,ENROUTE_DESCENT,0.26384776486465916,0,0.26384776486465916,False
ac8b43-0-b31378c34745,ENROUTE_DESCENT,ENROUTE_DESCENT,0.47613739506753266,0,0.47613739506753266,False
ad000d-0-491ca90cf0ec,ENROUTE_DESCENT,ENROUTE_DESCENT,0.22748653216761208,0,0.22748653216761208,False
aa2315-0-0d48d433d202,ENROUTE_DESCENT,ENROUTE_DESCENT,0.40597672158960224,0,0.40597672158960224,False
abc058-0-97e495bb0eb3,ENROUTE_DESCENT,ENROUTE_DESCENT,0.129092194072067,0,0.129092194072067,False
a3b86c-0-3b7a6892bf91,ENROUTE_DESCENT,ENROUTE_DESCENT,0.0,0,0.0,False
ac956e-0-26ed27688746,ENROUTE_DESCENT,ENROUTE_DESCENT,0.48162344577908367,0,0.48162344577908367,False
abea11-0-fdbcca5701aa,ENROUTE_DESCENT,ENROUTE_DESCENT,0.1442709564731,0,0.1442709564731,False
a5f52d-0-0f7f5d3beb26,ENROUTE_DESCENT,ENROUTE_DESCENT,0.7961958155944135,0,0.7961958155944135,False
a564ab-0-49ea0403b7e4,ENROUTE_DESCENT,ENROUTE_DESCENT,0.16645486643170082,0,0.16645486643170082,False
a33d62-0-708ff831b629,ENROUTE_DESCENT,ENROUTE_DESCENT,0.0,0,0.0,False
a21ba0-0-5845747ba667,ENROUTE_DESCENT,ENROUTE_DESCENT,0.7495501482688923,0,0.7495501482688923,False
a32718-0-5dc9ba86bfb1,ENROUTE_DESCENT,ENROUTE_DESCENT,0.5866456506331323,0,0.5866456506331323,False
a4fd0e-0-44dfe6a49f5e,ENROUTE_DESCENT,ENROUTE_DESCENT,0.5567309234577901,0,0.5567309234577901,False
a777bf-0-d060aee78185,ENROUTE_DESCENT,ENROUTE_DESCENT,0.45285119932077406,0,0.45285119932077406,False
a2abda-0-4265cba4d0a1,ENROUTE_DESCENT,ENROUTE_DESCENT,0.0,0,0.0,False
a6d326-0-0b436f020b81,ENROUTE_DESCENT,ENROUTE_DESCENT,0.356196756978545,0,0.356196756978545,False
8966d3-0-46126e409988,ENROUTE_DESCENT,ENROUTE_DESCENT,0.36226669825896224,0,0.36226669825896224,False
ab6ba6-0-137a9e9948cb,ENROUTE_DESCENT,ENROUTE_DESCENT,0.3651863071215752,0,0.3651863071215752,False
aae6b3-0-106ad8b29a1c,ENROUTE_DESCENT,ENROUTE_DESCENT,0.42866842032297686,0,0.42866842032297686,False
ace9ba-0-937b2d62590d,ENROUTE_DESCENT,ENROUTE_DESCENT,0.3747093682372665,0,0.3747093682372665,False
a809f5-0-c519303bbca3,ENROUTE_DESCENT,ENROUTE_DESCENT,0.26781714701639103,0,0.26781714701639103,False
aca3e6-0-865b3abcf373,ENROUTE_DESCENT,ENROUTE_DESCENT,0.3526629953242468,0,0.3526629953242468,False
aa4080-0-30c1db42d53a,ENROUTE_DESCENT,ENROUTE_DESCENT,0.38531031235888785,0,0.38531031235888785,False
ab58b2-0-f40836440b08,ENROUTE_DESCENT,ENROUTE_DESCENT,0.2596304596902509,0,0.2596304596902509,False
a336f0-0-ae3a5dace0ea,ENROUTE_DESCENT,ENROUTE_DESCENT,0.23240947186652697,0,0.23240947186652697,False
a79ea0-0-663463e9424e,ENROUTE_DESCENT,ENROUTE_DESCENT,1.620042810309487,-1,1.620042810309487,True
ac9eb4-0-4b52a135e5fd,ENROUTE_DESCENT,ENROUTE_DESCENT,0.3286324581008542,0,0.3286324581008542,False
ad6fef-0-d16843e3b86c,ENROUTE_DESCENT,ENROUTE_DESCENT,0.43823781144353413,0,0.43823781144353413,False
ad3c78-0-ea46ad8c5fba,ENROUTE_DESCENT,ENROUTE_DESCENT,0.2650175585214555,0,0.2650175585214555,False
acf0e0-0-d55df336d135,FINAL_APPROACH,FINAL_APPROACH,0.4436006397961463,0,0.4436006397961463,False
a3ed69-0-656203eb6ce2,FINAL_APPROACH,FINAL_APPROACH,0.11706486112959358,0,0.11706486112959358,False
a55d6a-0-b52c92a5f7a4,FINAL_APPROACH,FINAL_APPROACH,0.20905524188899888,0,0.20905524188899888,False
a716f6-0-dcf697b70501,FINAL_APPROACH,FINAL_APPROACH,0.16799530277181193,0,0.16799530277181193,False
a45072-0-65d4d2833020,FINAL_APPROACH,FINAL_APPROACH,0.1868734434676805,0,0.1868734434676805,False
a50728-0-2245f35028d9,FINAL_APPROACH,FINAL_APPROACH,0.5657651969614812,0,0.5657651969614812,False
a1dcf2-0-c345c9a7a142,FINAL_APPROACH,FINAL_APPROACH,0.3505885663655232,0,0.3505885663655232,False
a21add-0-f95698ca11da,FINAL_APPROACH,FINAL_APPROACH,0.23287961768042928,0,0.23287961768042928,False
a9cc41-0-e5e738b3837c,FINAL_APPROACH,FINAL_APPROACH,0.20476224502087487,0,0.20476224502087487,False
a7a89d-0-b5f614f77e2d,FINAL_APPROACH,FINAL_APPROACH,0.24006656690378822,0,0.24006656690378822,False
aa988a-0-0b512424e470,FINAL_APPROACH,FINAL_APPROACH,0.21114412630330184,0,0.21114412630330184,False
a55d6a-0-2d2f0d7188d9,FINAL_APPROACH,FINAL_APPROACH,0.1085493713785106,0,0.1085493713785106,False
0c20be-0-76ce7fa06c02,FINAL_APPROACH,FINAL_APPROACH,0.16976509013912897,0,0.16976509013912897,False
a42a37-0-6bdbc4c9c294,FINAL_APPROACH,FINAL_APPROACH,0.21637110833128878,0,0.21637110833128878,False
a8dab8-0-79ebdb46498c,FINAL_APPROACH,FINAL_APPROACH,0.42760866954416654,0,0.42760866954416654,False
a336f0-0-36f43321597f,FINAL_APPROACH,FINAL_APPROACH,0.12123818205854267,0,0.12123818205854267,False
a0d11c-0-758f18b92b55,FINAL_APPROACH,FINAL_APPROACH,0.2832403313612621,0,0.2832403313612621,False
a9973b-0-2579ab08bdd5,FINAL_APPROACH,FINAL_APPROACH,0.31890445784948285,0,0.31890445784948285,False
aa01b5-0-2840bb8725e4,FINAL_APPROACH,FINAL_APPROACH,0.30390264437261527,0,0.30390264437261527,False
ae56c6-0-535456849fce,FINAL_APPROACH,FINAL_APPROACH,0.23069892138187376,0,0.23069892138187376,False
ac4949-0-fdd4670a6b62,FINAL_APPROACH,FINAL_APPROACH,0.2861474740390683,0,0.2861474740390683,False
a36b81-0-562fcff951b0,FINAL_APPROACH,FINAL_APPROACH,0.2904905603502507,0,0.2904905603502507,False
a8bbff-0-c3abdf1f1822,FINAL_APPROACH,FINAL_APPROACH,0.20472054505698786,0,0.20472054505698786,False
a91be2-0-242333adc170,FINAL_APPROACH,FINAL_APPROACH,0.3549742843417021,0,0.3549742843417021,False
a36713-0-3f52aa6b47ae,FINAL_APPROACH,FINAL_APPROACH,0.0,0,0.0,False
ab3ef7-0-bb4e8bf991dc,FINAL_APPROACH,FINAL_APPROACH,0.33349742398412463,0,0.33349742398412463,False
a35e47-0-8bb4c109ffb9,FINAL_APPROACH,FINAL_APPROACH,0.26103862017033225,0,0.26103862017033225,False
4bb1a5-0-ce3c44487960,FINAL_APPROACH,FINAL_APPROACH,0.47478830924201526,0,0.47478830924201526,False
a1079e-0-bbb16b421bd8,FINAL_APPROACH,FINAL_APPROACH,0.0,0,0.0,False
a9d599-0-ac7f23551b67,FINAL_APPROACH,FINAL_APPROACH,0.44316310967334543,0,0.44316310967334543,False
a9e390-0-a67203e58166,FINAL_APPROACH,FINAL_APPROACH,0.3013714432462006,0,0.3013714432462006,False
a5b59d-0-4d64f34cb283,FINAL_APPROACH,FINAL_APPROACH,0.2173060389446371,0,0.2173060389446371,False
a55d6a-0-c6ada29153ec,FINAL_APPROACH,FINAL_APPROACH,0.0,0,0.0,False
ac10af-0-adea92431592,FINAL_APPROACH,FINAL_APPROACH,0.4751232145525619,0,0.4751232145525619,False
a6e07f-0-f82fea5520e8,FINAL_APPROACH,FINAL_APPROACH,0.12514024996549622,0,0.12514024996549622,False
a75c48-0-457c7a3ea4ee,FINAL_APPROACH,FINAL_APPROACH,0.0,0,0.0,False
4bb14f-0-7174a6fd8126,FINAL_APPROACH,FINAL_APPROACH,0.3381063433497507,0,0.3381063433497507,False
a48224-0-109847aa4a59,FINAL_APPROACH,HOLDING_LOCAL,0.6384367084737639,0,1.9486166632057766,True
a6778d-0-c87fd477afbc,FINAL_APPROACH,FINAL_APPROACH,0.3375807383335588,0,0.3375807383335588,False
a438cb-0-b1e29b8b20d8,FINAL_APPROACH,FINAL_APPROACH,0.30390792385734655,0,0.30390792385734655,False
a8f6ef-0-7dee1ff066ab,FINAL_APPROACH,FINAL_APPROACH,0.6167810643168397,0,0.6167810643168397,False
a38af8-0-fad5ae9c2ae5,FINAL_APPROACH,FINAL_APPROACH,0.15890975032668586,0,0.15890975032668586,False
ab4f0d-0-c1c158480e24,FINAL_APPROACH,FINAL_APPROACH,0.0,0,0.0,False
a438cb-0-6b5b50cbaedd,FINAL_APPROACH,FINAL_APPROACH,0.16311864226690576,0,0.16311864226690576,False
a095ee-0-c14b3060d225,FINAL_APPROACH,FINAL_APPROACH,0.19047811578159315,0,0.19047811578159315,False
ab34f3-0-d699d0ff3ac4,FINAL_APPROACH,FINAL_APPROACH,0.0907803424702547,0,0.0907803424702547,False
a55d6a-0-7111fb9a96a4,FINAL_APPROACH,FINAL_APPROACH,0.37467936428956894,0,0.37467936428956894,False
ac92b1-0-3e936252772e,FINAL_APPROACH,FINAL_APPROACH,0.0,0,0.0,False
ac3030-0-b21c77ef630c,FINAL_APPROACH,FINAL_APPROACH,0.19872910704380378,0,0.19872910704380378,False
a92e73-0-86db8358e871,FINAL_APPROACH,FINAL_APPROACH,0.38846373236228954,0,0.38846373236228954,False
3c4a01-0-b173d1a68ece,FINAL_APPROACH,FINAL_APPROACH,0.15750476327152338,0,0.15750476327152338,False
aabd54-0-ab67f79aad91,FINAL_APPROACH,FINAL_APPROACH,0.0,0,0.0,False
a6d83c-0-e105a1246c47,FINAL_APPROACH,HOLDING_LOCAL,0.6240231610682688,0,1.007272410741241,True
a95fe6-0-f6c8df7aeb99,FINAL_APPROACH,FINAL_APPROACH,2.4604249387986598e-16,0,2.4604249387986598e-16,False
a552fd-0-b3cd34dc1764,FINAL_APPROACH,HOLDING_LOCAL,0.5301804611732771,0,0.5654646197939325,False
a52c3b-0-849af9b9d5eb,FINAL_APPROACH,FINAL_APPROACH,0.3045452857615254,0,0.3045452857615254,False
ad34b9-0-1fd06761ec93,FINAL_APPROACH,FINAL_APPROACH,0.0,0,0.0,False
a380ef-0-4d44195e80e3,FINAL_APPROACH,FINAL_APPROACH,0.27440342785524074,0,0.27440342785524074,False
a0f60d-0-5fc08160783f,FINAL_APPROACH,FINAL_APPROACH,0.3610936299029259,0,0.3610936299029259,False
a710bc-0-e858d45cd5dc,FINAL_APPROACH,FINAL_APPROACH,0.2380100999843174,0,0.2380100999843174,False
a44262-0-e6aa492b339a,FINAL_APPROACH,FINAL_APPROACH,0.23821933655612268,0,0.23821933655612268,False
a63ef2-0-5581dafcbc2c,FINAL_APPROACH,FINAL_APPROACH,0.362265196206003,0,0.362265196206003,False
a68541-0-fada85eba4f5,FINAL_APPROACH,FINAL_APPROACH,0.38128691130992276,0,0.38128691130992276,False
a06408-0-5ddd62198ac6,FINAL_APPROACH,FINAL_APPROACH,0.36839789165271547,0,0.36839789165271547,False
a95fe6-0-cb29b26fd8bb,FINAL_APPROACH,FINAL_APPROACH,0.5566168421073745,0,0.5566168421073745,False
ac2f18-0-5630beabe001,FINAL_APPROACH,FINAL_APPROACH,0.19282293008353565,0,0.19282293008353565,False
a55d6a-0-564d29c9e351,FINAL_APPROACH,FINAL_APPROACH,0.3057360985706188,0,0.3057360985706188,False
a7a8ed-0-56762151471e,FINAL_APPROACH,FINAL_APPROACH,0.24785057453233064,0,0.24785057453233064,False
ab1122-0-1acdd228e1a4,FINAL_APPROACH,FINAL_APPROACH,0.16482634427054338,0,0.16482634427054338,False
a22648-0-72cfca1d28cb,FINAL_APPROACH,FINAL_APPROACH,0.4084329926155808,0,0.4084329926155808,False
a6e07f-0-2442e702f191,FINAL_APPROACH,FINAL_APPROACH,0.15465779428460594,0,0.15465779428460594,False
a4a850-0-345f613e3be2,FINAL_APPROACH,FINAL_APPROACH,0.22446285746737463,0,0.22446285746737463,False
a0f60d-0-546297d4f066,FINAL_APPROACH,FINAL_APPROACH,0.0,0,0.0,False
a7753f-0-9f1f962e61fe,FINAL_APPROACH,FINAL_APPROACH,0.4557950679947344,0,0.4557950679947344,False
ac2bd5-0-ed5ebe84e997,FINAL_APPROACH,FINAL_APPROACH,0.28638722453889986,0,0.28638722453889986,False
a63774-0-e301ad7d7b25,FINAL_APPROACH,FINAL_APPROACH,0.29849786952488455,0,0.29849786952488455,False
a65426-0-193257303aba,FINAL_APPROACH,FINAL_APPROACH,0.0,0,0.0,False
a2e1c3-0-97947f0090c3,FINAL_APPROACH,FINAL_APPROACH,0.8706180464310775,0,0.8706180464310775,False
a88f1b-0-8af8201e3745,FINAL_APPROACH,FINAL_APPROACH,0.2089929644842456,0,0.2089929644842456,False
a305aa-0-30df3b431a1c,FINAL_APPROACH,FINAL_APPROACH,0.11050640177566581,0,0.11050640177566581,False
a956b4-0-7c2a2ea99871,FINAL_APPROACH,FINAL_APPROACH,0.3214187919618599,0,0.3214187919618599,False
ab7cd3-0-7f57ab81066d,FINAL_APPROACH,FINAL_APPROACH,0.0,0,0.0,False
a01b04-0-f302f9dd43b4,FINAL_APPROACH,FINAL_APPROACH,0.501422524464055,0,0.501422524464055,False
ac119d-0-15a0226db1fb,FINAL_APPROACH,FINAL_APPROACH,0.5338212226310125,0,0.5338212226310125,False
a94af1-0-d4d008b7c3f1,FINAL_APPROACH,FINAL_APPROACH,0.4424176294154255,0,0.4424176294154255,False
a06408-0-6edb9abc29ec,FINAL_APPROACH,FINAL_APPROACH,0.9839691139609378,0,0.9839691139609378,False
ada4fb-0-254b2c310b3c,FINAL_APPROACH,FINAL_APPROACH,0.0,0,0.0,False
a9973b-0-c324d4b9967d,FINAL_APPROACH,FINAL_APPROACH,0.4129429198137774,0,0.4129429198137774,False
a9538f-0-386f89feee73,FINAL_APPROACH,FINAL_APPROACH,0.3274072631742071,0,0.3274072631742071,False
a542d7-0-a09bb0d31c93,FINAL_APPROACH,FINAL_APPROACH,0.15349690708279226,0,0.15349690708279226,False
aabe70-0-6515d6bb007a,FINAL_APPROACH,FINAL_APPROACH,0.0,0,0.0,False
aa1b22-0-bb6dcd48abc2,FINAL_APPROACH,FINAL_APPROACH,0.0,0,0.0,False
a6e342-0-4f7d3a01a3d1,FINAL_APPROACH,FINAL_APPROACH,0.27690064207870185,0,0.27690064207870185,False
accd18-0-8ed25d4aa7c8,FINAL_APPROACH,FINAL_APPROACH,0.18823579244979524,0,0.18823579244979524,False
a25f37-0-73d202001f2a,FINAL_APPROACH,FINAL_APPROACH,0.5096476246758745,0,0.5096476246758745,False
a5477c-0-4dff9739d88a,FINAL_APPROACH,FINAL_APPROACH,0.2944189619933775,0,0.2944189619933775,False
a91616-0-193f4d60b82a,FINAL_APPROACH,FINAL_APPROACH,0.2218816917355206,0,0.2218816917355206,False
a7de93-0-f30140c7001d,FINAL_APPROACH,FINAL_APPROACH,0.22382340990486105,0,0.22382340990486105,False
a0f44c-0-63d75358284b,FINAL_APPROACH,FINAL_APPROACH,0.14689332774643954,0,0.14689332774643954,False
a02a0d-0-88e05fde0765,FINAL_APPROACH,FINAL_APPROACH,0.5386685363260898,0,0.5386685363260898,False
a62e37-0-c9ea49244c5c,FINAL_APPROACH,FINAL_APPROACH,0.37282011251190844,0,0.37282011251190844,False
a4cacb-0-9993808fdc49,FINAL_APPROACH,FINAL_APPROACH,0.2030814574637838,0,0.2030814574637838,False
a21ba0-0-e8a588d02e0d,FINAL_APPROACH,FINAL_APPROACH,0.11929969202260106,0,0.11929969202260106,False
ab73ca-0-dd3ef2563601,FINAL_APPROACH,HOLDING_LOCAL,0.7101266506204699,0,1.0145973732545253,True
a4c7ad-0-0a244191f7a8,FINAL_APPROACH,FINAL_APPROACH,0.0,0,0.0,False
ab7394-0-909db9976c98,FINAL_APPROACH,FINAL_APPROACH,0.0,0,0.0,False
a6fc80-0-f18564a109d1,FINAL_APPROACH,FINAL_APPROACH,0.2474940569123863,0,0.2474940569123863,False
a438cb-0-3fbf4574e76b,FINAL_APPROACH,FINAL_APPROACH,0.2576090794193599,0,0.2576090794193599,False
a3813b-0-261abfa7ea02,FINAL_APPROACH,FINAL_APPROACH,0.14336458927527293,0,0.14336458927527293,False
adc7bd-0-bfb8efe5de2f,FINAL_APPROACH,FINAL_APPROACH,0.0,0,0.0,False
aa08a1-0-0d0fff623216,FINAL_APPROACH,FINAL_APPROACH,0.0,0,0.0,False
a6e342-0-a84909cab979,FINAL_APPROACH,FINAL_APPROACH,0.0,0,0.0,False
a26c93-0-fe8fcde5a85d,FINAL_APPROACH,FINAL_APPROACH,0.6767144002186334,0,0.6767144002186334,False
ac6f41-0-32227e7b42f4,FINAL_APPROACH,FINAL_APPROACH,0.2879400709935218,0,0.2879400709935218,False
abb54f-0-70eeaa21e456,FINAL_APPROACH,FINAL_APPROACH,0.4373183946394088,0,0.4373183946394088,False
a3b3df-0-63897eee999b,FINAL_APPROACH,HOLDING_LOCAL,0.26739176062300724,0,0.6576489780607526,False
a963f7-0-1f0c74ea6a2f,FINAL_APPROACH,FINAL_APPROACH,0.0,0,0.0,False
a45807-0-a2b87c15100c,FINAL_APPROACH,FINAL_APPROACH,0.27038439894671407,0,0.27038439894671407,False
a9d599-0-d1849f9161a1,FINAL_APPROACH,FINAL_APPROACH,0.0,0,0.0,False
a8f6ef-0-1b4d3c13003d,FINAL_APPROACH,FINAL_APPROACH,0.1858416961029218,0,0.1858416961029218,False
a3cc82-0-296ef151ee65,FINAL_APPROACH,FINAL_APPROACH,0.443494945824598,0,0.443494945824598,False
a35727-0-4e2cd3e38632,FINAL_APPROACH,FINAL_APPROACH,0.2767572048520662,0,0.2767572048520662,False
aa078e-0-736f6dce4211,FINAL_APPROACH,FINAL_APPROACH,0.24784289001466409,0,0.24784289001466409,False
a16162-0-be3c957c6905,FINAL_APPROACH,FINAL_APPROACH,0.5066392913377301,0,0.5066392913377301,False
a6875a-0-8987df9b5d96,FINAL_APPROACH,FINAL_APPROACH,0.2794876145874361,0,0.2794876145874361,False
a213db-0-74a7c39ba42b,FINAL_APPROACH,FINAL_APPROACH,0.43958226374134235,0,0.43958226374134235,False
a50728-0-e7a4ffa2cca8,FINAL_APPROACH,FINAL_APPROACH,0.0,0,0.0,False
a690bf-0-8433c0e61185,FINAL_APPROACH,FINAL_APPROACH,0.0,0,0.0,False
a75c48-0-22fc34e63729,FINAL_APPROACH,FINAL_APPROACH,0.32335579280628207,0,0.32335579280628207,False
a55d6a-0-b55584fadd64,FINAL_APPROACH,FINAL_APPROACH,2.5992982568322966e-17,0,2.5992982568322966e-17,False
a0296b-0-c3399fa3b1bc,FINAL_APPROACH,FINAL_APPROACH,0.5862772475286774,0,0.5862772475286774,False
adbdc9-0-7b408ae3a372,FINAL_APPROACH,FINAL_APPROACH,0.0,0,0.0,False
ab181c-0-22a33f1a0a14,FINAL_APPROACH,FINAL_APPROACH,0.16463602354751938,0,0.16463602354751938,False
aa5990-0-d2bd011493d5,FINAL_APPROACH,FINAL_APPROACH,0.25082835224867855,0,0.25082835224867855,False
ab9387-0-a3f49a98fd1e,FINAL_APPROACH,FINAL_APPROACH,0.4722518149010085,0,0.4722518149010085,False
a36713-0-9bee24126205,FINAL_APPROACH,FINAL_APPROACH,0.5105512844321126,0,0.5105512844321126,False
ab35d3-0-4c59110c47a2,FINAL_APPROACH,FINAL_APPROACH,0.2179695047444538,0,0.2179695047444538,False
adca6f-0-e3c1eac595fb,FINAL_APPROACH,FINAL_APPROACH,0.647886921068431,0,0.647886921068431,False
a728f0-0-728c70b53336,FINAL_APPROACH,FINAL_APPROACH,0.21881729396307406,0,0.21881729396307406,False
ab6d9e-0-ed2ce3561ec8,FINAL_APPROACH,FINAL_APPROACH,0.3520490914184356,0,0.3520490914184356,False
a53f90-0-7ad44ca82870,FINAL_APPROACH,FINAL_APPROACH,0.2715742304039595,0,0.2715742304039595,False
a1d2d1-0-b9b5a3ea91e0,FINAL_APPROACH,HOLDING_LOCAL,0.7076907696269248,0,1.0158018062165206,True
a5198c-0-ff0eba2b491a,FINAL_APPROACH,HOLDING_LOCAL,0.7771023901621351,0,0.7823473718007339,False
a8d5db-0-aba9ce7a28e5,FINAL_APPROACH,FINAL_APPROACH,0.0,0,0.0,False
a8f9a3-0-4a188d7c4b07,FINAL_APPROACH,FINAL_APPROACH,0.29124785011011806,0,0.29124785011011806,False
a92145-0-595cec22e59d,FINAL_APPROACH,FINAL_APPROACH,0.17555182709417827,0,0.17555182709417827,False
a6dd23-0-fe13736913b6,FINAL_APPROACH,FINAL_APPROACH,0.3674886622746541,0,0.3674886622746541,False
a36105-0-4c2aca678b15,FINAL_APPROACH,FINAL_APPROACH,0.0,0,0.0,False
a388a9-0-b10c06d4327c,FINAL_APPROACH,FINAL_APPROACH,0.06542950955852547,0,0.06542950955852547,False
a9ec68-0-c59a4645ef05,FINAL_APPROACH,FINAL_APPROACH,0.34036818859534823,0,0.34036818859534823,False
a897e5-0-fea7f5f98ad3,FINAL_APPROACH,FINAL_APPROACH,0.2479471660124796,0,0.2479471660124796,False
a6fc80-0-8f253f4fd2e5,FINAL_APPROACH,HOLDING_LOCAL,0.3777410473617738,0,0.7628862948196952,False
a8d635-0-f88199719030,FINAL_APPROACH,FINAL_APPROACH,0.21648646464794175,0,0.21648646464794175,False
ab20bc-0-ab37f4f3ac30,FINAL_APPROACH,FINAL_APPROACH,0.1662732659231198,0,0.1662732659231198,False
ac66d5-0-a961a2803ead,FINAL_APPROACH,FINAL_APPROACH,0.27874011566636736,0,0.27874011566636736,False
a4a0b4-0-2e32bfae5c52,FINAL_APPROACH,FINAL_APPROACH,0.17815735513384073,0,0.17815735513384073,False
acc15d-0-b0ee92c02df0,FINAL_APPROACH,FINAL_APPROACH,0.2728683607080148,0,0.2728683607080148,False
a1c6b1-0-6be0952530ce,FINAL_APPROACH,DEPARTURE,0.5547539604075369,0,1.1131676737398835,True
a542d7-0-ad5718c3d814,FINAL_APPROACH,FINAL_APPROACH,0.4819262148055315,0,0.4819262148055315,False
a42f04-0-4aef403bc739,FINAL_APPROACH,FINAL_APPROACH,0.26137665667701876,0,0.26137665667701876,False
a423d7-0-798afc0f2aa5,FINAL_APPROACH,HOLDING_LOCAL,0.28985373846652507,0,1.7817681403816505,True
a48ac4-0-f7ddabdf7731,FINAL_APPROACH,FINAL_APPROACH,0.34581410437345417,0,0.34581410437345417,False
780a3d-0-7305b5378253,FINAL_APPROACH,FINAL_APPROACH,0.27623146026157114,0,0.27623146026157114,False
ac98c1-0-fa72c96e48e2,FINAL_APPROACH,FINAL_APPROACH,0.21891175860129528,0,0.21891175860129528,False
ac668d-0-a8a01092e5d7,FINAL_APPROACH,HOLDING_LOCAL,0.47442415280073014,0,1.84925765894993,True
a3fb63-0-0290e0c5cf87,FINAL_APPROACH,FINAL_APPROACH,0.17119876269988313,0,0.17119876269988313,False
aa988a-0-eee62a44102d,FINAL_APPROACH,FINAL_APPROACH,0.3729509370232649,0,0.3729509370232649,False
ab34ea-0-e9992a06b67f,FINAL_APPROACH,FINAL_APPROACH,0.13952085923254468,0,0.13952085923254468,False
a69feb-0-1b1b71a8fe61,FINAL_APPROACH,FINAL_APPROACH,0.341910257004968,0,0.341910257004968,False
ab4bf7-0-53742b9f4d7e,FINAL_APPROACH,FINAL_APPROACH,0.11028612975510618,0,0.11028612975510618,False
a55d6a-0-eaa3ff823abf,FINAL_APPROACH,FINAL_APPROACH,0.40438373007561734,0,0.40438373007561734,False
aac919-0-48518028628b,FINAL_APPROACH,FINAL_APPROACH,0.0,0,0.0,False
a7dadc-0-496e4b5d6346,FINAL_APPROACH,FINAL_APPROACH,0.0,0,0.0,False
aa056b-0-007ed95f891a,FINAL_APPROACH,FINAL_APPROACH,0.25193250173480924,0,0.25193250173480924,False
a47597-0-a8447b46bc8c,FINAL_APPROACH,HOLDING_LOCAL,0.7097191118941543,0,1.1677283635200555,True
a84f0f-0-213b85f560f5,FINAL_APPROACH,FINAL_APPROACH,0.31708529112173983,0,0.31708529112173983,False
a3a7e1-0-e103954272a2,FINAL_APPROACH,FINAL_APPROACH,0.35731678879778284,0,0.35731678879778284,False
a1bcfd-0-3865d0d95478,FINAL_APPROACH,FINAL_APPROACH,0.2162316640691459,0,0.2162316640691459,False
a01a2e-0-75b04e3248aa,FINAL_APPROACH,FINAL_APPROACH,6.4982456420807415e-18,0,6.4982456420807415e-18,False
a90799-0-1c49a66cbd6f,FINAL_APPROACH,FINAL_APPROACH,0.21810922716941467,0,0.21810922716941467,False
a6f35c-0-a0a1f6311a50,FINAL_APPROACH,FINAL_APPROACH,0.7563993693260178,0,0.7563993693260178,False
ae0e47-0-e8598726f48c,FINAL_APPROACH,FINAL_APPROACH,0.20743675295180647,0,0.20743675295180647,False
a8e279-0-60e4dd0efc74,FINAL_APPROACH,HOLDING_LOCAL,0.240737572329706,0,0.6287971901104925,False
abbd73-0-4a1ca1cf0a05,FINAL_APPROACH,FINAL_APPROACH,0.0,0,0.0,False
acfc05-0-7070c323e5fa,FINAL_APPROACH,FINAL_APPROACH,0.0,0,0.0,False
ac6645-0-6fc57d98fb99,FINAL_APPROACH,FINAL_APPROACH,0.14573490458879362,0,0.14573490458879362,False
a84dd1-0-e5baec7d5c78,FINAL_APPROACH,FINAL_APPROACH,0.24488056852088894,0,0.24488056852088894,False
a6e07f-0-1c7b88fe996d,FINAL_APPROACH,FINAL_APPROACH,0.2890788740486804,0,0.2890788740486804,False
a17c12-0-9cd639bcfc8d,FINAL_APPROACH,FINAL_APPROACH,0.2667816267204541,0,0.2667816267204541,False
ab4fae-0-eb07c3eafd2d,FINAL_APPROACH,FINAL_APPROACH,0.2580772631132807,0,0.2580772631132807,False
a3d87d-0-32e5edb8a588,FINAL_APPROACH,FINAL_APPROACH,0.16386237088750352,0,0.16386237088750352,False
adb2a4-0-5dcc8c314dd4,FINAL_APPROACH,FINAL_APPROACH,0.11107604923618533,0,0.11107604923618533,False
a55d6a-0-6d2d0be81e15,FINAL_APPROACH,HOLDING_LOCAL,1.1637707197267735,-1,1.4566338560931245,True
a6dadb-0-8d7ad396963c,FINAL_APPROACH,FINAL_APPROACH,0.3886454541211611,0,0.3886454541211611,False
a02a0d-0-38289d0d7375,FINAL_APPROACH,FINAL_APPROACH,0.27360471975306544,0,0.27360471975306544,False
a8def1-0-d52f82bf0d82,FINAL_APPROACH,HOLDING_LOCAL,0.6223637207773308,0,0.8173880669970857,False
a26c9f-0-72f50b39d124,FINAL_APPROACH,FINAL_APPROACH,0.2991447196975186,0,0.2991447196975186,False
a46e28-0-d5723af1e82e,FINAL_APPROACH,FINAL_APPROACH,0.0,0,0.0,False
a68541-0-e495a5bc1b27,FINAL_APPROACH,FINAL_APPROACH,0.32664622356083006,0,0.32664622356083006,False
abe1c2-0-bf3c1c81b416,FINAL_APPROACH,FINAL_APPROACH,0.2561738912613342,0,0.2561738912613342,False
adc7bd-0-8ead642edfae,FINAL_APPROACH,DEPARTURE,0.7523470572550247,0,0.7792545222699989,False
a06408-0-5953027c7bac,FINAL_APPROACH,HOLDING_LOCAL,0.6304011602305084,0,0.6569217451855761,False
a30bf7-0-1bb4b448e67a,FINAL_APPROACH,FINAL_APPROACH,0.3829409349597564,0,0.3829409349597564,False
a46304-0-1ce6d48c5d4a,FINAL_APPROACH,FINAL_APPROACH,0.3169022428698832,0,0.3169022428698832,False
a96c96-0-7d519e7b0a3f,FINAL_APPROACH,FINAL_APPROACH,0.2503981040605677,0,0.2503981040605677,False
a30bf7-0-0f53661cc40d,FINAL_APPROACH,HOLDING_LOCAL,0.2523312854715513,0,0.5608380408021103,False
a365b7-0-eea1e58dea3c,FINAL_APPROACH,FINAL_APPROACH,0.09476602469296296,0,0.09476602469296296,False
a3dffe-0-ac8f0128a6e5,FINAL_APPROACH,FINAL_APPROACH,0.15106668322442063,0,0.15106668322442063,False
a6e9cd-0-866f7c4a5de3,FINAL_APPROACH,FINAL_APPROACH,0.4311081873817539,0,0.4311081873817539,False
a03ef7-0-94192911c38b,FINAL_APPROACH,FINAL_APPROACH,0.0,0,0.0,False
ac6f41-0-285681bb5e99,FINAL_APPROACH,FINAL_APPROACH,0.4382525012759253,0,0.4382525012759253,False
a30bf7-0-2520ea1b69eb,FINAL_APPROACH,FINAL_APPROACH,0.274182617231251,0,0.274182617231251,False
a7e47d-0-f286ab6499a4,FINAL_APPROACH,DEPARTURE,0.49968691544526367,0,1.3849696582047868,True
a1f2e5-0-98deaba811af,FINAL_APPROACH,FINAL_APPROACH,0.5274251383587847,0,0.5274251383587847,False
a55d6a-0-fd4f30b9e3b8,FINAL_APPROACH,FINAL_APPROACH,0.262996515565472,0,0.262996515565472,False
a48e7b-0-28bce8e0b129,FINAL_APPROACH,FINAL_APPROACH,0.2536990688407451,0,0.2536990688407451,False
a690bf-0-d90f82643e40,FINAL_APPROACH,FINAL_APPROACH,0.2421749600916381,0,0.2421749600916381,False
aba8eb-0-fe51086acb5a,FINAL_APPROACH,FINAL_APPROACH,0.3603897562702773,0,0.3603897562702773,False
a53cf6-0-e1b22cbb063c,FINAL_APPROACH,FINAL_APPROACH,0.3053426834682975,0,0.3053426834682975,False
a098c8-0-1485199ea383,FINAL_APPROACH,FINAL_APPROACH,0.500848831800779,0,0.500848831800779,False
ab2408-0-645729c64082,FINAL_APPROACH,FINAL_APPROACH,0.22453067419992875,0,0.22453067419992875,False
a33339-0-df3a6a50f8e9,FINAL_APPROACH,FINAL_APPROACH,0.2722004315075713,0,0.2722004315075713,False
a380ef-0-16c4513fa657,FINAL_APPROACH,FINAL_APPROACH,0.32476526043662063,0,0.32476526043662063,False
a287ef-0-42c8f9e43a78,FINAL_APPROACH,FINAL_APPROACH,0.6461023585825268,0,0.6461023585825268,False
a89f80-0-af7c9daaad50,FINAL_APPROACH,HOLDING_LOCAL,0.4679750623113539,0,1.1384314960033166,True
a427e3-0-a26fc67f3db9,FINAL_APPROACH,FINAL_APPROACH,0.5279366468375387,0,0.5279366468375387,False
ac6b50-0-6e58a43c28d1,FINAL_APPROACH,FINAL_APPROACH,0.8501636586245219,0,0.8501636586245219,False
a55d6a-0-5b4422a816b6,FINAL_APPROACH,FINAL_APPROACH,0.0,0,0.0,False
a8e279-0-4e8464082b14,FINAL_APPROACH,FINAL_APPROACH,0.34865494007226544,0,0.34865494007226544,False
a65426-0-2548b40ad050,FINAL_APPROACH,FINAL_APPROACH,0.0,0,0.0,False
a47597-0-da7d1b73a44c,FINAL_APPROACH,FINAL_APPROACH,0.20197577056319937,0,0.20197577056319937,False
a1b7a9-0-8027a28a3e4b,FINAL_APPROACH,HOLDING_LOCAL,0.8977781019021118,0,1.0357918665144745,True
ab94ab-0-aee80bb38faa,FINAL_APPROACH,HOLDING_LOCAL,0.4839783855153052,0,0.9915617415298779,False
ac76f2-0-a44ea573fa53,FINAL_APPROACH,FINAL_APPROACH,0.2007817082204064,0,0.2007817082204064,False
a34b15-0-fb61e6234c87,FINAL_APPROACH,FINAL_APPROACH,0.3041995272583166,0,0.3041995272583166,False
a6fc80-0-402ce4495b02,FINAL_APPROACH,FINAL_APPROACH,0.3128690999751333,0,0.3128690999751333,False
a46e28-0-c6335c749636,FINAL_APPROACH,FINAL_APPROACH,0.28111644080475445,0,0.28111644080475445,False
a55d6a-0-6f4bc465657b,FINAL_APPROACH,FINAL_APPROACH,0.47477678948558866,0,0.47477678948558866,False
a88f1b-0-195bf5b7eff3,FINAL_APPROACH,HOLDING_LOCAL,0.8003724021140273,0,1.30066907471976,True
a46e6a-0-058e8ac4d90e,FINAL_APPROACH,FINAL_APPROACH,0.1764765761443784,0,0.1764765761443784,False
ab2ae0-0-27c02f09abae,FINAL_APPROACH,FINAL_APPROACH,0.24698871526308913,0,0.24698871526308913,False
a4cacb-0-ed71960c80cd,FINAL_APPROACH,FINAL_APPROACH,0.2478389401346526,0,0.2478389401346526,False
a9bc8a-0-40c1b4489c3c,FINAL_APPROACH,FINAL_APPROACH,0.3342888300338794,0,0.3342888300338794,False
ad3098-0-c16e2386f09a,FINAL_APPROACH,FINAL_APPROACH,0.0,0,0.0,False
3c4592-0-0b509d54d0de,FINAL_APPROACH,FINAL_APPROACH,0.36358841795474794,0,0.36358841795474794,False
abc29a-0-beb38b2a2d6d,FINAL_APPROACH,FINAL_APPROACH,0.0,0,0.0,False
a06408-0-cf0ec022c961,FINAL_APPROACH,FINAL_APPROACH,0.4281917372569773,0,0.4281917372569773,False
a65426-0-cab6f2126db1,FINAL_APPROACH,FINAL_APPROACH,0.34621795520840337,0,0.34621795520840337,False
a719c9-0-90cdc6a57269,FINAL_APPROACH,FINAL_APPROACH,0.48756089438622213,0,0.48756089438622213,False
a49331-0-89f571029d1d,FINAL_APPROACH,FINAL_APPROACH,0.3733257777521099,0,0.3733257777521099,False
aaad9c-0-c11c1619871a,FINAL_APPROACH,FINAL_APPROACH,0.23831907224445598,0,0.23831907224445598,False
a3e011-0-ac9948e71c3b,FINAL_APPROACH,FINAL_APPROACH,0.0,0,0.0,False
a3fb6f-0-45f2c1d6f9fb,FINAL_APPROACH,FINAL_APPROACH,0.2439596452998341,0,0.2439596452998341,False
a47597-0-1a2b9171f62f,FINAL_APPROACH,HOLDING_LOCAL,0.17687184471735987,0,1.4849282055984967,True
a427e3-0-83275f718e07,FINAL_APPROACH,FINAL_APPROACH,0.4308130320573952,0,0.4308130320573952,False
a34a9d-0-28a3433d28e6,FINAL_APPROACH,FINAL_APPROACH,0.2341686619203273,0,0.2341686619203273,False
a797b4-0-107d012e4638,FINAL_APPROACH,FINAL_APPROACH,0.30992564362921454,0,0.30992564362921454,False
a4c708-0-ac3fe9c43d77,FINAL_APPROACH,FINAL_APPROACH,0.20601859920025734,0,0.20601859920025734,False
a02a0d-0-d4da31ddf104,FINAL_APPROACH,FINAL_APPROACH,0.49204350629879445,0,0.49204350629879445,False
a70d25-0-d91df12fd491,FINAL_APPROACH,FINAL_APPROACH,0.32521505849896976,0,0.32521505849896976,False
a850dc-0-a7a78c3f6453,FINAL_APPROACH,FINAL_APPROACH,0.13321017699320079,0,0.13321017699320079,False
a2107b-0-b3d6c7db3ba8,FINAL_APPROACH,HOLDING_LOCAL,0.43843994087863564,0,1.3351490155548746,True
a9360e-0-264242e5b7da,FINAL_APPROACH,FINAL_APPROACH,0.3504729472411802,0,0.3504729472411802,False
a6778d-0-8042bb966d21,FINAL_APPROACH,FINAL_APPROACH,0.3093432723276127,0,0.3093432723276127,False
a4eaf7-0-243a0f053890,FINAL_APPROACH,FINAL_APPROACH,0.8676491990154351,0,0.8676491990154351,False
a7e023-0-9fdbafa9ec1e,FINAL_APPROACH,FINAL_APPROACH,0.6927926609171668,0,0.6927926609171668,False
a56bcd-0-52387315c4da,FINAL_APPROACH,FINAL_APPROACH,0.3821392348784448,0,0.3821392348784448,False
aac5ea-0-df3a73eefeda,FINAL_APPROACH,FINAL_APPROACH,0.3919453064369515,0,0.3919453064369515,False
a6e342-0-19a57bc32ed6,FINAL_APPROACH,FINAL_APPROACH,0.4206391875941401,0,0.4206391875941401,False
a55914-0-a3981ff19094,FINAL_APPROACH,FINAL_APPROACH,0.6299930336691684,0,0.6299930336691684,False
a7a73c-0-3723fb45778c,FINAL_APPROACH,FINAL_APPROACH,0.2954837310577454,0,0.2954837310577454,False
484370-0-6cf3875d93eb,FINAL_APPROACH,FINAL_APPROACH,0.0,0,0.0,False
a30bf7-0-52ffce09839d,FINAL_APPROACH,FINAL_APPROACH,0.30349247877714375,0,0.30349247877714375,False
a87e4f-0-d2d5f76e800f,FINAL_APPROACH,FINAL_APPROACH,0.39807456106582517,0,0.39807456106582517,False
a375f1-0-d71845f5eda4,FINAL_APPROACH,FINAL_APPROACH,0.2762343550217836,0,0.2762343550217836,False
ac8009-0-11254bc46387,FINAL_APPROACH,FINAL_APPROACH,0.16941774236300253,0,0.16941774236300253,False
ae09a2-0-ab0d03dff2d7,FINAL_APPROACH,FINAL_APPROACH,0.510191541396689,0,0.510191541396689,False
ac3110-0-89183e2852c3,FINAL_APPROACH,FINAL_APPROACH,0.0,0,0.0,False
a6e342-0-9adff4165151,FINAL_APPROACH,FINAL_APPROACH,0.23460623894382143,0,0.23460623894382143,False
aaee43-0-86674c2334ac,FINAL_APPROACH,FINAL_APPROACH,0.6606859239648679,0,0.6606859239648679,False
a45c62-0-7253ebb297bc,FINAL_APPROACH,FINAL_APPROACH,0.4665377330328421,0,0.4665377330328421,False
a91a0e-0-e055c0617ecf,FINAL_APPROACH,FINAL_APPROACH,0.2713054972157504,0,0.2713054972157504,False
a66d5e-0-75f3f331f29d,FINAL_APPROACH,FINAL_APPROACH,0.0,0,0.0,False
adb6f1-0-90f471ace93d,FINAL_APPROACH,FINAL_APPROACH,0.0,0,0.0,False
abd50f-0-49dcd88c6431,FINAL_APPROACH,HOLDING_LOCAL,0.29378868648934503,0,1.4195710197738216,True
a6e9cd-0-49fbe65c64fc,FINAL_APPROACH,FINAL_APPROACH,0.43214069038234343,0,0.43214069038234343,False
a01b04-0-e9d00b96def5,FINAL_APPROACH,FINAL_APPROACH,0.5451393085999593,0,0.5451393085999593,False
ac0c41-0-e79477db088b,FINAL_APPROACH,FINAL_APPROACH,0.0,0,0.0,False
a01b04-0-1446179b495e,FINAL_APPROACH,FINAL_APPROACH,0.38365857717587404,0,0.38365857717587404,False
abcf2f-0-c97af9ae5967,FINAL_APPROACH,FINAL_APPROACH,0.21652584980135872,0,0.21652584980135872,False
aa5990-0-031c7932c7c2,FINAL_APPROACH,FINAL_APPROACH,0.0,0,0.0,False
ad21bc-0-8fe8c065fc5c,FINAL_APPROACH,FINAL_APPROACH,0.1383666704111765,0,0.1383666704111765,False
a16177-0-724ff8e0716e,FINAL_APPROACH,FINAL_APPROACH,0.31357208453037805,0,0.31357208453037805,False
a42f04-0-4ffc09589809,FINAL_APPROACH,FINAL_APPROACH,0.5840193142631697,0,0.5840193142631697,False
a63ef2-0-8d272f7d24e4,FINAL_APPROACH,FINAL_APPROACH,0.3865303206753961,0,0.3865303206753961,False
ab4fae-0-c609f7f46506,FINAL_APPROACH,FINAL_APPROACH,0.3461342566808848,0,0.3461342566808848,False
a60cf5-0-dafed824f788,FINAL_APPROACH,HOLDING_LOCAL,0.6543455156303564,0,1.7432317682823935,True
a3f4ea-0-22f25b7ade49,FINAL_APPROACH,FINAL_APPROACH,0.15623141849555813,0,0.15623141849555813,False
a75c48-0-abe3a52e3f11,FINAL_APPROACH,FINAL_APPROACH,0.39779044385182405,0,0.39779044385182405,False
a30bf7-0-4168aff5f860,FINAL_APPROACH,FINAL_APPROACH,0.0,0,0.0,False
a71f1f-0-b479df19877c,FINAL_APPROACH,FINAL_APPROACH,0.0,0,0.0,False
71c076-0-719aaf49689c,FINAL_APPROACH,FINAL_APPROACH,0.31244562850215424,0,0.31244562850215424,False
a9ecdf-0-eb351c835698,FINAL_APPROACH,FINAL_APPROACH,0.5014773691566367,0,0.5014773691566367,False
a1fc3b-0-006672847a97,FINAL_APPROACH,FINAL_APPROACH,0.0,0,0.0,False
ac66d5-0-327355a2fce4,FINAL_APPROACH,FINAL_APPROACH,0.1824182710281393,0,0.1824182710281393,False
ada526-0-caea192ec7fd,FINAL_APPROACH,FINAL_APPROACH,0.0,0,0.0,False
ace9ba-0-a4f05737996f,FINAL_APPROACH,FINAL_APPROACH,0.1276612302220649,0,0.1276612302220649,False
a0d6a8-0-c2f032ca2be4,FINAL_APPROACH,FINAL_APPROACH,0.16511038179909784,0,0.16511038179909784,False
ab3d41-0-18becff4e6ff,FINAL_APPROACH,FINAL_APPROACH,0.18125924985977648,0,0.18125924985977648,False
a26c93-0-06618b388fc0,FINAL_APPROACH,FINAL_APPROACH,0.0,0,0.0,False
a63ef2-0-5ce16c89356a,FINAL_APPROACH,FINAL_APPROACH,0.5634364212783459,0,0.5634364212783459,False
a6c1dc-0-947e6d7e892f,FINAL_APPROACH,DEPARTURE,0.649320772858431,0,1.4681755548514894,True
a47d11-0-9f56193d499e,FINAL_APPROACH,FINAL_APPROACH,0.06667756398354563,0,0.06667756398354563,False
8966d4-0-2f41f1bf6445,FINAL_APPROACH,FINAL_APPROACH,0.18698848221110195,0,0.18698848221110195,False
a3fb6f-0-8d3c0fe71860,FINAL_APPROACH,FINAL_APPROACH,0.0,0,0.0,False
a21678-0-0fc6bc260a20,FINAL_APPROACH,FINAL_APPROACH,0.34265059133307046,0,0.34265059133307046,False
a9aabb-0-fa2fcf786f80,FINAL_APPROACH,FINAL_APPROACH,0.3026283896661993,0,0.3026283896661993,False
a02a0d-0-95503d2e2505,FINAL_APPROACH,FINAL_APPROACH,0.46824804586494573,0,0.46824804586494573,False
a21142-0-53c0c5616a6a,FINAL_APPROACH,FINAL_APPROACH,0.1777232668172501,0,0.1777232668172501,False
aabd54-0-4d8514744efe,FINAL_APPROACH,FINAL_APPROACH,0.6266977145687163,0,0.6266977145687163,False
a0f60d-0-2099ca8adef5,FINAL_APPROACH,FINAL_APPROACH,0.400727219379862,0,0.400727219379862,False
4bb1a5-0-80d1131a923a,FINAL_APPROACH,FINAL_APPROACH,0.0,0,0.0,False
a6e342-0-10014497b495,FINAL_APPROACH,FINAL_APPROACH,0.43368930020899915,0,0.43368930020899915,False
a1afa2-0-14931f7e4a4e,FINAL_APPROACH,FINAL_APPROACH,0.0,0,0.0,False
a9df64-0-9764e3a5f77b,FINAL_APPROACH,FINAL_APPROACH,0.33501214369712445,0,0.33501214369712445,False
abd57e-0-ec20a81e015a,FINAL_APPROACH,FINAL_APPROACH,0.17356877182735558,0,0.17356877182735558,False
a18eeb-0-c85515a95b6f,FINAL_APPROACH,FINAL_APPROACH,0.0,0,0.0,False
ab32ab-0-cc901d2b3b64,FINAL_APPROACH,FINAL_APPROACH,0.7276080744100718,0,0.7276080744100718,False
a75c48-0-3e5befa24640,FINAL_APPROACH,FINAL_APPROACH,0.34599413323890815,0,0.34599413323890815,False
a24ce0-0-78bb213f79be,FINAL_APPROACH,FINAL_APPROACH,4.3618672172783424e-16,0,4.3618672172783424e-16,False
aca548-0-4d52bf72885d,FINAL_APPROACH,FINAL_APPROACH,0.3505022549650449,0,0.3505022549650449,False
a7eca2-0-bac0358affc7,FINAL_APPROACH,FINAL_APPROACH,0.20992122132798494,0,0.20992122132798494,False
06a121-0-116977c440dd,FINAL_APPROACH,FINAL_APPROACH,0.24164479633397537,0,0.24164479633397537,False
ab5874-0-a5002b116b71,FINAL_APPROACH,FINAL_APPROACH,0.19470476589996097,0,0.19470476589996097,False
a20675-0-a5049908fbd2,FINAL_APPROACH,FINAL_APPROACH,0.407250641532708,0,0.407250641532708,False
a25678-0-9fca02c6d443,FINAL_APPROACH,HOLDING_LOCAL,0.42441839619829325,0,0.5628979308257722,False
a30bf7-0-4c630e8cf100,FINAL_APPROACH,FINAL_APPROACH,0.26659046760383565,0,0.26659046760383565,False
a33339-0-61984ad2c40f,FINAL_APPROACH,FINAL_APPROACH,0.1543935002844116,0,0.1543935002844116,False
a468d7-0-d2f5436ee43a,FINAL_APPROACH,FINAL_APPROACH,0.3430696487655258,0,0.3430696487655258,False
a95e5f-0-19d0919974b3,FINAL_APPROACH,HOLDING_LOCAL,0.26128204046493947,0,0.5176789133288171,False
ab6d9e-0-19721a490cac,FINAL_APPROACH,FINAL_APPROACH,0.701800359746934,0,0.701800359746934,False
a54f68-0-cc9ef8e54563,FINAL_APPROACH,FINAL_APPROACH,0.37063046361343716,0,0.37063046361343716,False
a0540a-0-603e89a23a6a,FINAL_APPROACH,FINAL_APPROACH,0.20608561574829456,0,0.20608561574829456,False
a67bd3-0-b48a3a2967fc,FINAL_APPROACH,FINAL_APPROACH,0.0972219846135908,0,0.0972219846135908,False
a438cb-0-21e6775a4f17,FINAL_APPROACH,FINAL_APPROACH,0.37989036670224846,0,0.37989036670224846,False
ac7aa9-0-7905b67813e1,FINAL_APPROACH,FINAL_APPROACH,0.3108418929076953,0,0.3108418929076953,False
a6e342-0-4cb39fee5826,FINAL_APPROACH,FINAL_APPROACH,0.3390143460329618,0,0.3390143460329618,False
a36713-0-1fe2a6e0b59d,FINAL_APPROACH,FINAL_APPROACH,0.0,0,0.0,False
a082a6-0-b589ef8390ef,FINAL_APPROACH,HOLDING_LOCAL,0.46878169851293167,0,0.5860539915899288,False
ad201e-0-97ee5b94f304,FINAL_APPROACH,FINAL_APPROACH,0.08780763399675497,0,0.08780763399675497,False
ab2408-0-f6f6e65ef83a,FINAL_APPROACH,FINAL_APPROACH,0.21871099791978904,0,0.21871099791978904,False
ac57f9-0-2e6c895282e1,FINAL_APPROACH,FINAL_APPROACH,0.263156696250849,0,0.263156696250849,False
a7eca2-0-12a9f3428f6f,FINAL_APPROACH,FINAL_APPROACH,0.2313109397466356,0,0.2313109397466356,False
a44e24-0-e6e8a1a46eb4,FINAL_APPROACH,FINAL_APPROACH,0.16775808479299567,0,0.16775808479299567,False
a47cd1-0-a253e8fe4f84,FINAL_APPROACH,FINAL_APPROACH,0.0,0,0.0,False
ab00d6-0-adefc89448d8,FINAL_APPROACH,FINAL_APPROACH,0.4321482266269842,0,0.4321482266269842,False
a5a648-0-102a7689ca01,FINAL_APPROACH,FINAL_APPROACH,0.35065942891500923,0,0.35065942891500923,False
a462c4-0-a41178d2de8d,FINAL_APPROACH,FINAL_APPROACH,0.26597841936862404,0,0.26597841936862404,False
ac6243-0-39b8a64f4c6a,FINAL_APPROACH,FINAL_APPROACH,0.31157420579060124,0,0.31157420579060124,False
a36713-0-d42a7036467e,FINAL_APPROACH,FINAL_APPROACH,0.28024764821109405,0,0.28024764821109405,False
a53ad7-0-c752e2e288bc,FINAL_APPROACH,FINAL_APPROACH,0.3905970378428879,0,0.3905970378428879,False
a4c838-0-9f47071d20e9,FINAL_APPROACH,FINAL_APPROACH,0.21231752398190626,0,0.21231752398190626,False
c03bfb-0-e02ac41b7259,FINAL_APPROACH,FINAL_APPROACH,0.0,0,0.0,False
a36105-0-ff5614f62a0c,FINAL_APPROACH,FINAL_APPROACH,0.20318312897762367,0,0.20318312897762367,False
a074d2-0-a1a7ed0e4025,FINAL_APPROACH,FINAL_APPROACH,0.17716120319325707,0,0.17716120319325707,False
ada16f-0-96ea05f71dea,FINAL_APPROACH,HOLDING_LOCAL,0.23020680542086466,0,0.6288798083513762,False
a45c62-0-5973772541ce,FINAL_APPROACH,FINAL_APPROACH,0.23133516073588523,0,0.23133516073588523,False
~2c079b-0-d6a2461790af,FINAL_APPROACH,FINAL_APPROACH,0.5556481107478562,0,0.5556481107478562,False
a6e07f-0-6301dd997cd6,FINAL_APPROACH,FINAL_APPROACH,0.2785288894799982,0,0.2785288894799982,False
a380ef-0-3350d65fce4f,FINAL_APPROACH,FINAL_APPROACH,0.30810349154075856,0,0.30810349154075856,False
a710bc-0-2682d4c57f1c,FINAL_APPROACH,FINAL_APPROACH,0.0,0,0.0,False
ad7f96-0-71792a692495,FINAL_APPROACH,FINAL_APPROACH,0.20057661732151366,0,0.20057661732151366,False
a227c0-0-454d31e2cf47,FINAL_APPROACH,FINAL_APPROACH,0.2731086422220046,0,0.2731086422220046,False
ad6d03-0-71bc9ed9a704,FINAL_APPROACH,FINAL_APPROACH,0.30458093653640606,0,0.30458093653640606,False
a44cda-0-4ee4b7ffe69b,FINAL_APPROACH,FINAL_APPROACH,0.0,0,0.0,False
a6a347-0-d9a27273c3c9,FINAL_APPROACH,FINAL_APPROACH,0.1736638730209097,0,0.1736638730209097,False
a19c2d-0-c38511364c2d,FINAL_APPROACH,FINAL_APPROACH,0.0,0,0.0,False
a4491f-0-63e224409691,FINAL_APPROACH,FINAL_APPROACH,0.25385989791296104,0,0.25385989791296104,False
a004ae-0-dbacfe05a9c1,FINAL_APPROACH,FINAL_APPROACH,0.0,0,0.0,False
a3a367-0-1ac917ac8eed,FINAL_APPROACH,FINAL_APPROACH,0.20945234028124707,0,0.20945234028124707,False
ac6d28-0-2dbfc0589002,FINAL_APPROACH,FINAL_APPROACH,0.3495399491784455,0,0.3495399491784455,False
a9d631-0-5a7c2f0db361,FINAL_APPROACH,FINAL_APPROACH,0.0,0,0.0,False
abe1c2-0-7d97ac79f91a,FINAL_APPROACH,FINAL_APPROACH,0.0,0,0.0,False
a94af1-0-2a4e7b509ac2,FINAL_APPROACH,FINAL_APPROACH,0.5451202059779,0,0.5451202059779,False
a0d11c-0-a7ac9badb547,FINAL_APPROACH,FINAL_APPROACH,0.0,0,0.0,False
a1b939-0-4c154ab06643,FINAL_APPROACH,FINAL_APPROACH,0.0,0,0.0,False
a3aca6-0-0af313d098af,FINAL_APPROACH,FINAL_APPROACH,0.5174916915314118,0,0.5174916915314118,False
a43b87-0-e9aa1c57f232,FINAL_APPROACH,DEPARTURE,0.6438267990842824,0,0.9126758967396099,False
a423d7-0-15862a69e3d9,FINAL_APPROACH,FINAL_APPROACH,0.14269493704353756,0,0.14269493704353756,False
ac481d-0-0f25617754fc,FINAL_APPROACH,FINAL_APPROACH,0.10738955736565776,0,0.10738955736565776,False
a1aa4e-0-2cdb24d7bc03,FINAL_APPROACH,FINAL_APPROACH,0.24882762458097943,0,0.24882762458097943,False
adccb0-0-9bb81834041c,FINAL_APPROACH,DEPARTURE,0.5053307060584451,0,1.281265346802937,True
a0f44c-0-e8a9b057da82,FINAL_APPROACH,FINAL_APPROACH,0.1776297433877794,0,0.1776297433877794,False
a19c2d-0-332ec949e355,FINAL_APPROACH,FINAL_APPROACH,0.2768520009480877,0,0.2768520009480877,False
a3e011-0-eb08b9d3da53,FINAL_APPROACH,FINAL_APPROACH,0.0,0,0.0,False
ac57f9-0-6bb43011b44b,FINAL_APPROACH,FINAL_APPROACH,0.0,0,0.0,False
a46304-0-107fee434f0d,FINAL_APPROACH,FINAL_APPROACH,0.2930485794153076,0,0.2930485794153076,False
ac2038-0-08371f21e798,FINAL_APPROACH,FINAL_APPROACH,0.0,0,0.0,False
a9d599-0-8447ec574f42,FINAL_APPROACH,FINAL_APPROACH,0.37723882874625575,0,0.37723882874625575,False
a8dc8c-0-e99b138706f8,FINAL_APPROACH,FINAL_APPROACH,0.21329550775096207,0,0.21329550775096207,False
ad63f7-0-40a225e8a6be,FINAL_APPROACH,FINAL_APPROACH,0.24194845918616942,0,0.24194845918616942,False
a88752-0-b4518e76a076,FINAL_APPROACH,FINAL_APPROACH,0.30717562630221323,0,0.30717562630221323,False
a42a37-0-9d44cd3b055a,FINAL_APPROACH,FINAL_APPROACH,0.47810520907238785,0,0.47810520907238785,False
a55d6a-0-36dcd0a0c97d,FINAL_APPROACH,FINAL_APPROACH,0.19806101063889298,0,0.19806101063889298,False
a17c12-0-9f2cc937b17b,FINAL_APPROACH,FINAL_APPROACH,0.22362886781963412,0,0.22362886781963412,False
a3d87d-0-0b0c5cdb0d52,FINAL_APPROACH,FINAL_APPROACH,0.0,0,0.0,False
a52c3b-0-a238cf2bb85d,FINAL_APPROACH,FINAL_APPROACH,0.0,0,0.0,False
ab00d6-0-2a3e3ea6481b,FINAL_APPROACH,FINAL_APPROACH,0.41992668792821264,0,0.41992668792821264,False
a880d5-0-af25d0293c2d,FINAL_APPROACH,FINAL_APPROACH,0.4454133617092866,0,0.4454133617092866,False
~2c2adc-0-4217c0356db1,FINAL_APPROACH,FINAL_APPROACH,0.3862005172013587,0,0.3862005172013587,False
aca548-0-73c9c3b1ae6d,FINAL_APPROACH,FINAL_APPROACH,0.31155237478871417,0,0.31155237478871417,False
ab79d4-0-f066ea1590c6,FINAL_APPROACH,FINAL_APPROACH,0.31712268854713926,0,0.31712268854713926,False
a38ee2-0-28bef7ddb5a0,FINAL_APPROACH,FINAL_APPROACH,0.44975027447723004,0,0.44975027447723004,False
a47597-0-9960c86f0e82,FINAL_APPROACH,FINAL_APPROACH,0.5125103236972176,0,0.5125103236972176,False
a2341c-0-3f0b3e1f7dd7,FINAL_APPROACH,HOLDING_LOCAL,0.625320001217372,0,1.3568127205740246,True
aaa710-0-83724d899456,FINAL_APPROACH,FINAL_APPROACH,0.0,0,0.0,False
a948c4-0-592137c5b5d9,FINAL_APPROACH,FINAL_APPROACH,0.12888484027183497,0,0.12888484027183497,False
a91d8e-0-b615ba78f6a1,FINAL_APPROACH,FINAL_APPROACH,0.11389286923860932,0,0.11389286923860932,False
a6778d-0-f042c6552965,FINAL_APPROACH,HOLDING_LOCAL,0.4926854362706733,0,0.7005188869671134,False
a19c2d-0-47990e1bb2a9,FINAL_APPROACH,FINAL_APPROACH,0.24836713057104254,0,0.24836713057104254,False
a01b04-0-6a85114ec30c,FINAL_APPROACH,FINAL_APPROACH,0.22822153387775185,0,0.22822153387775185,False
a19c2d-0-fbda3ba37b2e,FINAL_APPROACH,FINAL_APPROACH,0.0,0,0.0,False
a6afac-0-babd97dcbccf,FINAL_APPROACH,FINAL_APPROACH,0.3306494944106556,0,0.3306494944106556,False
aab5e7-0-2b03b1b9f383,FINAL_APPROACH,FINAL_APPROACH,0.48213170333935523,0,0.48213170333935523,False
a997cc-0-6951ef661b6c,FINAL_APPROACH,FINAL_APPROACH,0.18883927950128152,0,0.18883927950128152,False
a331bf-0-f31a934f0a71,FINAL_APPROACH,FINAL_APPROACH,0.0,0,0.0,False
ab3ef7-0-f2892892cef5,FINAL_APPROACH,FINAL_APPROACH,0.0,0,0.0,False
a0f60d-0-5c71e22b0c82,FINAL_APPROACH,FINAL_APPROACH,0.5734170005751303,0,0.5734170005751303,False
~2c2b49-0-ef6aa0ca66b8,FINAL_APPROACH,FINAL_APPROACH,0.49878223042359787,0,0.49878223042359787,False
a6e342-0-cc9f07feb185,FINAL_APPROACH,FINAL_APPROACH,0.42988046455308426,0,0.42988046455308426,False
c07eda-0-2518fee3cfc1,FINAL_APPROACH,FINAL_APPROACH,0.28184598894817153,0,0.28184598894817153,False
acf735-0-4644b3077807,FINAL_APPROACH,FINAL_APPROACH,0.0,0,0.0,False
aa988a-0-03be0f349616,FINAL_APPROACH,FINAL_APPROACH,0.5443651893819803,0,0.5443651893819803,False
a75c48-0-b5e2f867f7b9,FINAL_APPROACH,FINAL_APPROACH,0.2042212223726885,0,0.2042212223726885,False
a5fb91-0-d1a4c58cce97,FINAL_APPROACH,FINAL_APPROACH,0.5496532775296255,0,0.5496532775296255,False
ab4b34-0-beec69a2ddcb,FINAL_APPROACH,FINAL_APPROACH,0.19557846994681813,0,0.19557846994681813,False
ac508c-0-1fe9c7694be9,FINAL_APPROACH,FINAL_APPROACH,0.2826933004593707,0,0.2826933004593707,False
a4ec00-0-3ee103cbc289,FINAL_APPROACH,FINAL_APPROACH,0.5486670802474187,0,0.5486670802474187,False
a1b0c6-0-918ba1ab8962,FINAL_APPROACH,HOLDING_LOCAL,0.9760538618667018,0,1.242473556503189,True
448466-0-ada2a190dcca,FINAL_APPROACH,FINAL_APPROACH,0.38394009885770986,0,0.38394009885770986,False
a5fb91-0-e6df25bef9c9,FINAL_APPROACH,FINAL_APPROACH,0.4042724394323538,0,0.4042724394323538,False
a30bf7-0-14f7ae1b3466,FINAL_APPROACH,FINAL_APPROACH,0.15308330722665192,0,0.15308330722665192,False
ad81b9-0-99b122c85878,FINAL_APPROACH,FINAL_APPROACH,0.0,0,0.0,False
a45c62-0-2147a889f0f1,FINAL_APPROACH,FINAL_APPROACH,0.264099558678823,0,0.264099558678823,False
e80244-0-c042fd692818,FINAL_APPROACH,FINAL_APPROACH,0.49867403200597965,0,0.49867403200597965,False
a9d842-0-ce27540aabf5,FINAL_APPROACH,FINAL_APPROACH,0.27756097118917106,0,0.27756097118917106,False
a9d599-0-e6ae0e7f84db,FINAL_APPROACH,FINAL_APPROACH,0.0,0,0.0,False
a2642e-0-6c2c9e796ac6,FINAL_APPROACH,FINAL_APPROACH,0.3909923096166396,0,0.3909923096166396,False
a72a96-0-4551d1d247d8,FINAL_APPROACH,FINAL_APPROACH,0.0,0,0.0,False
a18178-0-612b40a39443,FINAL_APPROACH,FINAL_APPROACH,0.24255742284905513,0,0.24255742284905513,False
a260f7-0-038565f663c2,FINAL_APPROACH,FINAL_APPROACH,0.29174354966214405,0,0.29174354966214405,False
a4f5f0-0-89168a65512f,FINAL_APPROACH,FINAL_APPROACH,0.24011499592315488,0,0.24011499592315488,False
acffbc-0-36321b6a262d,FINAL_APPROACH,FINAL_APPROACH,0.180771682364805,0,0.180771682364805,False
a68541-0-76f294878d40,FINAL_APPROACH,FINAL_APPROACH,0.0,0,0.0,False
a17cc0-0-c999ad0f650e,FINAL_APPROACH,FINAL_APPROACH,0.21216519990313923,0,0.21216519990313923,False
a09961-0-2fa50081e31c,FINAL_APPROACH,FINAL_APPROACH,0.0,0,0.0,False
acfc05-0-ee200c3e47da,FINAL_APPROACH,FINAL_APPROACH,0.15387728133645193,0,0.15387728133645193,False
a190be-0-6f9a6a4aed7f,FINAL_APPROACH,FINAL_APPROACH,0.43545987191637864,0,0.43545987191637864,False
a13ed7-0-55a1c209f104,FINAL_APPROACH,FINAL_APPROACH,0.3673074158091829,0,0.3673074158091829,False
aa2bf5-0-549f74ba01b0,FINAL_APPROACH,FINAL_APPROACH,0.26352964853360067,0,0.26352964853360067,False
ab8fb2-0-fe09be378417,FINAL_APPROACH,FINAL_APPROACH,0.42521728926937524,0,0.42521728926937524,False
a02a0d-0-d2a427a08eb8,FINAL_APPROACH,FINAL_APPROACH,0.4510445833873036,0,0.4510445833873036,False
ace9ba-0-5734e0a91569,FINAL_APPROACH,FINAL_APPROACH,0.14115250260069437,0,0.14115250260069437,False
ad5c89-0-336a05a9a012,FINAL_APPROACH,FINAL_APPROACH,0.46529312340032053,0,0.46529312340032053,False
ad428c-0-cba565c86c34,FINAL_APPROACH,FINAL_APPROACH,0.32742815669637465,0,0.32742815669637465,False
a6bad4-0-9b5081a3b1e1,FINAL_APPROACH,FINAL_APPROACH,0.0,0,0.0,False
a52aed-0-55ebfb3164b1,FINAL_APPROACH,FINAL_APPROACH,0.15228038749243888,0,0.15228038749243888,False
a33339-0-6be32bf4ab82,FINAL_APPROACH,FINAL_APPROACH,0.3729732121584457,0,0.3729732121584457,False
abc3c6-0-e4abe2c2cfd3,FINAL_APPROACH,FINAL_APPROACH,0.0,0,0.0,False
a95fe6-0-2f61b1f83693,FINAL_APPROACH,FINAL_APPROACH,0.0,0,0.0,False
a55d6a-0-1843e930b0d9,FINAL_APPROACH,HOLDING_LOCAL,1.0626126449152136,-1,1.0890372712898837,True
a919b9-0-50567f915ce6,FINAL_APPROACH,FINAL_APPROACH,0.23782016437338763,0,0.23782016437338763,False
a3b87f-0-7732a9020e60,FINAL_APPROACH,FINAL_APPROACH,0.19826406720833387,0,0.19826406720833387,False
a33339-0-aed7a37f1aae,FINAL_APPROACH,FINAL_APPROACH,0.0,0,0.0,False
a75c48-0-0eaa596092de,FINAL_APPROACH,FINAL_APPROACH,0.19870991712319658,0,0.19870991712319658,False
acf735-0-4ff59097b67f,FINAL_APPROACH,FINAL_APPROACH,0.49078792971888197,0,0.49078792971888197,False
a2c54e-0-a74bbeeb3e17,FINAL_APPROACH,FINAL_APPROACH,0.3553610229706651,0,0.3553610229706651,False
a275b8-0-96fbf6e1fee0,FINAL_APPROACH,FINAL_APPROACH,0.16310669038862569,0,0.16310669038862569,False
8966d3-0-ce779d1fbd01,FINAL_APPROACH,FINAL_APPROACH,0.8395604239981265,0,0.8395604239981265,False
a81770-0-832a03638916,FINAL_APPROACH,FINAL_APPROACH,0.0,0,0.0,False
a95fe6-0-5380697a8af6,FINAL_APPROACH,FINAL_APPROACH,0.44768768046424734,0,0.44768768046424734,False
a5a87d-0-124383b135a4,FINAL_APPROACH,FINAL_APPROACH,0.23689697378007202,0,0.23689697378007202,False
3c4a04-0-047210cb2d0b,FINAL_APPROACH,FINAL_APPROACH,0.3232026303188217,0,0.3232026303188217,False
a95fe6-0-84460debb09b,FINAL_APPROACH,FINAL_APPROACH,0.329380618727986,0,0.329380618727986,False
a915e5-0-cd1e78a38bbf,FINAL_APPROACH,FINAL_APPROACH,0.20923505464911776,0,0.20923505464911776,False
a506c9-0-14106bac6ace,FINAL_APPROACH,FINAL_APPROACH,0.27977409878996806,0,0.27977409878996806,False
a8c802-0-450de4a02682,FINAL_APPROACH,FINAL_APPROACH,0.11642074854788598,0,0.11642074854788598,False
a1c794-0-0dbef245c9f5,FINAL_APPROACH,FINAL_APPROACH,0.21536650149168798,0,0.21536650149168798,False
a0e44b-0-c829f7afdee8,FINAL_APPROACH,FINAL_APPROACH,0.0,0,0.0,False
a492b9-0-933949c7cad1,FINAL_APPROACH,FINAL_APPROACH,0.9385717185697183,0,0.9385717185697183,False
a88752-0-ca4ded739a10,FINAL_APPROACH,FINAL_APPROACH,0.24781770947230533,0,0.24781770947230533,False
ab05aa-0-5f32261dbf43,FINAL_APPROACH,FINAL_APPROACH,0.0,0,0.0,False
a72a88-0-c2f14a499e70,FINAL_APPROACH,FINAL_APPROACH,0.3606688293190279,0,0.3606688293190279,False
a30bf7-0-ab712ccd8d6e,FINAL_APPROACH,GROUND_LOCAL,0.6121092657999716,0,0.675642383923668,False
abb007-0-211a64c780d3,FINAL_APPROACH,FINAL_APPROACH,0.0,0,0.0,False
a08a41-0-f7d62f325fe4,FINAL_APPROACH,FINAL_APPROACH,0.4892895966617192,0,0.4892895966617192,False
a010e5-0-6320ae10c7a2,FINAL_APPROACH,FINAL_APPROACH,0.42603012728703266,0,0.42603012728703266,False
ab4fd4-0-59220a4fe8ef,FINAL_APPROACH,FINAL_APPROACH,0.12555400794211125,0,0.12555400794211125,False
a80f63-0-2c9eb6f177e5,FINAL_APPROACH,FINAL_APPROACH,0.4199948286518373,0,0.4199948286518373,False
a042d5-0-1bbf8ff3d1a9,FINAL_APPROACH,FINAL_APPROACH,0.1472454639094428,0,0.1472454639094428,False
a55d6a-0-154e8b152692,GROUND_LOCAL,GROUND_LOCAL,0.0,0,0.0,False
a34a9d-0-6f76a190b2f8,GROUND_LOCAL,GROUND_LOCAL,0.0,0,0.0,False
a36713-0-a7f2731690b3,GROUND_LOCAL,GROUND_LOCAL,0.0,0,0.0,False
a55d6a-0-4af53b86f2be,GROUND_LOCAL,GROUND_LOCAL,2.2204460492503132e-17,0,2.2204460492503132e-17,False
a6e342-0-203edb08aeb1,GROUND_LOCAL,GROUND_LOCAL,0.0,0,0.0,False
aadd92-0-a47b043097de,GROUND_LOCAL,GROUND_LOCAL,0.0,0,0.0,False
a6e342-0-69807fb7cc8a,GROUND_LOCAL,GROUND_LOCAL,0.0,0,0.0,False
ac1c7a-0-d9738eac7ea3,GROUND_LOCAL,GROUND_LOCAL,0.0,0,0.0,False
a55d6a-0-80bf76d4c86a,GROUND_LOCAL,GROUND_LOCAL,0.0,0,0.0,False
a19fdb-0-cd3e493f97ab,GROUND_LOCAL,GROUND_LOCAL,0.0,0,0.0,False
a50b14-0-c4b3f94921c4,GROUND_LOCAL,GROUND_LOCAL,0.0,0,0.0,False
a55d6a-0-0c22d759585e,GROUND_LOCAL,GROUND_LOCAL,0.0,0,0.0,False
a0be81-0-ebfce091f216,GROUND_LOCAL,GROUND_LOCAL,0.0,0,0.0,False
a19fdb-0-365aa158f9cc,GROUND_LOCAL,GROUND_LOCAL,0.0,0,0.0,False
~2d4758-0-614618f42be7,GROUND_LOCAL,GROUND_LOCAL,0.0,0,0.0,False
ac6d28-0-90198b3527fd,GROUND_LOCAL,GROUND_LOCAL,0.5388701492115164,0,0.5388701492115164,False
a506c9-0-30c6612e998e,GROUND_LOCAL,GROUND_LOCAL,0.0,0,0.0,False
aade37-0-ab62a09c3d42,GROUND_LOCAL,GROUND_LOCAL,0.0,0,0.0,False
a56bcd-0-7bb37e6b1483,GROUND_LOCAL,GROUND_LOCAL,0.0,0,0.0,False
a438cb-0-21a968f96b12,GROUND_LOCAL,GROUND_LOCAL,0.0,0,0.0,False
aa202a-0-22f6f93669ae,GROUND_LOCAL,GROUND_LOCAL,0.0,0,0.0,False
a4c7ad-0-c6a25a2319b0,GROUND_LOCAL,GROUND_LOCAL,0.0,0,0.0,False
a55d6a-0-2d2089ffc3b1,GROUND_LOCAL,GROUND_LOCAL,0.0,0,0.0,False
a438cb-0-1fae4ce49f78,GROUND_LOCAL,GROUND_LOCAL,0.0,0,0.0,False
aabd54-0-0e19d31b246d,GROUND_LOCAL,GROUND_LOCAL,0.0,0,0.0,False
a19fdb-0-b343b21b7cf3,GROUND_LOCAL,GROUND_LOCAL,0.0,0,0.0,False
a56bcd-0-785bf1ddc06e,GROUND_LOCAL,GROUND_LOCAL,0.0,0,0.0,False
a36713-0-fa13d73e5fec,GROUND_LOCAL,GROUND_LOCAL,0.0,0,0.0,False
~2c3539-0-fabef7b7e79b,GROUND_LOCAL,GROUND_LOCAL,0.5801177981766787,0,0.5801177981766787,False
~2c00d0-0-3b8f553f27c4,GROUND_LOCAL,FINAL_APPROACH,0.42843471314356363,0,0.5403241968732175,False
a55d6a-0-2a964d2518e2,GROUND_LOCAL,GROUND_LOCAL,0.0,0,0.0,False
~2c0ee3-0-d15fb14b9cfc,GROUND_LOCAL,GROUND_LOCAL,0.0,0,0.0,False
ac1c7a-0-b94960472b12,GROUND_LOCAL,GROUND_LOCAL,2.317048847225395,-1,2.317048847225395,True
a36713-0-8d2d3bd4d7b6,GROUND_LOCAL,GROUND_LOCAL,0.0,0,0.0,False
a438cb-0-e731b86116f9,GROUND_LOCAL,GROUND_LOCAL,0.7514819923839531,0,0.7514819923839531,False
aa202a-0-245be9066449,GROUND_LOCAL,GROUND_LOCAL,0.0,0,0.0,False
a55d6a-0-3487f9bcf4e2,GROUND_LOCAL,GROUND_LOCAL,0.0,0,0.0,False
a36713-0-74b91c4052e0,GROUND_LOCAL,GROUND_LOCAL,0.0,0,0.0,False
aa202a-0-f86b91fe7c8f,GROUND_LOCAL,GROUND_LOCAL,0.0,0,0.0,False
a19fdb-0-2a3ae1edb70f,GROUND_LOCAL,GROUND_LOCAL,0.0,0,0.0,False
ab82d0-0-0a0c417f5d6d,GROUND_LOCAL,GROUND_LOCAL,0.0,0,0.0,False
ae09a2-0-51ae3ebf5e1f,GROUND_LOCAL,GROUND_LOCAL,2.2204460492503132e-17,0,2.2204460492503132e-17,False
a4c7ad-0-7330ff96d90d,GROUND_LOCAL,GROUND_LOCAL,0.0,0,0.0,False
a438cb-0-85b4a852dcfe,GROUND_LOCAL,GROUND_LOCAL,0.742423204622799,0,0.742423204622799,False
a1fb14-0-b19a7bf73d0d,GROUND_LOCAL,GROUND_LOCAL,0.0,0,0.0,False
aadd92-0-fcd469c41899,GROUND_LOCAL,GROUND_LOCAL,0.0,0,0.0,False
a40ffc-0-6b720920f721,GROUND_LOCAL,GROUND_LOCAL,0.0,0,0.0,False
a1fb14-0-0ddca5e3a340,GROUND_LOCAL,GROUND_LOCAL,0.0,0,0.0,False
aa202a-0-8bac473b6d95,GROUND_LOCAL,GROUND_LOCAL,0.0,0,0.0,False
a42f04-0-aac15806cb62,GROUND_LOCAL,GROUND_LOCAL,0.5639968552004342,0,0.5639968552004342,False
ab82d0-0-af21c34e2ae6,GROUND_LOCAL,GROUND_LOCAL,0.0,0,0.0,False
a438cb-0-6ef1f53da18a,GROUND_LOCAL,GROUND_LOCAL,0.0,0,0.0,False
a438cb-0-ce9ef05da509,GROUND_LOCAL,GROUND_LOCAL,0.0,0,0.0,False
a55d6a-0-2d57789a943b,GROUND_LOCAL,GROUND_LOCAL,0.5655856651596662,0,0.5655856651596662,False
a1b7e3-0-af3ab5865842,GROUND_LOCAL,GROUND_LOCAL,0.0,0,0.0,False
a438cb-0-3c0fc51c5763,GROUND_LOCAL,GROUND_LOCAL,0.716948453214665,0,0.716948453214665,False
a438cb-0-829f3d4bc986,GROUND_LOCAL,GROUND_LOCAL,0.0,0,0.0,False
a55d6a-0-9e403fcb0f4e,GROUND_LOCAL,GROUND_LOCAL,0.0,0,0.0,False
aabd54-0-ac9f2680e906,GROUND_LOCAL,GROUND_LOCAL,0.0,0,0.0,False
a506c9-0-7087890d34ca,GROUND_LOCAL,GROUND_LOCAL,0.0,0,0.0,False
a438cb-0-5f527d8b514e,GROUND_LOCAL,GROUND_LOCAL,0.0,0,0.0,False
a55d6a-0-efa62f7e78e6,GROUND_LOCAL,GROUND_LOCAL,0.0,0,0.0,False
a65426-0-ddce73d1daac,GROUND_LOCAL,GROUND_LOCAL,0.5855146077586838,0,0.5855146077586838,False
ab82d0-0-634fb2ed88ee,GROUND_LOCAL,GROUND_LOCAL,0.0,0,0.0,False
ac6d28-0-3d3f54890677,GROUND_LOCAL,GROUND_LOCAL,0.0,0,0.0,False
a55d6a-0-df36ddcab2a3,GROUND_LOCAL,GROUND_LOCAL,0.0,0,0.0,False
a438cb-0-3842888ae47b,GROUND_LOCAL,GROUND_LOCAL,0.0,0,0.0,False
a55d6a-0-14cc4ff71e98,GROUND_LOCAL,GROUND_LOCAL,0.0,0,0.0,False
~2c1c50-0-e3a95b66accf,GROUND_LOCAL,GROUND_LOCAL,0.5546757850781644,0,0.5546757850781644,False
aa202a-0-c8276727a439,GROUND_LOCAL,GROUND_LOCAL,0.0,0,0.0,False
a438cb-0-446f561221b1,GROUND_LOCAL,GROUND_LOCAL,0.0,0,0.0,False
a19fdb-0-cf69e223802b,GROUND_LOCAL,GROUND_LOCAL,0.0,0,0.0,False
ac28ff-0-8d12a698a28e,GROUND_LOCAL,GROUND_LOCAL,0.9746270978536102,0,0.9746270978536102,False
a42f04-0-6aaac0eda0b8,GROUND_LOCAL,GROUND_LOCAL,0.0,0,0.0,False
a082a4-0-c5cbfd27c858,GROUND_LOCAL,GROUND_LOCAL,0.0,0,0.0,False
a55d6a-0-41221c9f1216,GROUND_LOCAL,GROUND_LOCAL,0.5828417754272589,0,0.5828417754272589,False
a36713-0-360cad0a064e,GROUND_LOCAL,GROUND_LOCAL,0.0,0,0.0,False
a55d6a-0-be8fe5e646d7,GROUND_LOCAL,GROUND_LOCAL,0.0,0,0.0,False
ac1c7a-0-ba06fe76f2f5,GROUND_LOCAL,GROUND_LOCAL,0.0,0,0.0,False
a438cb-0-bc353a4c9515,GROUND_LOCAL,GROUND_LOCAL,0.0,0,0.0,False
a94af1-0-f29053bee811,GROUND_LOCAL,HOLDING_LOCAL,1.3426148750958014,-1,2.1997469102204485,True
a1bcfd-0-e304d98dd9ca,GROUND_LOCAL,GROUND_LOCAL,0.0,0,0.0,False
aa202a-0-1b07a836da65,GROUND_LOCAL,GROUND_LOCAL,0.0,0,0.0,False
ab94ab-0-683a1920ba4b,GROUND_LOCAL,GROUND_LOCAL,2.2204460492503132e-17,0,2.2204460492503132e-17,False
a438cb-0-6452f2d93d16,GROUND_LOCAL,GROUND_LOCAL,0.0,0,0.0,False
a18178-0-99130c464c1d,GROUND_LOCAL,GROUND_LOCAL,0.0,0,0.0,False
a6e342-0-2376b7caba9d,GROUND_LOCAL,GROUND_LOCAL,0.0,0,0.0,False
a55d6a-0-d12d34af1632,GROUND_LOCAL,GROUND_LOCAL,0.7484261379268455,0,0.7484261379268455,False
aade37-0-db59e72297e7,GROUND_LOCAL,GROUND_LOCAL,0.0,0,0.0,False
ac1c7a-0-b4a1e4301a10,GROUND_LOCAL,GROUND_LOCAL,0.0,0,0.0,False
~2c00d0-0-b5007df7a352,GROUND_LOCAL,FINAL_APPROACH,0.5190392484429545,0,0.5524318237189845,False
a55d6a-0-66795df4efbb,GROUND_LOCAL,GROUND_LOCAL,0.857522077637095,0,0.857522077637095,False
a56bcd-0-2edbb3257a5f,GROUND_LOCAL,GROUND_LOCAL,2.2204460492503132e-17,0,2.2204460492503132e-17,False
a6e342-0-1ae5cab3d8f6,GROUND_LOCAL,GROUND_LOCAL,0.0,0,0.0,False
aabd54-0-e3d132726566,GROUND_LOCAL,GROUND_LOCAL,2.2204460492503132e-17,0,2.2204460492503132e-17,False
a65426-0-cca67f5ebad0,GROUND_LOCAL,GROUND_LOCAL,0.0,0,0.0,False
a55d6a-0-d697f9d6a46a,GROUND_LOCAL,GROUND_LOCAL,0.0,0,0.0,False
a42f04-0-67eb0bf56fc7,GROUND_LOCAL,GROUND_LOCAL,0.0,0,0.0,False
a0be81-0-0093c512a56b,GROUND_LOCAL,GROUND_LOCAL,0.0,0,0.0,False
~2c00d0-0-f83f3835bdb7,GROUND_LOCAL,GROUND_LOCAL,0.5465939674184674,0,0.5465939674184674,False
ac508c-0-f7a8037263d5,GROUND_LOCAL,GROUND_LOCAL,0.0,0,0.0,False
~2c1c50-0-2d5b24a720d4,GROUND_LOCAL,GROUND_LOCAL,0.0,0,0.0,False
a1fb14-0-1f3e9eae6c64,GROUND_LOCAL,GROUND_LOCAL,0.0,0,0.0,False
a55d6a-0-205cea4caa18,GROUND_LOCAL,GROUND_LOCAL,0.9098190698378182,0,0.9098190698378182,False
aa202a-0-2ea2085b42bf,GROUND_LOCAL,GROUND_LOCAL,0.0,0,0.0,False
a438cb-0-44df6784083d,GROUND_LOCAL,GROUND_LOCAL,0.0,0,0.0,False
a6e342-0-2dfe404a19da,GROUND_LOCAL,GROUND_LOCAL,0.0,0,0.0,False
a55d6a-0-3d05fc9f7d64,GROUND_LOCAL,GROUND_LOCAL,0.0,0,0.0,False
a36713-0-07bc8559a798,GROUND_LOCAL,GROUND_LOCAL,0.0,0,0.0,False
a65426-0-ea71dfc9ebee,GROUND_LOCAL,GROUND_LOCAL,0.0,0,0.0,False
a0be81-0-05bf71ddb537,GROUND_LOCAL,GROUND_LOCAL,0.0,0,0.0,False
aadd92-0-790b06d24861,GROUND_LOCAL,GROUND_LOCAL,0.0,0,0.0,False
a55d6a-0-7b56615ece24,GROUND_LOCAL,GROUND_LOCAL,0.0,0,0.0,False
a1fb14-0-d37b3c9d3c17,GROUND_LOCAL,GROUND_LOCAL,2.2204460492503132e-17,0,2.2204460492503132e-17,False
ac28ff-0-1a1e5d905945,GROUND_LOCAL,GROUND_LOCAL,0.0,0,0.0,False
a36713-0-4f787cc96d9c,GROUND_LOCAL,GROUND_LOCAL,0.0,0,0.0,False
a1bcfd-0-b4a54d3c33fb,GROUND_LOCAL,GROUND_LOCAL,0.0,0,0.0,False
a6e342-0-60c76e8c3c10,GROUND_LOCAL,GROUND_LOCAL,0.0,0,0.0,False
a55d6a-0-c2899f71269a,GROUND_LOCAL,GROUND_LOCAL,0.5794025500208347,0,0.5794025500208347,False
a55d6a-0-31eb0184a539,GROUND_LOCAL,GROUND_LOCAL,0.0,0,0.0,False
a6e342-0-0a1fe26bd3fc,GROUND_LOCAL,GROUND_LOCAL,0.0,0,0.0,False
a02a0d-0-570b3a79d4e8,GROUND_LOCAL,GROUND_LOCAL,0.0,0,0.0,False
a082a4-0-29ad33ad6d7b,GROUND_LOCAL,GROUND_LOCAL,0.0,0,0.0,False
a4c7ad-0-3bafd355f64b,GROUND_LOCAL,GROUND_LOCAL,0.0,0,0.0,False
a42f04-0-0a494afad813,GROUND_LOCAL,GROUND_LOCAL,0.0,0,0.0,False
a19fdb-0-71d5ca78b358,GROUND_LOCAL,GROUND_LOCAL,0.0,0,0.0,False
a55d6a-0-2872edc5cf2d,GROUND_LOCAL,GROUND_LOCAL,0.0,0,0.0,False
a6e342-0-544dcd66bdc5,GROUND_LOCAL,GROUND_LOCAL,0.0,0,0.0,False
aadd92-0-591fdf40e43b,GROUND_LOCAL,GROUND_LOCAL,0.0,0,0.0,False
a38ee2-0-7e590d31f3d8,GROUND_LOCAL,GROUND_LOCAL,2.7755575615628915e-18,0,2.7755575615628915e-18,False
ac1c7a-0-d86ca2d60430,GROUND_LOCAL,GROUND_LOCAL,0.0,0,0.0,False
a36713-0-035a3c1828ae,GROUND_LOCAL,GROUND_LOCAL,0.0,0,0.0,False
a50b14-0-fb04eb459754,GROUND_LOCAL,GROUND_LOCAL,1.265408531890483,-1,1.265408531890483,True
a438cb-0-7f90a7773cbd,GROUND_LOCAL,GROUND_LOCAL,0.8065409877092862,0,0.8065409877092862,False
a6e342-0-ec40a60118c4,GROUND_LOCAL,GROUND_LOCAL,0.0,0,0.0,False
a438cb-0-e2c5a3f2dae6,GROUND_LOCAL,GROUND_LOCAL,0.8017882339751591,0,0.8017882339751591,False
a6e07f-0-9c9374c9fa87,GROUND_LOCAL,GROUND_LOCAL,0.0,0,0.0,False
aabd54-0-03434493b343,GROUND_LOCAL,GROUND_LOCAL,2.7755575615628915e-18,0,2.7755575615628915e-18,False
aa202a-0-96c856e9ee7e,GROUND_LOCAL,GROUND_LOCAL,0.0,0,0.0,False
ac508c-0-73270daafe11,GROUND_LOCAL,GROUND_LOCAL,0.0,0,0.0,False
a438cb-0-fa11c351c1d1,GROUND_LOCAL,GROUND_LOCAL,0.554656414122276,0,0.554656414122276,False
a56bcd-0-1b0f5e05aea7,GROUND_LOCAL,GROUND_LOCAL,0.7458421384095177,0,0.7458421384095177,False
a65426-0-d4b0ddd0076d,GROUND_LOCAL,GROUND_LOCAL,0.0,0,0.0,False
a1fb14-0-a8a25b92da96,GROUND_LOCAL,GROUND_LOCAL,0.0,0,0.0,False
aabd54-0-d25a4e24581a,GROUND_LOCAL,GROUND_LOCAL,0.0,0,0.0,False
aa202a-0-9703fd512d35,GROUND_LOCAL,GROUND_LOCAL,0.0,0,0.0,False
a438cb-0-f2a9941fe5b2,GROUND_LOCAL,GROUND_LOCAL,0.0,0,0.0,False
a65426-0-ecc284914c20,GROUND_LOCAL,GROUND_LOCAL,0.0,0,0.0,False
ac119d-0-80de7df495ad,GROUND_LOCAL,GROUND_LOCAL,0.0,0,0.0,False
a438cb-0-7620319398ce,GROUND_LOCAL,GROUND_LOCAL,0.0,0,0.0,False
a55d6a-0-ba3336832fcf,GROUND_LOCAL,GROUND_LOCAL,0.0,0,0.0,False
a06408-0-8d92807cf652,GROUND_LOCAL,GROUND_LOCAL,0.0,0,0.0,False
a50b14-0-1d0de2c2a60f,GROUND_LOCAL,GROUND_LOCAL,0.0,0,0.0,False
a6e342-0-3f6d11691bb2,GROUND_LOCAL,GROUND_LOCAL,0.0,0,0.0,False
a65426-0-18a4dfd15a1b,GROUND_LOCAL,GROUND_LOCAL,0.0,0,0.0,False
aade37-0-475523923ee9,GROUND_LOCAL,GROUND_LOCAL,0.0,0,0.0,False
a0be81-0-ccdda170a085,GROUND_LOCAL,GROUND_LOCAL,0.0,0,0.0,False
ac6d28-0-a4182d410104,GROUND_LOCAL,GROUND_LOCAL,0.0,0,0.0,False
a55d6a-0-d3fdeaf7cdb4,GROUND_LOCAL,GROUND_LOCAL,0.0,0,0.0,False
a6e342-0-ba769d76ede9,GROUND_LOCAL,GROUND_LOCAL,0.0,0,0.0,False
aabd54-0-dcde18317b8d,GROUND_LOCAL,GROUND_LOCAL,0.0,0,0.0,False
ae09a2-0-8d5dc4480af0,GROUND_LOCAL,GROUND_LOCAL,0.0,0,0.0,False
~2c00d0-0-d216b468bd01,GROUND_LOCAL,GROUND_LOCAL,0.0,0,0.0,False
a36713-0-33892aa35d4f,GROUND_LOCAL,GROUND_LOCAL,0.0,0,0.0,False
a438cb-0-67a1b8672a87,GROUND_LOCAL,GROUND_LOCAL,0.0,0,0.0,False
a1bcfd-0-d859423764fa,GROUND_LOCAL,GROUND_LOCAL,0.0,0,0.0,False
a438cb-0-174186072f54,GROUND_LOCAL,GROUND_LOCAL,0.8833740847131185,0,0.8833740847131185,False
ac1c7a-0-19560b63c4df,GROUND_LOCAL,GROUND_LOCAL,0.0,0,0.0,False
~2c38b5-0-5e3e4c06d114,GROUND_LOCAL,GROUND_LOCAL,0.0,0,0.0,False
a19fdb-0-f1989fb90972,GROUND_LOCAL,GROUND_LOCAL,0.0,0,0.0,False
a1fb14-0-39303fd02a34,GROUND_LOCAL,GROUND_LOCAL,0.0,0,0.0,False
a438cb-0-c928eacd5398,GROUND_LOCAL,GROUND_LOCAL,0.0,0,0.0,False
a438cb-0-e36d0ea4dfa4,GROUND_LOCAL,GROUND_LOCAL,0.0,0,0.0,False
a42f04-0-f018a9b05377,GROUND_LOCAL,GROUND_LOCAL,0.0,0,0.0,False
a438cb-0-6f98ce0b9213,GROUND_LOCAL,GROUND_LOCAL,0.9918203490498773,0,0.9918203490498773,False
aade37-0-39fb138b5bf2,GROUND_LOCAL,GROUND_LOCAL,0.0,0,0.0,False
a55d6a-0-8ee5dc48b345,GROUND_LOCAL,GROUND_LOCAL,0.0,0,0.0,False
a6e07f-0-ab1a7eaa12fc,GROUND_LOCAL,GROUND_LOCAL,0.0,0,0.0,False
ac28ff-0-e7e8664e1d7c,GROUND_LOCAL,GROUND_LOCAL,0.0,0,0.0,False
a34a9d-0-978723663f55,GROUND_LOCAL,GROUND_LOCAL,0.0,0,0.0,False
a438cb-0-fb6bddb8ac67,GROUND_LOCAL,GROUND_LOCAL,0.800912331059046,0,0.800912331059046,False
a55d6a-0-5151696c2d34,GROUND_LOCAL,GROUND_LOCAL,0.0,0,0.0,False
a6e342-0-70be88ecf321,GROUND_LOCAL,GROUND_LOCAL,0.0,0,0.0,False
a6e342-0-fdce22c4bea0,GROUND_LOCAL,GROUND_LOCAL,0.0,0,0.0,False
a19fdb-0-d3e1c20d756e,GROUND_LOCAL,GROUND_LOCAL,0.0,0,0.0,False
a506c9-0-863523e5d7a2,GROUND_LOCAL,GROUND_LOCAL,0.0,0,0.0,False
a19fdb-0-d928a028dade,GROUND_LOCAL,GROUND_LOCAL,0.0,0,0.0,False
a55d6a-0-cfa63011d91b,GROUND_LOCAL,GROUND_LOCAL,2.2204460492503132e-17,0,2.2204460492503132e-17,False
a75c48-0-c3a306dbbcc1,GROUND_LOCAL,GROUND_LOCAL,0.0,0,0.0,False
a438cb-0-b8a8e6fe5286,GROUND_LOCAL,GROUND_LOCAL,0.6292879226769869,0,0.6292879226769869,False
a19fdb-0-b6e54e743276,GROUND_LOCAL,GROUND_LOCAL,0.0,0,0.0,False
a438cb-0-85056e8773f9,GROUND_LOCAL,GROUND_LOCAL,0.0,0,0.0,False
a438cb-0-59c06f5d2797,GROUND_LOCAL,GROUND_LOCAL,0.0,0,0.0,False
a19fdb-0-ecc0f664a4e7,GROUND_LOCAL,GROUND_LOCAL,0.8803349940434329,0,0.8803349940434329,False
ac508c-0-2294d6a69f94,GROUND_LOCAL,GROUND_LOCAL,0.0,0,0.0,False
a6e342-0-6f234f66fbbe,GROUND_LOCAL,GROUND_LOCAL,0.0,0,0.0,False
ac1c7a-0-3d8d5100799b,GROUND_LOCAL,GROUND_LOCAL,0.0,0,0.0,False
a438cb-0-60e41b60aa1f,GROUND_LOCAL,GROUND_LOCAL,0.5991286335530962,0,0.5991286335530962,False
a438cb-0-27ab33b5e7fa,GROUND_LOCAL,GROUND_LOCAL,1.288536646225082,-1,1.288536646225082,True
a438cb-0-cfbfed07e2b9,GROUND_LOCAL,HOLDING_LOCAL,1.3727898284464453,-1,1.4127110953991067,True
a438cb-0-b97699ab1d01,GROUND_LOCAL,GROUND_LOCAL,0.0,0,0.0,False
aa202a-0-5cb11801ca56,GROUND_LOCAL,GROUND_LOCAL,0.0,0,0.0,False
aade37-0-c948514431df,GROUND_LOCAL,GROUND_LOCAL,0.0,0,0.0,False
ac1c7a-0-31bf94a938b2,GROUND_LOCAL,GROUND_LOCAL,0.0,0,0.0,False
ac1c7a-0-3d3291e2ed7b,GROUND_LOCAL,GROUND_LOCAL,0.0,0,0.0,False
a36713-0-36b4fe51db3e,GROUND_LOCAL,GROUND_LOCAL,0.0,0,0.0,False
a6e342-0-6610a4c9daa9,GROUND_LOCAL,GROUND_LOCAL,0.0,0,0.0,False
aa08a1-0-4a6c136704ca,GROUND_LOCAL,GROUND_LOCAL,0.0,0,0.0,False
a6e342-0-a6214decda76,GROUND_LOCAL,GROUND_LOCAL,0.0,0,0.0,False
a55d6a-0-f083be1886ca,GROUND_LOCAL,GROUND_LOCAL,0.0,0,0.0,False
a42f04-0-4a8da5f7c598,GROUND_LOCAL,GROUND_LOCAL,4.4408920985006264e-17,0,4.4408920985006264e-17,False
a55d6a-0-b5c26c62bfb4,GROUND_LOCAL,GROUND_LOCAL,0.0,0,0.0,False
a55d6a-0-ed903f22d2a5,GROUND_LOCAL,GROUND_LOCAL,0.0,0,0.0,False
a736a7-0-846c99a14d39,GROUND_LOCAL,GROUND_LOCAL,0.0,0,0.0,False
ac6d28-0-0396d851df6b,GROUND_LOCAL,GROUND_LOCAL,0.0,0,0.0,False
a55d6a-0-dfe0338ff9cd,GROUND_LOCAL,GROUND_LOCAL,0.6608592056653178,0,0.6608592056653178,False
~2c3539-0-b8c7dce3efce,GROUND_LOCAL,GROUND_LOCAL,0.0,0,0.0,False
a438cb-0-e4e52890c3eb,GROUND_LOCAL,GROUND_LOCAL,0.0,0,0.0,False
aade37-0-ce518d2a11cb,GROUND_LOCAL,GROUND_LOCAL,1.307450866562927,-1,1.307450866562927,True
a8d8a6-0-d245047c29bf,GROUND_LOCAL,GROUND_LOCAL,0.0,0,0.0,False
a42f04-0-ca5fa13d1be4,GROUND_LOCAL,GROUND_LOCAL,0.0,0,0.0,False
a1fb14-0-720acfc46e96,GROUND_LOCAL,GROUND_LOCAL,0.0,0,0.0,False
a65426-0-ae71649319bf,GROUND_LOCAL,GROUND_LOCAL,0.0,0,0.0,False
a736a7-0-e152d28ed703,GROUND_LOCAL,GROUND_LOCAL,0.0,0,0.0,False
a109b5-0-2cb31460065d,GROUND_LOCAL,GROUND_LOCAL,0.0,0,0.0,False
aa202a-0-fad896fcfc54,GROUND_LOCAL,GROUND_LOCAL,0.0,0,0.0,False
a42f04-0-77862b10589f,GROUND_LOCAL,GROUND_LOCAL,0.0,0,0.0,False
aade37-0-a7373c75ce4c,GROUND_LOCAL,GROUND_LOCAL,0.0,0,0.0,False
a438cb-0-bac599f1e7e1,GROUND_LOCAL,GROUND_LOCAL,0.0,0,0.0,False
a0be81-0-c313cb155c3d,GROUND_LOCAL,GROUND_LOCAL,0.0,0,0.0,False
a36713-0-1f23af82ff75,GROUND_LOCAL,GROUND_LOCAL,0.0,0,0.0,False
a55d6a-0-af35d504863f,GROUND_LOCAL,GROUND_LOCAL,0.5743957792979002,0,0.5743957792979002,False
a36713-0-56c6f428ade0,GROUND_LOCAL,GROUND_LOCAL,0.0,0,0.0,False
ac1c7a-0-aa1f5428fc00,GROUND_LOCAL,GROUND_LOCAL,0.0,0,0.0,False
a082a4-0-b5ba46a8e170,GROUND_LOCAL,GROUND_LOCAL,0.0,0,0.0,False
a438cb-0-ead87396ef34,GROUND_LOCAL,GROUND_LOCAL,0.0,0,0.0,False
a42f04-0-3657ccc3cd47,GROUND_LOCAL,GROUND_LOCAL,0.0,0,0.0,False
a55d6a-0-7b8cea6442e1,GROUND_LOCAL,GROUND_LOCAL,0.5618860036022535,0,0.5618860036022535,False
a438cb-0-13813415d8e4,GROUND_LOCAL,GROUND_LOCAL,0.8182764074817461,0,0.8182764074817461,False
a6e342-0-984797c2af00,GROUND_LOCAL,GROUND_LOCAL,0.0,0,0.0,False
a42f04-0-64b5b8375245,GROUND_LOCAL,GROUND_LOCAL,0.8597480928771579,0,0.8597480928771579,False
a438cb-0-e4808e03114b,GROUND_LOCAL,GROUND_LOCAL,0.0,0,0.0,False
~2c0ee3-0-133911251ec9,GROUND_LOCAL,GROUND_LOCAL,0.0,0,0.0,False
a438cb-0-0d304288ca70,GROUND_LOCAL,GROUND_LOCAL,0.0,0,0.0,False
a19fdb-0-2b1444504eee,GROUND_LOCAL,GROUND_LOCAL,1.0126383917753108,-1,1.0126383917753108,True
a50b14-0-704ce660ac4d,GROUND_LOCAL,GROUND_LOCAL,0.0,0,0.0,False
a6e342-0-204041d82171,GROUND_LOCAL,GROUND_LOCAL,0.0,0,0.0,False
a65426-0-5cf85d481608,GROUND_LOCAL,GROUND_LOCAL,1.3253802757231923,-1,1.3253802757231923,True
a36713-0-da152b37586b,GROUND_LOCAL,GROUND_LOCAL,0.0,0,0.0,False
a36713-0-c93f2f95087c,GROUND_LOCAL,GROUND_LOCAL,0.0,0,0.0,False
a082a4-0-49efbf9471ba,GROUND_LOCAL,GROUND_LOCAL,0.0,0,0.0,False
a04da7-0-0a06814a2140,GROUND_LOCAL,GROUND_LOCAL,0.0,0,0.0,False
a34a9d-0-492454bd4d7b,GROUND_LOCAL,GROUND_LOCAL,0.0,0,0.0,False
ac508c-0-f677f2c819bb,GROUND_LOCAL,GROUND_LOCAL,0.7186674954065427,0,0.7186674954065427,False
a6e07f-0-e554888fdf64,GROUND_LOCAL,GROUND_LOCAL,0.0,0,0.0,False
a55d6a-0-ee1bd97a4310,GROUND_LOCAL,GROUND_LOCAL,0.7626975802664903,0,0.7626975802664903,False
a19fdb-0-815f6262192f,GROUND_LOCAL,GROUND_LOCAL,0.0,0,0.0,False
a0be81-0-d6c431af008e,GROUND_LOCAL,GROUND_LOCAL,0.0,0,0.0,False
ac1c7a-0-d273e6baf926,GROUND_LOCAL,GROUND_LOCAL,0.0,0,0.0,False
a6e342-0-9b4e12e3242c,GROUND_LOCAL,GROUND_LOCAL,0.0,0,0.0,False
a4c7ad-0-0107f2453a6f,GROUND_LOCAL,GROUND_LOCAL,0.0,0,0.0,False
a55d6a-0-5ef7abcfec7b,GROUND_LOCAL,GROUND_LOCAL,0.5680966729096711,0,0.5680966729096711,False
a56bcd-0-e877ad714348,GROUND_LOCAL,GROUND_LOCAL,0.0,0,0.0,False
a53f90-0-741f4dc39ebd,GROUND_LOCAL,GROUND_LOCAL,0.0,0,0.0,False
ac1c7a-0-237c97600b06,GROUND_LOCAL,GROUND_LOCAL,0.0,0,0.0,False
a55d6a-0-f289195c7b19,GROUND_LOCAL,GROUND_LOCAL,0.0,0,0.0,False
a42f04-0-c0773e44fea8,GROUND_LOCAL,GROUND_LOCAL,0.5727958924590005,0,0.5727958924590005,False
a55d6a-0-35272322700f,GROUND_LOCAL,GROUND_LOCAL,0.0,0,0.0,False
~2c1c50-0-3f39e8754cca,GROUND_LOCAL,GROUND_LOCAL,0.0,0,0.0,False
a19fdb-0-967d55287257,GROUND_LOCAL,GROUND_LOCAL,0.0,0,0.0,False
a50b14-0-961f67b152d1,GROUND_LOCAL,GROUND_LOCAL,0.0,0,0.0,False
aa202a-0-103a7c9bfea1,GROUND_LOCAL,GROUND_LOCAL,0.0,0,0.0,False
a438cb-0-2e2ff7fc0c10,GROUND_LOCAL,GROUND_LOCAL,0.0,0,0.0,False
a6e07f-0-1ea1404e6ab2,GROUND_LOCAL,GROUND_LOCAL,0.0,0,0.0,False
a438cb-0-1f4f53921b94,GROUND_LOCAL,GROUND_LOCAL,0.0,0,0.0,False
a506c9-0-8445173a6600,GROUND_LOCAL,GROUND_LOCAL,0.0,0,0.0,False
a6e342-0-a7ee8c467368,GROUND_LOCAL,GROUND_LOCAL,0.0,0,0.0,False
~2c0ee3-0-feea93d82f65,GROUND_LOCAL,GROUND_LOCAL,0.0,0,0.0,False
a50b14-0-8474884d2eec,GROUND_LOCAL,GROUND_LOCAL,0.0,0,0.0,False
a19fdb-0-b466d9dc37b8,GROUND_LOCAL,GROUND_LOCAL,0.0,0,0.0,False
a19fdb-0-011fda10112d,GROUND_LOCAL,GROUND_LOCAL,0.0,0,0.0,False
a6e342-0-f64e7ec2591e,GROUND_LOCAL,GROUND_LOCAL,0.0,0,0.0,False
aa988a-0-c6dea77b5a45,GROUND_LOCAL,GROUND_LOCAL,0.0,0,0.0,False
a65426-0-98326ebb36f0,GROUND_LOCAL,GROUND_LOCAL,1.1979123975276325,-1,1.1979123975276325,True
ab82d0-0-74ddaf0f600c,GROUND_LOCAL,GROUND_LOCAL,0.0,0,0.0,False
a36713-0-3a23c400cd15,GROUND_LOCAL,GROUND_LOCAL,0.0,0,0.0,False
a55d6a-0-9f23509d456e,GROUND_LOCAL,GROUND_LOCAL,3.845925372767128e-17,0,3.845925372767128e-17,False
ac1c7a-0-5de22c49da31,GROUND_LOCAL,GROUND_LOCAL,1.7761014905287311,-1,1.7761014905287311,True
a36713-0-ea59425d239a,GROUND_LOCAL,GROUND_LOCAL,0.0,0,0.0,False
a736a7-0-1f9f05f9828a,GROUND_LOCAL,GROUND_LOCAL,0.0,0,0.0,False
a438cb-0-a5c48defa6fd,GROUND_LOCAL,GROUND_LOCAL,0.0,0,0.0,False
a438cb-0-632ed6773920,GROUND_LOCAL,GROUND_LOCAL,0.9416701469500619,0,0.9416701469500619,False
ad9a33-0-f190f3877d04,GROUND_LOCAL,GROUND_LOCAL,0.0,0,0.0,False
a65426-0-ae55e991a376,GROUND_LOCAL,GROUND_LOCAL,0.0,0,0.0,False
ac1c7a-0-63ff83c53bcd,GROUND_LOCAL,GROUND_LOCAL,0.0,0,0.0,False
a55d6a-0-f01a6a038573,GROUND_LOCAL,GROUND_LOCAL,0.0,0,0.0,False
a6e342-0-e50a92865ebb,GROUND_LOCAL,GROUND_LOCAL,0.0,0,0.0,False
aabd54-0-19f9196743fa,GROUND_LOCAL,GROUND_LOCAL,0.0,0,0.0,False
a438cb-0-a3c9e6d05515,GROUND_LOCAL,GROUND_LOCAL,0.0,0,0.0,False
aa08a1-0-654b4964f4eb,GROUND_LOCAL,GROUND_LOCAL,0.945800254700265,0,0.945800254700265,False
a42f04-0-7778f23aef3e,GROUND_LOCAL,GROUND_LOCAL,0.6661635042971378,0,0.6661635042971378,False
a506c9-0-c5b28cfde9a9,GROUND_LOCAL,GROUND_LOCAL,0.0,0,0.0,False
ac508c-0-422d8a55294c,GROUND_LOCAL,GROUND_LOCAL,0.783725437387731,0,0.783725437387731,False
ac1c7a-0-8d8a45feb69e,GROUND_LOCAL,GROUND_LOCAL,0.0,0,0.0,False
a6e342-0-029f514efb67,GROUND_LOCAL,GROUND_LOCAL,0.0,0,0.0,False
a42f04-0-67f784b58024,GROUND_LOCAL,GROUND_LOCAL,0.0,0,0.0,False
a506c9-0-cb67e043d19f,GROUND_LOCAL,GROUND_LOCAL,0.0,0,0.0,False
aa202a-0-878a41ed873b,GROUND_LOCAL,GROUND_LOCAL,0.0,0,0.0,False
a55d6a-0-97471d59d0cd,GROUND_LOCAL,GROUND_LOCAL,0.0,0,0.0,False
a438cb-0-ea8985bf54d7,GROUND_LOCAL,GROUND_LOCAL,0.5571319394399833,0,0.5571319394399833,False
a438cb-0-88635b3a6e3e,GROUND_LOCAL,GROUND_LOCAL,0.0,0,0.0,False
a56bcd-0-a2e64d29552e,GROUND_LOCAL,GROUND_LOCAL,0.0,0,0.0,False
a56bcd-0-5fb5c51af1a6,GROUND_LOCAL,GROUND_LOCAL,0.0,0,0.0,False
aa202a-0-f50af12114e2,GROUND_LOCAL,GROUND_LOCAL,0.0,0,0.0,False
ac1c7a-0-8f6cc7486eed,GROUND_LOCAL,GROUND_LOCAL,0.0,0,0.0,False
a55d6a-0-a130540627cf,GROUND_LOCAL,GROUND_LOCAL,0.0,0,0.0,False
a00dc7-0-f68ede7cc27a,GROUND_LOCAL,GROUND_LOCAL,0.0,0,0.0,False
a36713-0-eff4e01ebe1f,GROUND_LOCAL,GROUND_LOCAL,0.0,0,0.0,False
a438cb-0-80c4491c0f99,GROUND_LOCAL,GROUND_LOCAL,0.0,0,0.0,False
a30bf7-0-43db7ae5b768,GROUND_LOCAL,GROUND_LOCAL,0.0,0,0.0,False
a55d6a-0-83bc3fc6537b,GROUND_LOCAL,GROUND_LOCAL,0.0,0,0.0,False
a55d6a-0-c49efa4e29f3,GROUND_LOCAL,GROUND_LOCAL,0.6797501948964462,0,0.6797501948964462,False
a36713-0-a87c75bb98d2,GROUND_LOCAL,GROUND_LOCAL,0.0,0,0.0,False
aabd54-0-b3845bdcf871,GROUND_LOCAL,GROUND_LOCAL,0.0,0,0.0,False
a65426-0-a7dc80973f4e,GROUND_LOCAL,GROUND_LOCAL,2.2204460492503132e-17,0,2.2204460492503132e-17,False
aa08a1-0-8d6e042ac879,GROUND_LOCAL,GROUND_LOCAL,0.0,0,0.0,False
a55d6a-0-f5900687b1ef,GROUND_LOCAL,GROUND_LOCAL,0.0,0,0.0,False
a36713-0-9023cd3316fa,GROUND_LOCAL,GROUND_LOCAL,0.0,0,0.0,False
a438cb-0-127c9b38492d,GROUND_LOCAL,GROUND_LOCAL,0.0,0,0.0,False
aa202a-0-2a97e5ad85f0,GROUND_LOCAL,GROUND_LOCAL,0.0,0,0.0,False
ac508c-0-5f8ff7cd41c9,GROUND_LOCAL,GROUND_LOCAL,1.5616115232353716,-1,1.5616115232353716,True
a19fdb-0-d06551ba4add,GROUND_LOCAL,GROUND_LOCAL,0.0,0,0.0,False
a736a7-0-a8a7f6ef10e6,GROUND_LOCAL,GROUND_LOCAL,0.0,0,0.0,False
a506c9-0-f0797dc2763d,GROUND_LOCAL,GROUND_LOCAL,0.0,0,0.0,False
a438cb-0-221f2844c02e,GROUND_LOCAL,GROUND_LOCAL,2.7755575615628915e-18,0,2.7755575615628915e-18,False
a42f04-0-1525e4bd5fc2,GROUND_LOCAL,GROUND_LOCAL,0.0,0,0.0,False
a6e342-0-fab6f49c5dd8,GROUND_LOCAL,GROUND_LOCAL,0.0,0,0.0,False
aabd54-0-b016fc2440ae,GROUND_LOCAL,GROUND_LOCAL,0.0,0,0.0,False
a36713-0-bde2f991a009,GROUND_LOCAL,GROUND_LOCAL,0.0,0,0.0,False
a1bcfd-0-a8641053b8ea,GROUND_LOCAL,GROUND_LOCAL,0.0,0,0.0,False
a438cb-0-1e5c766e2528,GROUND_LOCAL,GROUND_LOCAL,0.0,0,0.0,False
a55d6a-0-90d33da24e06,GROUND_LOCAL,GROUND_LOCAL,0.0,0,0.0,False
a0be81-0-f320830674f2,GROUND_LOCAL,GROUND_LOCAL,0.0,0,0.0,False
a1fb14-0-498f7103c859,GROUND_LOCAL,GROUND_LOCAL,0.0,0,0.0,False
a34a9d-0-c25a329de61d,GROUND_LOCAL,GROUND_LOCAL,0.0,0,0.0,False
aa202a-0-d2f922f2ac9e,GROUND_LOCAL,GROUND_LOCAL,0.0,0,0.0,False
aa08a1-0-b3310d2da973,GROUND_LOCAL,GROUND_LOCAL,0.0,0,0.0,False
ac1c7a-0-ac92908aa604,GROUND_LOCAL,GROUND_LOCAL,0.0,0,0.0,False
a1b7e3-0-48d42ddd1f50,GROUND_LOCAL,GROUND_LOCAL,0.0,0,0.0,False
a82258-0-2485a16365c9,GROUND_LOCAL,GROUND_LOCAL,0.0,0,0.0,False
a380ef-0-acd3040faab4,GROUND_LOCAL,GROUND_LOCAL,0.7521456493487322,0,0.7521456493487322,False
a438cb-0-776d9f9cac10,GROUND_LOCAL,GROUND_LOCAL,0.0,0,0.0,False
a34a9d-0-13965466469f,GROUND_LOCAL,GROUND_LOCAL,0.0,0,0.0,False
a36713-0-0af9d3ad788a,GROUND_LOCAL,GROUND_LOCAL,0.0,0,0.0,False
a55d6a-0-a5e11ff778f5,GROUND_LOCAL,GROUND_LOCAL,0.0,0,0.0,False
a438cb-0-4cbe37c7a5db,GROUND_LOCAL,GROUND_LOCAL,2.2204460492503132e-17,0,2.2204460492503132e-17,False
aade37-0-d6bec9ec875a,GROUND_LOCAL,GROUND_LOCAL,0.9861857428327649,0,0.9861857428327649,False
~2c0ee3-0-55bcd28d90ce,GROUND_LOCAL,GROUND_LOCAL,0.0,0,0.0,False
aabd54-0-f21baeb1aa08,GROUND_LOCAL,GROUND_LOCAL,0.0,0,0.0,False
aabd54-0-493b354af63d,GROUND_LOCAL,GROUND_LOCAL,0.0,0,0.0,False
a50b14-0-2d49141104a2,GROUND_LOCAL,GROUND_LOCAL,4.4408920985006264e-17,0,4.4408920985006264e-17,False
a438cb-0-476d0bfeaee6,GROUND_LOCAL,GROUND_LOCAL,0.0,0,0.0,False
aade37-0-28578263e956,GROUND_LOCAL,GROUND_LOCAL,0.0,0,0.0,False
~2c00d0-0-574a586e8066,GROUND_LOCAL,FINAL_APPROACH,0.4996526019121433,0,0.5499477644643198,False
a438cb-0-88c78dc748c5,GROUND_LOCAL,GROUND_LOCAL,0.7761788483854432,0,0.7761788483854432,False
a42f04-0-178099147db3,GROUND_LOCAL,GROUND_LOCAL,0.0,0,0.0,False
a00dc7-0-17005eff605e,GROUND_LOCAL,GROUND_LOCAL,0.0,0,0.0,False
ac1c7a-0-0b298282e614,GROUND_LOCAL,GROUND_LOCAL,0.0,0,0.0,False
a55d6a-0-ce253c5f5c3f,GROUND_LOCAL,GROUND_LOCAL,0.0,0,0.0,False
a19fdb-0-59cff57a8e45,GROUND_LOCAL,GROUND_LOCAL,0.0,0,0.0,False
ad9a33-0-49ac359e15c4,GROUND_LOCAL,GROUND_LOCAL,0.0,0,0.0,False
a6e342-0-88e65bf5fab7,GROUND_LOCAL,GROUND_LOCAL,0.0,0,0.0,False
a53f90-0-6f276cf6fcf5,GROUND_LOCAL,GROUND_LOCAL,0.0,0,0.0,False
a55d6a-0-482bc258ca5f,GROUND_LOCAL,GROUND_LOCAL,0.5693211302105758,0,0.5693211302105758,False
a40ffc-0-015b849f801c,GROUND_LOCAL,GROUND_LOCAL,0.0,0,0.0,False
a438cb-0-8ebb5d7b7d32,GROUND_LOCAL,GROUND_LOCAL,0.0,0,0.0,False
a01b04-0-820d29c3f35a,GROUND_LOCAL,GROUND_LOCAL,0.0,0,0.0,False
a42f04-0-a5ecc8d1578d,GROUND_LOCAL,GROUND_LOCAL,0.0,0,0.0,False
a19fdb-0-cad52a5d3a53,GROUND_LOCAL,GROUND_LOCAL,0.0,0,0.0,False
a438cb-0-498800b0bab7,GROUND_LOCAL,GROUND_LOCAL,0.5827308624509208,0,0.5827308624509208,False
a438cb-0-b572effd2b2b,GROUND_LOCAL,GROUND_LOCAL,0.0,0,0.0,False
aabd54-0-3c58c9871f4b,GROUND_LOCAL,GROUND_LOCAL,0.0,0,0.0,False
a34a9d-0-9f8a95f03833,GROUND_LOCAL,GROUND_LOCAL,0.0,0,0.0,False
a19fdb-0-bb2c8b17c523,GROUND_LOCAL,GROUND_LOCAL,0.0,0,0.0,False
a36713-0-3f10704a41cd,GROUND_LOCAL,GROUND_LOCAL,0.0,0,0.0,False
~2c00d0-0-e5cf7bbddbe4,GROUND_LOCAL,FINAL_APPROACH,0.5182731461475467,0,0.5525462481185873,False
a55d6a-0-13aae2faed6e,GROUND_LOCAL,GROUND_LOCAL,0.8980535708871333,0,0.8980535708871333,False
a7eca2-0-4d8954db9191,GROUND_LOCAL,GROUND_LOCAL,0.0,0,0.0,False
a34a9d-0-e982acb2e597,GROUND_LOCAL,GROUND_LOCAL,0.0,0,0.0,False
a55d6a-0-c8eaf30aefd8,GROUND_LOCAL,GROUND_LOCAL,0.0,0,0.0,False
ac6d28-0-25990c4308c8,GROUND_LOCAL,GROUND_LOCAL,0.0,0,0.0,False
a438cb-0-f041a9412495,GROUND_LOCAL,GROUND_LOCAL,0.0,0,0.0,False
a1fb14-0-278d84bf2ac1,GROUND_LOCAL,GROUND_LOCAL,0.0,0,0.0,False
a3a78e-0-17c0cee1711e,GROUND_LOCAL,GROUND_LOCAL,0.0,0,0.0,False
a42f04-0-ca49c3b7a094,GROUND_LOCAL,GROUND_LOCAL,0.9290976639750976,0,0.9290976639750976,False
a380ef-0-af699c46a456,GROUND_LOCAL,GROUND_LOCAL,0.0,0,0.0,False
a6e342-0-a221ce2ecfdc,GROUND_LOCAL,GROUND_LOCAL,0.0,0,0.0,False
a506c9-0-fca7e1bb3bf0,GROUND_LOCAL,GROUND_LOCAL,0.0,0,0.0,False
aade37-0-2345af039efe,GROUND_LOCAL,GROUND_LOCAL,0.8862685453260541,0,0.8862685453260541,False
a55d6a-0-dfe2eace1b64,GROUND_LOCAL,GROUND_LOCAL,0.0,0,0.0,False
aabd54-0-eb8d70e2c01b,GROUND_LOCAL,GROUND_LOCAL,0.0,0,0.0,False
a438cb-0-a7aa7257328a,GROUND_LOCAL,GROUND_LOCAL,0.0,0,0.0,False
a65426-0-ea4be89d6559,GROUND_LOCAL,GROUND_LOCAL,0.6826988409679189,0,0.6826988409679189,False
a438cb-0-9bb5124e759e,GROUND_LOCAL,GROUND_LOCAL,0.6451024136300819,0,0.6451024136300819,False
~2c00d0-0-473f42c894b8,GROUND_LOCAL,FINAL_APPROACH,0.5184366296987388,0,0.5525215980483726,False
a55d6a-0-fd2c965a7abe,GROUND_LOCAL,GROUND_LOCAL,0.0,0,0.0,False
ac1c7a-0-4cb8116505b1,GROUND_LOCAL,GROUND_LOCAL,0.0,0,0.0,False
a19fdb-0-989612efc457,GROUND_LOCAL,GROUND_LOCAL,0.0,0,0.0,False
a438cb-0-38ae1e938b5a,GROUND_LOCAL,GROUND_LOCAL,0.0,0,0.0,False
a36713-0-a5e00eb6493c,GROUND_LOCAL,GROUND_LOCAL,0.0,0,0.0,False
a55d6a-0-4f0af0cef03c,GROUND_LOCAL,GROUND_LOCAL,0.0,0,0.0,False
a6e342-0-88b1a6d1b831,GROUND_LOCAL,GROUND_LOCAL,0.0,0,0.0,False
a42f04-0-2dc846e6e6a0,GROUND_LOCAL,GROUND_LOCAL,0.0,0,0.0,False
ab82d0-0-18ae39ef55a2,GROUND_LOCAL,GROUND_LOCAL,0.0,0,0.0,False
aa202a-0-2ac29895da1d,GROUND_LOCAL,GROUND_LOCAL,0.0,0,0.0,False
a438cb-0-94d8f93ddd14,GROUND_LOCAL,GROUND_LOCAL,0.0,0,0.0,False
a55d6a-0-56f0a312b926,GROUND_LOCAL,GROUND_LOCAL,0.0,0,0.0,False
a19fdb-0-fd8b2733bef0,GROUND_LOCAL,GROUND_LOCAL,0.0,0,0.0,False
aade37-0-1a6aea075f8d,GROUND_LOCAL,GROUND_LOCAL,0.0,0,0.0,False
a438cb-0-1db5f5e19a44,GROUND_LOCAL,GROUND_LOCAL,0.0,0,0.0,False
a082a4-0-781b7cf6a0d7,GROUND_LOCAL,GROUND_LOCAL,0.0,0,0.0,False
a55d6a-0-d46a1f1bd554,GROUND_LOCAL,GROUND_LOCAL,0.0,0,0.0,False
aadd92-0-ed0d75b51dc9,GROUND_LOCAL,GROUND_LOCAL,0.0,0,0.0,False
aa202a-0-dd0edc49a06e,GROUND_LOCAL,GROUND_LOCAL,0.0,0,0.0,False
a1bcfd-0-168c55b9fbdd,GROUND_LOCAL,GROUND_LOCAL,0.0,0,0.0,False
a55d6a-0-e7f6e5ddfd43,GROUND_LOCAL,GROUND_LOCAL,0.5390944955976574,0,0.5390944955976574,False
ac1c7a-0-7080f577a97e,GROUND_LOCAL,GROUND_LOCAL,0.0,0,0.0,False
a65426-0-8754d5b7578c,GROUND_LOCAL,GROUND_LOCAL,0.0,0,0.0,False
a13325-0-217b5c24a22e,GROUND_LOCAL,GROUND_LOCAL,0.0,0,0.0,False
a438cb-0-b20692f189bc,GROUND_LOCAL,GROUND_LOCAL,0.6393873917152586,0,0.6393873917152586,False
ac1c7a-0-6b09a26fb92d,GROUND_LOCAL,GROUND_LOCAL,0.0,0,0.0,False
a75c48-0-d97f1b6aac43,GROUND_LOCAL,GROUND_LOCAL,0.0,0,0.0,False
aade37-0-a26fe892a57b,GROUND_LOCAL,GROUND_LOCAL,0.0,0,0.0,False
aabd54-0-fce361a219d5,GROUND_LOCAL,GROUND_LOCAL,0.0,0,0.0,False
ab82d0-0-a2c0960f2d02,GROUND_LOCAL,GROUND_LOCAL,0.0,0,0.0,False
aade37-0-dad83a13b200,GROUND_LOCAL,GROUND_LOCAL,0.0,0,0.0,False
a438cb-0-18a54267a74d,GROUND_LOCAL,GROUND_LOCAL,0.0,0,0.0,False
a9d631-0-ca66f20493ec,GROUND_LOCAL,GROUND_LOCAL,0.0,0,0.0,False
ac1c7a-0-277d4b47c07d,GROUND_LOCAL,GROUND_LOCAL,3.4859809050817328,-1,3.4859809050817328,True
a1511e-0-85b0d0d0a60d,GROUND_LOCAL,GROUND_LOCAL,0.0,0,0.0,False
a380ef-0-fda19ee7f11f,GROUND_LOCAL,GROUND_LOCAL,1.7763568394002506e-16,0,1.7763568394002506e-16,False
a6e342-0-6cfe67c77e4c,GROUND_LOCAL,GROUND_LOCAL,0.0,0,0.0,False
a36713-0-d61e64f6938a,GROUND_LOCAL,GROUND_LOCAL,0.0,0,0.0,False
ac1c7a-0-b169420ddc5f,GROUND_LOCAL,GROUND_LOCAL,0.0,0,0.0,False
a36713-0-0cc4e00f61f9,GROUND_LOCAL,GROUND_LOCAL,0.0,0,0.0,False
aabd54-0-e7331a929975,GROUND_LOCAL,GROUND_LOCAL,0.0,0,0.0,False
a36713-0-5ef0287d494f,GROUND_LOCAL,GROUND_LOCAL,0.0,0,0.0,False
ac6d28-0-6aee0d810e47,GROUND_LOCAL,GROUND_LOCAL,0.0,0,0.0,False
aade37-0-f84e31a335b3,GROUND_LOCAL,GROUND_LOCAL,0.0,0,0.0,False
aade37-0-708c94f2915b,GROUND_LOCAL,GROUND_LOCAL,16.31525068266032,-1,16.31525068266032,True
ac28ff-0-9ddc5e10c514,GROUND_LOCAL,GROUND_LOCAL,0.0,0,0.0,False
a94af1-0-e50c141d78d8,GROUND_LOCAL,GROUND_LOCAL,0.8340767043410363,0,0.8340767043410363,False
a55d6a-0-9fb24915822a,GROUND_LOCAL,GROUND_LOCAL,0.0,0,0.0,False
a42f04-0-66769f44da6e,GROUND_LOCAL,GROUND_LOCAL,0.0,0,0.0,False
ac28ff-0-a6188f271d76,GROUND_LOCAL,GROUND_LOCAL,1.0093051304330714,-1,1.0093051304330714,True
aa202a-0-eb88c8e3f28c,GROUND_LOCAL,GROUND_LOCAL,0.0,0,0.0,False
a1fb14-0-e1d0bdd1aafe,GROUND_LOCAL,GROUND_LOCAL,0.0,0,0.0,False
a38ee2-0-d98797ccb392,GROUND_LOCAL,GROUND_LOCAL,0.0,0,0.0,False
aabd54-0-04dcfad56021,GROUND_LOCAL,GROUND_LOCAL,0.0,0,0.0,False
a136eb-0-c1b4eef4aeec,GROUND_LOCAL,GROUND_LOCAL,0.0,0,0.0,False
a438cb-0-32ea093bcd74,GROUND_LOCAL,GROUND_LOCAL,0.0,0,0.0,False
~2c0ee3-0-e7bcbf1dd906,GROUND_LOCAL,GROUND_LOCAL,0.0,0,0.0,False
a0be81-0-339cce6f3abe,GROUND_LOCAL,GROUND_LOCAL,0.0,0,0.0,False
a55d6a-0-a3a8e16ca190,GROUND_LOCAL,GROUND_LOCAL,0.5647564857231787,0,0.5647564857231787,False
ac6d28-0-2f2166ff3cc8,GROUND_LOCAL,GROUND_LOCAL,0.0,0,0.0,False
a50b14-0-f386d8b7408e,GROUND_LOCAL,GROUND_LOCAL,0.0,0,0.0,False
ac1c7a-0-dac76fa995a0,GROUND_LOCAL,GROUND_LOCAL,0.0,0,0.0,False
ac1c7a-0-e3d018d8e79f,GROUND_LOCAL,GROUND_LOCAL,0.0,0,0.0,False
a55d6a-0-097777d88a76,GROUND_LOCAL,GROUND_LOCAL,0.3915050893432073,0,0.3915050893432073,False
a886af-0-a4615283ad07,GROUND_LOCAL,GROUND_LOCAL,0.0,0,0.0,False
a55d6a-0-1293abac0d5f,GROUND_LOCAL,GROUND_LOCAL,0.0,0,0.0,False
a19fdb-0-b49035bf1736,GROUND_LOCAL,GROUND_LOCAL,0.0,0,0.0,False
a55d6a-0-4eec23e32b3f,GROUND_LOCAL,GROUND_LOCAL,0.0,0,0.0,False
aa08a1-0-56cbf3cec3d4,GROUND_LOCAL,GROUND_LOCAL,0.0,0,0.0,False
aa202a-0-dfd4bfeeca6f,GROUND_LOCAL,GROUND_LOCAL,8.881784197001253e-17,0,8.881784197001253e-17,False
a36713-0-05d89ecf8aa1,GROUND_LOCAL,GROUND_LOCAL,0.0,0,0.0,False
a438cb-0-bc69443c1a5f,GROUND_LOCAL,GROUND_LOCAL,1.7517485920056053,-1,1.7517485920056053,True
a55d6a-0-d49960c56b81,GROUND_LOCAL,GROUND_LOCAL,0.0,0,0.0,False
a082a4-0-ddfa23a1ffe0,GROUND_LOCAL,GROUND_LOCAL,0.0,0,0.0,False
a42f04-0-32a943edbf4a,GROUND_LOCAL,GROUND_LOCAL,0.5523885943341813,0,0.5523885943341813,False
aabd54-0-db19f846af5d,GROUND_LOCAL,GROUND_LOCAL,0.0,0,0.0,False
a42f04-0-f699d9a80c56,GROUND_LOCAL,GROUND_LOCAL,1.7763568394002506e-16,0,1.7763568394002506e-16,False
a19fdb-0-62f325289269,GROUND_LOCAL,GROUND_LOCAL,0.0,0,0.0,False
a42f04-0-20b35f569a0b,GROUND_LOCAL,GROUND_LOCAL,0.0,0,0.0,False
a50b14-0-00497f3b90d3,GROUND_LOCAL,GROUND_LOCAL,0.0,0,0.0,False
a736a7-0-82712f5ee64e,GROUND_LOCAL,GROUND_LOCAL,0.0,0,0.0,False
a65426-0-249145351bda,GROUND_LOCAL,GROUND_LOCAL,1.0645956978828202,-1,1.0645956978828202,True
a34a9d-0-105f57f6d3f3,GROUND_LOCAL,GROUND_LOCAL,0.0,0,0.0,False
a438cb-0-484fd9ba688f,GROUND_LOCAL,GROUND_LOCAL,0.0,0,0.0,False
a55d6a-0-342ccfa7e9d3,GROUND_LOCAL,GROUND_LOCAL,0.0,0,0.0,False
a438cb-0-b2f50ef163d1,GROUND_LOCAL,GROUND_LOCAL,0.5939992472058448,0,0.5939992472058448,False
a136eb-0-6bedc97c29ae,GROUND_LOCAL,GROUND_LOCAL,0.0,0,0.0,False
ab82d0-0-032767fd2530,GROUND_LOCAL,GROUND_LOCAL,0.0,0,0.0,False
a438cb-0-dde1522b2ac8,GROUND_LOCAL,GROUND_LOCAL,1.987324986880812,-1,1.987324986880812,True
a1bcfd-0-b9c0a26963f7,GROUND_LOCAL,GROUND_LOCAL,0.0,0,0.0,False
a1bcfd-0-07d1fb2a40af,GROUND_LOCAL,GROUND_LOCAL,0.0,0,0.0,False
a55d6a-0-e9f871366ae6,GROUND_LOCAL,GROUND_LOCAL,0.66947352964159,0,0.66947352964159,False
aa202a-0-fc366e3f9498,GROUND_LOCAL,GROUND_LOCAL,0.0,0,0.0,False
a36713-0-563f5783be29,GROUND_LOCAL,GROUND_LOCAL,0.0,0,0.0,False
~2c0ee3-0-714b0238f0b7,GROUND_LOCAL,GROUND_LOCAL,0.0,0,0.0,False
a75c48-0-dcdbec396990,HOLDING_LOCAL,HOLDING_LOCAL,0.25539312026699523,0,0.25539312026699523,False
ab9126-0-96ee30caf09f,HOLDING_LOCAL,HOLDING_LOCAL,0.29229663361728747,0,0.29229663361728747,False
a0fd26-0-e73a8f795790,HOLDING_LOCAL,HOLDING_LOCAL,0.6888733194585257,0,0.6888733194585257,False
a8f971-0-70f44fae047b,HOLDING_LOCAL,HOLDING_LOCAL,0.28031937370262755,0,0.28031937370262755,False
a5a7cb-0-d8d032908861,HOLDING_LOCAL,HOLDING_LOCAL,0.4887417803820067,0,0.4887417803820067,False
aa1b22-0-e8700937c428,HOLDING_LOCAL,HOLDING_LOCAL,0.0,0,0.0,False
a30bf7-0-9079ff0f3612,HOLDING_LOCAL,HOLDING_LOCAL,0.18388365928072792,0,0.18388365928072792,False
a2d880-0-4b2c3405d4f8,HOLDING_LOCAL,HOLDING_LOCAL,0.0,0,0.0,False
a8371a-0-fced5f8b2162,HOLDING_LOCAL,HOLDING_LOCAL,0.2660960924452678,0,0.2660960924452678,False
a12fd2-0-94fe4a05f1ff,HOLDING_LOCAL,HOLDING_LOCAL,1.0544708693356752,-1,1.0544708693356752,True
a39dca-0-8107d463f1d3,HOLDING_LOCAL,HOLDING_LOCAL,0.3083582537192977,0,0.3083582537192977,False
a02a0d-0-41cc2e7490b6,HOLDING_LOCAL,HOLDING_LOCAL,0.2502426317992903,0,0.2502426317992903,False
a86bb2-0-d8349c8aa951,HOLDING_LOCAL,HOLDING_LOCAL,0.19295275104892776,0,0.19295275104892776,False
ab7cd3-0-011172763319,HOLDING_LOCAL,HOLDING_LOCAL,0.27359761219500633,0,0.27359761219500633,False
a16162-0-9ebad8cc4888,HOLDING_LOCAL,HOLDING_LOCAL,0.5777055935428238,0,0.5777055935428238,False
abeb89-0-f5f90ef3c655,HOLDING_LOCAL,HOLDING_LOCAL,0.0,0,0.0,False
a69e14-0-dbd2498c6824,HOLDING_LOCAL,HOLDING_LOCAL,0.0,0,0.0,False
a5bc5a-0-4ae731af5406,HOLDING_LOCAL,HOLDING_LOCAL,0.0,0,0.0,False
a4c708-0-70c2d07f9260,HOLDING_LOCAL,HOLDING_LOCAL,0.30362563750465976,0,0.30362563750465976,False
a30bf7-0-9330211bc997,HOLDING_LOCAL,HOLDING_LOCAL,0.46781959247180005,0,0.46781959247180005,False
aca548-0-da3bdf8a2fe7,HOLDING_LOCAL,HOLDING_LOCAL,0.0,0,0.0,False
adc8fc-0-a920642099d9,HOLDING_LOCAL,HOLDING_LOCAL,1.3140479236984004,-1,1.3140479236984004,True
a30cde-0-79df1f71a12a,HOLDING_LOCAL,HOLDING_LOCAL,0.0,0,0.0,False
a52d10-0-4b96e87c39ee,HOLDING_LOCAL,HOLDING_LOCAL,0.1914364249447734,0,0.1914364249447734,False
a81423-0-b7469091bb1d,HOLDING_LOCAL,HOLDING_LOCAL,1.5423471925801175,-1,1.5423471925801175,True
aab5a7-0-1b0aa6e8cec3,HOLDING_LOCAL,HOLDING_LOCAL,0.0,0,0.0,False
ad47d2-0-31a89967e65c,HOLDING_LOCAL,HOLDING_LOCAL,0.2492382900051732,0,0.2492382900051732,False
a783b8-0-e447755f5a83,HOLDING_LOCAL,HOLDING_LOCAL,0.0,0,0.0,False
a63ef2-0-23d6686328aa,HOLDING_LOCAL,HOLDING_LOCAL,8.201958936027483e-17,0,8.201958936027483e-17,False
a95fe6-0-41b82c58d58a,HOLDING_LOCAL,HOLDING_LOCAL,0.3704135166335881,0,0.3704135166335881,False
a69e14-0-9cba17bd743b,HOLDING_LOCAL,HOLDING_LOCAL,0.1863060604110749,0,0.1863060604110749,False
a95795-0-51d2e93723bc,HOLDING_LOCAL,HOLDING_LOCAL,0.3421463806661194,0,0.3421463806661194,False
a515ec-0-286de396f430,HOLDING_LOCAL,HOLDING_LOCAL,0.1934403110542623,0,0.1934403110542623,False
a95fe6-0-4dba4fa88ae4,HOLDING_LOCAL,HOLDING_LOCAL,0.0,0,0.0,False
aa988a-0-28dec99501a3,HOLDING_LOCAL,HOLDING_LOCAL,0.33374167988390036,0,0.33374167988390036,False
a4a484-0-b7847980b085,HOLDING_LOCAL,HOLDING_LOCAL,0.35976708025352483,0,0.35976708025352483,False
a9ecdf-0-ab805aecce69,HOLDING_LOCAL,HOLDING_LOCAL,0.26770684580779186,0,0.26770684580779186,False
acf735-0-494bc09bd5d7,HOLDING_LOCAL,HOLDING_LOCAL,0.17371973857391568,0,0.17371973857391568,False
a88bed-0-00f97e61b2a2,HOLDING_LOCAL,HOLDING_LOCAL,0.09082758195146048,0,0.09082758195146048,False
ad64ea-0-84e379104b58,HOLDING_LOCAL,HOLDING_LOCAL,4.323602724943312,-1,4.323602724943312,True
a01b04-0-292bb1214357,HOLDING_LOCAL,HOLDING_LOCAL,0.27845024606314145,0,0.27845024606314145,False
a6778d-0-4a7b2233f716,HOLDING_LOCAL,GROUND_LOCAL,4.029657531871677,-1,5.19309468924331,True
a96d79-0-e420e8c64a1d,HOLDING_LOCAL,HOLDING_LOCAL,1.3944696752739012,-1,1.3944696752739012,True
a86891-0-bc0a771e2bfa,HOLDING_LOCAL,HOLDING_LOCAL,0.38450609432973626,0,0.38450609432973626,False
a94450-0-26bd00936004,HOLDING_LOCAL,HOLDING_LOCAL,0.7485787501788705,0,0.7485787501788705,False
aac5ea-0-83565edf39d0,HOLDING_LOCAL,HOLDING_LOCAL,0.19522003760308146,0,0.19522003760308146,False
a67040-0-b03bdbe1b9b4,HOLDING_LOCAL,HOLDING_LOCAL,0.2673916232500318,0,0.2673916232500318,False
a9ecdf-0-322739d61100,HOLDING_LOCAL,HOLDING_LOCAL,1.4387187717739705e-16,0,1.4387187717739705e-16,False
a52d10-0-619881a9b2d7,HOLDING_LOCAL,HOLDING_LOCAL,1.3621492670107536,-1,1.3621492670107536,True
a67040-0-3992ef3a8a81,HOLDING_LOCAL,HOLDING_LOCAL,0.12586042344138454,0,0.12586042344138454,False
a2e1c3-0-8b74ec775341,HOLDING_LOCAL,HOLDING_LOCAL,0.0,0,0.0,False
ad64ea-0-f239b1f33ff2,HOLDING_LOCAL,HOLDING_LOCAL,1.1078118763866782,-1,1.1078118763866782,True
a592bc-0-38d73c4197e3,HOLDING_LOCAL,HOLDING_LOCAL,0.44767621650591927,0,0.44767621650591927,False
adc8fc-0-b95ca43c95a0,HOLDING_LOCAL,HOLDING_LOCAL,0.20840975794966157,0,0.20840975794966157,False
a69e14-0-1e14bc2145b7,HOLDING_LOCAL,HOLDING_LOCAL,0.11042540810978851,0,0.11042540810978851,False
a381d5-0-069b362cfb9b,HOLDING_LOCAL,HOLDING_LOCAL,0.27246951285715637,0,0.27246951285715637,False
ad1747-0-863800c3c7f7,HOLDING_LOCAL,HOLDING_LOCAL,1.3167173883540968,-1,1.3167173883540968,True
780a70-0-37b61135af52,HOLDING_LOCAL,HOLDING_LOCAL,0.0,0,0.0,False
acf735-0-4fc924918afd,HOLDING_LOCAL,HOLDING_LOCAL,0.22246842353058022,0,0.22246842353058022,False
a0ee67-0-595a38bd4cf1,HOLDING_LOCAL,HOLDING_LOCAL,0.4617964252454786,0,0.4617964252454786,False
a56464-0-80eb0a77f872,HOLDING_LOCAL,HOLDING_LOCAL,0.3219528909671352,0,0.3219528909671352,False
ad9a33-0-da5dd7f61dfb,HOLDING_LOCAL,HOLDING_LOCAL,0.0,0,0.0,False
a02982-0-6581868906b2,HOLDING_LOCAL,HOLDING_LOCAL,0.3163158133715931,0,0.3163158133715931,False
a3410d-0-490a2a3081ec,HOLDING_LOCAL,HOLDING_LOCAL,0.6556985753729804,0,0.6556985753729804,False
acbb63-0-5a84a880245a,HOLDING_LOCAL,HOLDING_LOCAL,0.32877086079379864,0,0.32877086079379864,False
acb3dc-0-8947d411d204,HOLDING_LOCAL,HOLDING_LOCAL,0.2901289167969362,0,0.2901289167969362,False
aaa710-0-6d6b2c73aee3,HOLDING_LOCAL,HOLDING_LOCAL,0.332690500792221,0,0.332690500792221,False
a95fe6-0-ff4e4debc467,HOLDING_LOCAL,HOLDING_LOCAL,0.0,0,0.0,False
a50c7b-0-c3399cf9bfa9,HOLDING_LOCAL,HOLDING_LOCAL,0.14537225774775378,0,0.14537225774775378,False
a01b04-0-e05856b72d5e,HOLDING_LOCAL,HOLDING_LOCAL,0.2980852458784359,0,0.2980852458784359,False
a24428-0-89aa160c2041,HOLDING_LOCAL,HOLDING_LOCAL,2.741584313190178,-1,2.741584313190178,True
a86bb2-0-f716af62fb53,HOLDING_LOCAL,HOLDING_LOCAL,0.2737008183637124,0,0.2737008183637124,False
aaaa93-0-34677ec9e88f,HOLDING_LOCAL,HOLDING_LOCAL,3.696411411317417,-1,3.696411411317417,True
a1c8cd-0-694fa88c3c5d,HOLDING_LOCAL,HOLDING_LOCAL,0.0,0,0.0,False
a13881-0-6457086ec48a,HOLDING_LOCAL,HOLDING_LOCAL,0.9395014280751378,0,0.9395014280751378,False
a3e3c3-0-673b2dd0fb8e,HOLDING_LOCAL,HOLDING_LOCAL,0.0,0,0.0,False
a1c8cd-0-3af3ebf00ec3,HOLDING_LOCAL,HOLDING_LOCAL,0.0,0,0.0,False
ac3110-0-33a5b2b8587a,HOLDING_LOCAL,HOLDING_LOCAL,0.22990348545527803,0,0.22990348545527803,False
a7e023-0-504717ddf987,HOLDING_LOCAL,HOLDING_LOCAL,0.30842357280424393,0,0.30842357280424393,False
a9d631-0-f92af3583c61,HOLDING_LOCAL,HOLDING_LOCAL,0.0,0,0.0,False
a1c8cd-0-76c0a80d77e1,HOLDING_LOCAL,HOLDING_LOCAL,0.5332376505178223,0,0.5332376505178223,False
a710bc-0-b62af4f2a22b,HOLDING_LOCAL,HOLDING_LOCAL,0.0,0,0.0,False
a05e16-0-a27dda296f07,HOLDING_LOCAL,HOLDING_LOCAL,0.27353634041975405,0,0.27353634041975405,False
aaaa93-0-db172390d5fe,HOLDING_LOCAL,HOLDING_LOCAL,0.3816398956587319,0,0.3816398956587319,False
a710bc-0-ecd0eadaf308,HOLDING_LOCAL,HOLDING_LOCAL,0.6261287876749705,0,0.6261287876749705,False
a9d599-0-06dcb1b7cdf4,HOLDING_LOCAL,HOLDING_LOCAL,0.0,0,0.0,False
a7dadc-0-f4078d9b4d25,HOLDING_LOCAL,LOW_LEVEL_TRANSIT,2.3957849500465964,-1,8.74930877048197,True
a36c3b-0-152be74e62aa,HOLDING_LOCAL,HOLDING_LOCAL,0.1867630720413104,0,0.1867630720413104,False
a47b69-0-fa9954f7c1f3,HOLDING_LOCAL,HOLDING_LOCAL,0.16132031168226316,0,0.16132031168226316,False
aa372e-0-25634bf2969a,HOLDING_LOCAL,HOLDING_LOCAL,0.0,0,0.0,False
ab71e6-0-848e604016a0,HOLDING_LOCAL,HOLDING_LOCAL,0.16681821732538174,0,0.16681821732538174,False
aaa710-0-e99f60ef1ebc,HOLDING_LOCAL,HOLDING_LOCAL,0.0,0,0.0,False
a41f04-0-eb0dfc085c2c,HOLDING_LOCAL,HOLDING_LOCAL,0.33010553561746414,0,0.33010553561746414,False
a75c48-0-47c62cbb6ea6,HOLDING_LOCAL,HOLDING_LOCAL,0.0,0,0.0,False
a09d73-0-e64a71de01be,HOLDING_LOCAL,HOLDING_LOCAL,0.0,0,0.0,False
a9fa4e-0-8819fa703d12,HOLDING_LOCAL,HOLDING_LOCAL,0.0,0,0.0,False
ad4b99-0-4a4bdaa6b3fb,HOLDING_LOCAL,HOLDING_LOCAL,0.0,0,0.0,False
a64f85-0-7da3848f6b5f,HOLDING_LOCAL,HOLDING_LOCAL,0.0,0,0.0,False
a2dd23-0-6ebcbbcc8ef9,HOLDING_LOCAL,HOLDING_LOCAL,0.7743846768664584,0,0.7743846768664584,False
a1c75a-0-1a1ad1a13400,HOLDING_LOCAL,HOLDING_LOCAL,0.14633211600382742,0,0.14633211600382742,False
a02a0d-0-b485f014fa83,HOLDING_LOCAL,HOLDING_LOCAL,0.0,0,0.0,False
a9d9cf-0-a1d4ee6c4c62,HOLDING_LOCAL,HOLDING_LOCAL,0.8242315641247824,0,0.8242315641247824,False
aca548-0-c3f06161542d,HOLDING_LOCAL,HOLDING_LOCAL,0.490459063864865,0,0.490459063864865,False
a5d762-0-b1a9753f2795,HOLDING_LOCAL,HOLDING_LOCAL,0.3106627473535126,0,0.3106627473535126,False
a989e5-0-74fa85982590,HOLDING_LOCAL,HOLDING_LOCAL,0.3313755429091564,0,0.3313755429091564,False
a515ec-0-7b96535ce3d8,HOLDING_LOCAL,HOLDING_LOCAL,0.0,0,0.0,False
a2eb16-0-d9d01fd80440,HOLDING_LOCAL,HOLDING_LOCAL,0.2674575864408024,0,0.2674575864408024,False
a7e276-0-3f0881928d85,HOLDING_LOCAL,HOLDING_LOCAL,0.0,0,0.0,False
a37c00-0-b5f120cd8ad5,HOLDING_LOCAL,HOLDING_LOCAL,0.2652170741387871,0,0.2652170741387871,False
a05d05-0-4524a6c248fb,HOLDING_LOCAL,HOLDING_LOCAL,0.4330851771773856,0,0.4330851771773856,False
a438cb-0-e1cb979165cb,HOLDING_LOCAL,HOLDING_LOCAL,0.1512991400556459,0,0.1512991400556459,False
a06408-0-e75265c555de,HOLDING_LOCAL,HOLDING_LOCAL,0.2632155983429707,0,0.2632155983429707,False
a515ec-0-327331d7460d,HOLDING_LOCAL,HOLDING_LOCAL,0.0,0,0.0,False
acf735-0-0e19087f684f,HOLDING_LOCAL,HOLDING_LOCAL,0.4285717920867978,0,0.4285717920867978,False
a1bc9f-0-bccaa1ae21b7,HOLDING_LOCAL,HOLDING_LOCAL,0.33872598114398034,0,0.33872598114398034,False
a78cfa-0-d4af7d11ea39,HOLDING_LOCAL,HOLDING_LOCAL,6.809260031406318e-16,0,6.809260031406318e-16,False
a7e023-0-913abbf80b24,HOLDING_LOCAL,HOLDING_LOCAL,0.0,0,0.0,False
ad9a33-0-f422c0c4b6ac,HOLDING_LOCAL,HOLDING_LOCAL,0.2292976278271591,0,0.2292976278271591,False
a4c7b9-0-04f8ccf787c0,HOLDING_LOCAL,HOLDING_LOCAL,0.14068465411523662,0,0.14068465411523662,False
a82258-0-5d7a5e9bda57,HOLDING_LOCAL,HOLDING_LOCAL,0.15423938802198323,0,0.15423938802198323,False
a95fe6-0-14d28a2f394d,HOLDING_LOCAL,HOLDING_LOCAL,0.5106946228911371,0,0.5106946228911371,False
a95fe6-0-18a8967e3644,HOLDING_LOCAL,HOLDING_LOCAL,0.0,0,0.0,False
a27f65-0-764461d2205f,HOLDING_LOCAL,HOLDING_LOCAL,2.3203524627590078,-1,2.3203524627590078,True
a4c7b9-0-0bd0ea18ebe5,HOLDING_LOCAL,HOLDING_LOCAL,0.0,0,0.0,False
a95fe6-0-30701879a685,HOLDING_LOCAL,HOLDING_LOCAL,0.0,0,0.0,False
a95fe6-0-530e9a52637e,HOLDING_LOCAL,HOLDING_LOCAL,0.3865790207037665,0,0.3865790207037665,False
a02a0d-0-2493dafdacd9,HOLDING_LOCAL,HOLDING_LOCAL,0.5243640153844947,0,0.5243640153844947,False
a53f90-0-642a121ed95e,HOLDING_LOCAL,HOLDING_LOCAL,0.2151990470757889,0,0.2151990470757889,False
a9d599-0-0ceb4922f700,HOLDING_LOCAL,HOLDING_LOCAL,0.0,0,0.0,False
aa0d55-0-bcf0ba99b32d,HOLDING_LOCAL,HOLDING_LOCAL,0.6064914433352732,0,0.6064914433352732,False
a54f68-0-2051063f9aea,HOLDING_LOCAL,HOLDING_LOCAL,0.0,0,0.0,False
a413eb-0-acc4c10cb850,HOLDING_LOCAL,HOLDING_LOCAL,0.15424580375724922,0,0.15424580375724922,False
a63ef2-0-653fc68d1ad1,HOLDING_LOCAL,HOLDING_LOCAL,0.0,0,0.0,False
a1f3e0-0-544a62bf467e,HOLDING_LOCAL,HOLDING_LOCAL,0.3101594909811891,0,0.3101594909811891,False
a67040-0-d5eb8547f096,HOLDING_LOCAL,HOLDING_LOCAL,0.28646975212150977,0,0.28646975212150977,False
a44e18-0-202f2596e2a5,HOLDING_LOCAL,HOLDING_LOCAL,0.0,0,0.0,False
a52d10-0-f3f1832ff72f,HOLDING_LOCAL,HOLDING_LOCAL,0.3419224187364321,0,0.3419224187364321,False
adc8fc-0-638a1737f62b,HOLDING_LOCAL,HOLDING_LOCAL,0.23664644444651206,0,0.23664644444651206,False
a027d5-0-de262af724d8,HOLDING_LOCAL,HOLDING_LOCAL,0.23625138976799245,0,0.23625138976799245,False
a1c8dc-0-4db4d8611338,HOLDING_LOCAL,HOLDING_LOCAL,0.9158040978855522,0,0.9158040978855522,False
a0a77b-0-4f9212a3b09d,HOLDING_LOCAL,HOLDING_LOCAL,0.0,0,0.0,False
a710bc-0-05003544d9ae,HOLDING_LOCAL,HOLDING_LOCAL,0.0,0,0.0,False
a989e5-0-f285ee7b92ea,HOLDING_LOCAL,HOLDING_LOCAL,0.22078122880762302,0,0.22078122880762302,False
a870bc-0-d3b9f3481afc,HOLDING_LOCAL,HOLDING_LOCAL,0.2616378955738862,0,0.2616378955738862,False
a7899e-0-a5d0aa78ee5a,HOLDING_LOCAL,HOLDING_LOCAL,0.0,0,0.0,False
a09929-0-27579427d582,HOLDING_LOCAL,HOLDING_LOCAL,0.22444670510760867,0,0.22444670510760867,False
a4c708-0-7a559c71e6e0,HOLDING_LOCAL,HOLDING_LOCAL,0.0,0,0.0,False
a0fd26-0-a4c687c57588,HOLDING_LOCAL,HOLDING_LOCAL,0.2977335019614583,0,0.2977335019614583,False
a728f0-0-892bd80c87b5,HOLDING_LOCAL,HOLDING_LOCAL,0.3719993295177436,0,0.3719993295177436,False
a552fd-0-862650998fc7,HOLDING_LOCAL,HOLDING_LOCAL,0.0,0,0.0,False
a95fe6-0-28808464d0b3,HOLDING_LOCAL,HOLDING_LOCAL,0.35512201150838785,0,0.35512201150838785,False
a1c8cd-0-94bf58fad5fa,HOLDING_LOCAL,HOLDING_LOCAL,0.647932717518283,0,0.647932717518283,False
a3e011-0-1fcada859f51,HOLDING_LOCAL,HOLDING_LOCAL,1.4387187717739705e-16,0,1.4387187717739705e-16,False
ac6f41-0-7c32c8945053,HOLDING_LOCAL,HOLDING_LOCAL,0.0,0,0.0,False
a26a48-0-430bf8ec7b30,HOLDING_LOCAL,HOLDING_LOCAL,0.0,0,0.0,False
a3fb63-0-983e09a5801b,HOLDING_LOCAL,HOLDING_LOCAL,0.3076231964057874,0,0.3076231964057874,False
a80f63-0-ce5df7843c99,HOLDING_LOCAL,HOLDING_LOCAL,0.13939031369437824,0,0.13939031369437824,False
a9bc8a-0-2a547269a377,HOLDING_LOCAL,HOLDING_LOCAL,0.8932320120041223,0,0.8932320120041223,False
a54f68-0-8e1928770220,HOLDING_LOCAL,HOLDING_LOCAL,0.1251228261089786,0,0.1251228261089786,False
a0520e-0-ed66dc0d5bc1,HOLDING_LOCAL,HOLDING_LOCAL,0.12205857167875395,0,0.12205857167875395,False
a64f85-0-ce185256624f,HOLDING_LOCAL,HOLDING_LOCAL,0.3575366554452954,0,0.3575366554452954,False
a3410d-0-8fd11d2bf8fb,HOLDING_LOCAL,HOLDING_LOCAL,0.0,0,0.0,False
a730bb-0-5135d79702f8,HOLDING_LOCAL,HOLDING_LOCAL,0.2874765679519551,0,0.2874765679519551,False
a74d3c-0-f4e935c4baa6,HOLDING_LOCAL,HOLDING_LOCAL,0.23682338620279678,0,0.23682338620279678,False
ace31a-0-9b4d9d43e5a4,HOLDING_LOCAL,HOLDING_LOCAL,0.21994080136950553,0,0.21994080136950553,False
a27ca5-0-8a30bc31abdc,HOLDING_LOCAL,HOLDING_LOCAL,0.4047708986885925,0,0.4047708986885925,False
a30bf7-0-3cd1320f65d9,HOLDING_LOCAL,HOLDING_LOCAL,0.0,0,0.0,False
ac4b9a-0-ea1ca79295f7,HOLDING_LOCAL,HOLDING_LOCAL,0.193121643250945,0,0.193121643250945,False
aaa5d4-0-f33c5a938a4d,HOLDING_LOCAL,HOLDING_LOCAL,0.2867474755491636,0,0.2867474755491636,False
aa2523-0-c0c8da1e2e57,HOLDING_LOCAL,HOLDING_LOCAL,0.33246866697695004,0,0.33246866697695004,False
a8371a-0-e24bfa6fab6f,HOLDING_LOCAL,HOLDING_LOCAL,0.0,0,0.0,False
a9a2d5-0-cd70b7f8b0f2,HOLDING_LOCAL,HOLDING_LOCAL,0.0,0,0.0,False
a9d631-0-5a095e7b409a,HOLDING_LOCAL,HOLDING_LOCAL,0.20284614368416246,0,0.20284614368416246,False
a6778d-0-b1cacdb25553,HOLDING_LOCAL,HOLDING_LOCAL,0.0,0,0.0,False
adc8fc-0-00a6a44c504d,HOLDING_LOCAL,HOLDING_LOCAL,0.0,0,0.0,False
a010e5-0-89fc3059fe88,HOLDING_LOCAL,HOLDING_LOCAL,0.5017181528964275,0,0.5017181528964275,False
a36713-0-30ffa0d09563,HOLDING_LOCAL,HOLDING_LOCAL,0.0,0,0.0,False
a1c8cd-0-57b8c5058b49,HOLDING_LOCAL,HOLDING_LOCAL,0.0,0,0.0,False
a6b227-0-17c0e99d1a6f,HOLDING_LOCAL,HOLDING_LOCAL,1.0645594631273583,-1,1.0645594631273583,True
a82258-0-0e23d57a2b8b,HOLDING_LOCAL,HOLDING_LOCAL,0.1999177439334185,0,0.1999177439334185,False
a95fe6-0-193df85ce6dd,HOLDING_LOCAL,HOLDING_LOCAL,0.0,0,0.0,False
a7a87a-0-11867edb75d1,HOLDING_LOCAL,HOLDING_LOCAL,0.22657588146178265,0,0.22657588146178265,False
a1bc9f-0-348363cd0a94,HOLDING_LOCAL,HOLDING_LOCAL,0.36315782242866207,0,0.36315782242866207,False
a01b04-0-629e186b97a4,HOLDING_LOCAL,HOLDING_LOCAL,0.4221993069745025,0,0.4221993069745025,False
a008a4-0-176ee413bc89,HOLDING_LOCAL,HOLDING_LOCAL,0.16954044979522018,0,0.16954044979522018,False
a247e7-0-cae8c89c6378,HOLDING_LOCAL,HOLDING_LOCAL,0.4267894081188799,0,0.4267894081188799,False
a01b04-0-d410773fe4c5,HOLDING_LOCAL,HOLDING_LOCAL,0.0,0,0.0,False
a27ca5-0-6503cb720527,HOLDING_LOCAL,HOLDING_LOCAL,0.0,0,0.0,False
a95fe6-0-baf5f42cb6fb,HOLDING_LOCAL,HOLDING_LOCAL,0.28907730696150213,0,0.28907730696150213,False
a45c62-0-be3f76d14e5c,HOLDING_LOCAL,HOLDING_LOCAL,0.0,0,0.0,False
a01b04-0-f28483a730cb,HOLDING_LOCAL,HOLDING_LOCAL,0.19351988217188348,0,0.19351988217188348,False
a27ca5-0-b7e774a39b72,HOLDING_LOCAL,HOLDING_LOCAL,0.14821136884096475,0,0.14821136884096475,False
a1c8cd-0-3088d31d0340,HOLDING_LOCAL,HOLDING_LOCAL,0.2675237803872302,0,0.2675237803872302,False
a24a3d-0-2a7e8f953f08,HOLDING_LOCAL,HOLDING_LOCAL,0.2901353880715217,0,0.2901353880715217,False
a0e44b-0-f94bdc14043c,HOLDING_LOCAL,HOLDING_LOCAL,3.345903495825814,-1,3.345903495825814,True
a1b16c-0-fdf6132335ed,HOLDING_LOCAL,HOLDING_LOCAL,0.4149497097533191,0,0.4149497097533191,False
a82258-0-e8c8e81a0632,HOLDING_LOCAL,HOLDING_LOCAL,0.14019040085196002,0,0.14019040085196002,False
a06de4-0-b66910185bd3,HOLDING_LOCAL,HOLDING_LOCAL,0.5223231778495554,0,0.5223231778495554,False
a75254-0-b1a9c46caf55,HOLDING_LOCAL,DEPARTURE,1.2378594641466572,-1,1.4503222907157622,True
a6fc80-0-0dfa6e625f55,HOLDING_LOCAL,HOLDING_LOCAL,0.15218561373075631,0,0.15218561373075631,False
a213db-0-929d078bcd6b,HOLDING_LOCAL,HOLDING_LOCAL,0.0,0,0.0,False
a915e5-0-69d5e4f3c2e1,HOLDING_LOCAL,HOLDING_LOCAL,0.0,0,0.0,False
a6cde2-0-7ca8497fab2b,HOLDING_LOCAL,HOLDING_LOCAL,0.2811202969587932,0,0.2811202969587932,False
a67040-0-f42cb9e69596,HOLDING_LOCAL,HOLDING_LOCAL,0.0,0,0.0,False
a438cb-0-5da8234f4242,HOLDING_LOCAL,HOLDING_LOCAL,0.400601183615469,0,0.400601183615469,False
a9fa4e-0-30c9d15e5cb2,HOLDING_LOCAL,HOLDING_LOCAL,0.548616353333429,0,0.548616353333429,False
a8f971-0-067455d23d38,HOLDING_LOCAL,HOLDING_LOCAL,0.0,0,0.0,False
ac3110-0-4e3c115db83b,HOLDING_LOCAL,HOLDING_LOCAL,0.0,0,0.0,False
a95fe6-0-39c8602b8058,HOLDING_LOCAL,HOLDING_LOCAL,0.24433147068416172,0,0.24433147068416172,False
a027d5-0-0bc0331321cd,HOLDING_LOCAL,HOLDING_LOCAL,0.8834015809250407,0,0.8834015809250407,False
a2dd23-0-59d843ac3dc7,HOLDING_LOCAL,HOLDING_LOCAL,0.46248051934963863,0,0.46248051934963863,False
a3410d-0-8ef088f0d11c,HOLDING_LOCAL,HOLDING_LOCAL,0.0,0,0.0,False
a0d6a8-0-e401a82b3989,HOLDING_LOCAL,HOLDING_LOCAL,0.25278199493871034,0,0.25278199493871034,False
a2cce9-0-0262f6ba0067,HOLDING_LOCAL,HOLDING_LOCAL,2.8454672477187404,-1,2.8454672477187404,True
a01b04-0-eb4c2c088812,HOLDING_LOCAL,HOLDING_LOCAL,0.0,0,0.0,False
a13881-0-8ac75bd883a6,HOLDING_LOCAL,HOLDING_LOCAL,0.6913214204095123,0,0.6913214204095123,False
a64f85-0-a05e6bffd135,HOLDING_LOCAL,HOLDING_LOCAL,0.0,0,0.0,False
a95fe6-0-d499377d4057,HOLDING_LOCAL,HOLDING_LOCAL,0.0,0,0.0,False
a30bf7-0-4bebfbc2b690,HOLDING_LOCAL,HOLDING_LOCAL,0.0,0,0.0,False
a30bf7-0-e31375d1d182,HOLDING_LOCAL,HOLDING_LOCAL,0.0,0,0.0,False
a38ee2-0-32483529ec88,HOLDING_LOCAL,HOLDING_LOCAL,0.3990146168680031,0,0.3990146168680031,False
a6b227-0-a8a19ad174f2,HOLDING_LOCAL,HOLDING_LOCAL,0.38733656558084517,0,0.38733656558084517,False
a7d13d-0-6f846248b9e4,HOLDING_LOCAL,HOLDING_LOCAL,0.16532440875722212,0,0.16532440875722212,False
a4940c-0-2ca2103166f2,HOLDING_LOCAL,HOLDING_LOCAL,0.0,0,0.0,False
ab9126-0-64aacf94877d,HOLDING_LOCAL,HOLDING_LOCAL,0.24339721018591565,0,0.24339721018591565,False
a9d599-0-b6e156024d52,HOLDING_LOCAL,HOLDING_LOCAL,0.0,0,0.0,False
a008a4-0-3a131700b504,HOLDING_LOCAL,HOLDING_LOCAL,0.12833677123818213,0,0.12833677123818213,False
a72a96-0-2be937c78dd7,HOLDING_LOCAL,HOLDING_LOCAL,0.44919273206881705,0,0.44919273206881705,False
a10b68-0-0641fa179974,HOLDING_LOCAL,HOLDING_LOCAL,0.4395609476160207,0,0.4395609476160207,False
a7a87a-0-30961b4a2a3d,HOLDING_LOCAL,HOLDING_LOCAL,0.21414656074212748,0,0.21414656074212748,False
a52717-0-c891575b66a7,HOLDING_LOCAL,HOLDING_LOCAL,0.9354327337597943,0,0.9354327337597943,False
ac47de-0-d97f2ddf2e32,HOLDING_LOCAL,HOLDING_LOCAL,0.2500854170199378,0,0.2500854170199378,False
a56464-0-975fd399aaaa,HOLDING_LOCAL,HOLDING_LOCAL,0.0,0,0.0,False
a492b9-0-e132eb274376,HOLDING_LOCAL,HOLDING_LOCAL,0.3308274559147153,0,0.3308274559147153,False
a22235-0-5c23240904ce,HOLDING_LOCAL,HOLDING_LOCAL,0.22118007212875304,0,0.22118007212875304,False
a95fe6-0-cf71be0a410f,HOLDING_LOCAL,HOLDING_LOCAL,0.0,0,0.0,False
adcef5-0-0d1711715510,HOLDING_LOCAL,HOLDING_LOCAL,0.2568055092921204,0,0.2568055092921204,False
a13c92-0-69979d61da9d,HOLDING_LOCAL,HOLDING_LOCAL,1.2814833454589156,-1,1.2814833454589156,True
a05d05-0-344567224237,HOLDING_LOCAL,HOLDING_LOCAL,0.18046911780362823,0,0.18046911780362823,False
a6778d-0-12cf77e29969,HOLDING_LOCAL,HOLDING_LOCAL,0.18994237265258726,0,0.18994237265258726,False
ab7e4d-0-a96480a039ab,HOLDING_LOCAL,HOLDING_LOCAL,0.48867416206290637,0,0.48867416206290637,False
a6a977-0-22ff0fff6c66,HOLDING_LOCAL,HOLDING_LOCAL,0.4399233150931594,0,0.4399233150931594,False
a64f85-0-5e503948ed08,HOLDING_LOCAL,HOLDING_LOCAL,0.0,0,0.0,False
a3410d-0-be8ad3a8a8ef,HOLDING_LOCAL,HOLDING_LOCAL,0.0,0,0.0,False
a9f941-0-db26ccbab004,HOLDING_LOCAL,HOLDING_LOCAL,0.22139356980274774,0,0.22139356980274774,False
a6d69b-0-1d507b6c358f,HOLDING_LOCAL,HOLDING_LOCAL,0.0,0,0.0,False
a9d599-0-e78e00798557,HOLDING_LOCAL,HOLDING_LOCAL,0.25935126614965204,0,0.25935126614965204,False
a1f33c-0-b418d6725600,HOLDING_LOCAL,HOLDING_LOCAL,0.0,0,0.0,False
a6778d-0-8a00db84d18d,HOLDING_LOCAL,HOLDING_LOCAL,0.0,0,0.0,False
a7a87a-0-23221ba9f9ed,HOLDING_LOCAL,HOLDING_LOCAL,0.4969692071260719,0,0.4969692071260719,False
a0917e-0-ef0447abc0d0,HOLDING_LOCAL,HOLDING_LOCAL,0.0,0,0.0,False
aad284-0-1898eff4be08,HOLDING_LOCAL,HOLDING_LOCAL,0.0,0,0.0,False
a4c7b9-0-5a044b92628a,HOLDING_LOCAL,HOLDING_LOCAL,0.0,0,0.0,False
ad81a3-0-ab6a84bb4901,HOLDING_LOCAL,HOLDING_LOCAL,0.3098886609185322,0,0.3098886609185322,False
a710bc-0-0c6954d64c02,HOLDING_LOCAL,HOLDING_LOCAL,0.0,0,0.0,False
a68e47-0-115e09fb57f6,HOLDING_LOCAL,HOLDING_LOCAL,0.23982043650971416,0,0.23982043650971416,False
ad8b61-0-231d1a011796,HOLDING_LOCAL,HOLDING_LOCAL,0.3601464763620807,0,0.3601464763620807,False
adedba-0-20070584fa9f,HOLDING_LOCAL,HOLDING_LOCAL,0.4195115063765156,0,0.4195115063765156,False
ac3110-0-d3fef0ee06b5,HOLDING_LOCAL,HOLDING_LOCAL,0.2591630260831726,0,0.2591630260831726,False
adc8fc-0-29d3d10184f7,HOLDING_LOCAL,HOLDING_LOCAL,0.2491374822871578,0,0.2491374822871578,False
adc7bd-0-dfad38cf1018,HOLDING_LOCAL,HOLDING_LOCAL,0.7967007388716787,0,0.7967007388716787,False
ab401b-0-27f7653fa931,HOLDING_LOCAL,HOLDING_LOCAL,0.25028343869927583,0,0.25028343869927583,False
a9d599-0-08460c6ff9a6,HOLDING_LOCAL,HOLDING_LOCAL,0.0,0,0.0,False
a06de4-0-eb9aac737c48,HOLDING_LOCAL,HOLDING_LOCAL,0.6265651939669478,0,0.6265651939669478,False
a027d5-0-7e21b4b05b07,HOLDING_LOCAL,HOLDING_LOCAL,0.2996201780787663,0,0.2996201780787663,False
a99e27-0-427f913cf3ad,HOLDING_LOCAL,HOLDING_LOCAL,0.15423334044586937,0,0.15423334044586937,False
a47b69-0-d78d581483de,HOLDING_LOCAL,HOLDING_LOCAL,0.3894252293466203,0,0.3894252293466203,False
a80f63-0-1fa667a3459b,HOLDING_LOCAL,HOLDING_LOCAL,0.0,0,0.0,False
a30bf7-0-df1be15f871d,HOLDING_LOCAL,HOLDING_LOCAL,0.20531269777976324,0,0.20531269777976324,False
a1c8cd-0-a52fc8f9bba1,HOLDING_LOCAL,HOLDING_LOCAL,0.0,0,0.0,False
a95fe6-0-ad8dd64053d0,HOLDING_LOCAL,HOLDING_LOCAL,0.17389748967917767,0,0.17389748967917767,False
a67040-0-db9a73831b4f,HOLDING_LOCAL,HOLDING_LOCAL,1.157144762783853,-1,1.157144762783853,True
a719c9-0-be9ecdb89526,HOLDING_LOCAL,HOLDING_LOCAL,0.18879250851614776,0,0.18879250851614776,False
a5e5c8-0-40cc06621908,HOLDING_LOCAL,HOLDING_LOCAL,0.2228790671128029,0,0.2228790671128029,False
a05d05-0-c8799e85af9f,HOLDING_LOCAL,HOLDING_LOCAL,0.28918545322907735,0,0.28918545322907735,False
a9ecdf-0-49de4f18be48,HOLDING_LOCAL,HOLDING_LOCAL,0.36656994006477295,0,0.36656994006477295,False
a6d90b-0-92fe32e2679d,HOLDING_LOCAL,HOLDING_LOCAL,1.4056529687205064,-1,1.4056529687205064,True
a1c75a-0-bf40c95a966c,HOLDING_LOCAL,HOLDING_LOCAL,0.0,0,0.0,False
a95fe6-0-d032366548f5,HOLDING_LOCAL,HOLDING_LOCAL,0.21094839851352162,0,0.21094839851352162,False
a66d5e-0-e2eeb0ebea77,HOLDING_LOCAL,HOLDING_LOCAL,0.0,0,0.0,False
a47b69-0-e0936e5707e0,HOLDING_LOCAL,HOLDING_LOCAL,0.21023427622871094,0,0.21023427622871094,False
a3410d-0-64d670bd54b3,HOLDING_LOCAL,HOLDING_LOCAL,0.43595375073687526,0,0.43595375073687526,False
a9d599-0-9e0dc5d2a203,HOLDING_LOCAL,HOLDING_LOCAL,0.33309160790131376,0,0.33309160790131376,False
a07f60-0-1767056c3dc9,HOLDING_LOCAL,HOLDING_LOCAL,0.3670535137970497,0,0.3670535137970497,False
a91859-0-04f4d9e4f9d2,HOLDING_LOCAL,HOLDING_LOCAL,0.4778469549745352,0,0.4778469549745352,False
ade107-0-59af442f8c73,HOLDING_LOCAL,HOLDING_LOCAL,1.189882419377981,-1,1.189882419377981,True
a6c29a-0-22a6004907ff,HOLDING_LOCAL,HOLDING_LOCAL,0.34849466269564006,0,0.34849466269564006,False
c080a2-0-0baf0353b429,HOLDING_LOCAL,HOLDING_LOCAL,0.3591189320895823,0,0.3591189320895823,False
a27ca5-0-7852581df044,HOLDING_LOCAL,HOLDING_LOCAL,0.0,0,0.0,False
a027d5-0-edcf76592db4,HOLDING_LOCAL,HOLDING_LOCAL,0.23607299396508336,0,0.23607299396508336,False
ade4be-0-a1097813076a,HOLDING_LOCAL,HOLDING_LOCAL,0.3109758833780685,0,0.3109758833780685,False
a010e5-0-42dc9899220f,HOLDING_LOCAL,HOLDING_LOCAL,15.785734758290793,-1,15.785734758290793,True
a2dd23-0-77a1552c6d88,HOLDING_LOCAL,HOLDING_LOCAL,0.43085600400813207,0,0.43085600400813207,False
aad9f2-0-09867751c697,HOLDING_LOCAL,HOLDING_LOCAL,1.4282634162061394,-1,1.4282634162061394,True
a82258-0-16b4c6888394,HOLDING_LOCAL,HOLDING_LOCAL,0.2633856916127567,0,0.2633856916127567,False
a54d34-0-071526525f38,HOLDING_LOCAL,HOLDING_LOCAL,0.0,0,0.0,False
a1bc9f-0-a0719703d16a,HOLDING_LOCAL,HOLDING_LOCAL,0.30269936787897134,0,0.30269936787897134,False
a1c75a-0-67e02dac6139,HOLDING_LOCAL,HOLDING_LOCAL,0.2259683257968003,0,0.2259683257968003,False
ac27db-0-2d598ea4212d,HOLDING_LOCAL,HOLDING_LOCAL,1.011617798893433,-1,1.011617798893433,True
a8d8a6-0-37a6600935c9,HOLDING_LOCAL,HOLDING_LOCAL,0.37315811615926137,0,0.37315811615926137,False
a2d880-0-f574f5506e74,HOLDING_LOCAL,GROUND_LOCAL,3.829158323520057,-1,4.757561732385989,True
a1c75a-0-3f4dac171d07,HOLDING_LOCAL,HOLDING_LOCAL,0.4238664257810179,0,0.4238664257810179,False
a2c905-0-9849fd0765e0,HOLDING_LOCAL,HOLDING_LOCAL,0.11173520144590347,0,0.11173520144590347,False
a0fd26-0-a5fb909b7aaf,HOLDING_LOCAL,HOLDING_LOCAL,0.29524466748125516,0,0.29524466748125516,False
a741b4-0-ccff6be545ce,HOLDING_LOCAL,HOLDING_LOCAL,0.0,0,0.0,False
a06deb-0-75868ed9d619,HOLDING_LOCAL,HOLDING_LOCAL,0.0,0,0.0,False
a5198c-0-b1bee60fa573,HOLDING_LOCAL,HOLDING_LOCAL,0.29733408216396195,0,0.29733408216396195,False
a10b68-0-ee6bd6bb53a9,HOLDING_LOCAL,HOLDING_LOCAL,0.0,0,0.0,False
a3410d-0-b5fd65189ab5,HOLDING_LOCAL,HOLDING_LOCAL,0.0,0,0.0,False
a8f971-0-23796d198153,HOLDING_LOCAL,HOLDING_LOCAL,0.16953412920565067,0,0.16953412920565067,False
a3302a-0-d0966b4dc855,HOLDING_LOCAL,HOLDING_LOCAL,0.19979887579167496,0,0.19979887579167496,False
a5a8c3-0-ac76c929c66f,HOLDING_LOCAL,HOLDING_LOCAL,0.35669087610679795,0,0.35669087610679795,False
a989e5-0-92fbe295e074,HOLDING_LOCAL,HOLDING_LOCAL,0.20336126740767177,0,0.20336126740767177,False
ab3967-0-accdc3f7e8bb,HOLDING_LOCAL,HOLDING_LOCAL,0.20639053726577866,0,0.20639053726577866,False
a05dc5-0-43087a861869,HOLDING_LOCAL,HOLDING_LOCAL,0.8700308912675442,0,0.8700308912675442,False
a9ecdf-0-a8a0f18f5235,HOLDING_LOCAL,HOLDING_LOCAL,0.0,0,0.0,False
aab146-0-307de63b9d18,HOLDING_LOCAL,HOLDING_LOCAL,0.0,0,0.0,False
a01b04-0-fb784c491a53,HOLDING_LOCAL,HOLDING_LOCAL,0.2918479043673428,0,0.2918479043673428,False
a29551-0-a04b01d69a46,HOLDING_LOCAL,HOLDING_LOCAL,0.13030458563768663,0,0.13030458563768663,False
a62c94-0-a434dcf168ef,HOLDING_LOCAL,HOLDING_LOCAL,0.0,0,0.0,False
a01b04-0-e7cc0075ca15,HOLDING_LOCAL,HOLDING_LOCAL,0.2180624672882348,0,0.2180624672882348,False
a1c8cd-0-77ee8ea9c53c,HOLDING_LOCAL,HOLDING_LOCAL,0.6760655570087125,0,0.6760655570087125,False
ab3191-0-3fbc078e6bf3,HOLDING_LOCAL,HOLDING_LOCAL,0.30971837872109703,0,0.30971837872109703,False
a33d62-0-4a35bdd54e22,HOLDING_LOCAL,HOLDING_LOCAL,0.0,0,0.0,False
a417bd-0-9965cb184c2d,HOLDING_LOCAL,HOLDING_LOCAL,0.0,0,0.0,False
a32ddd-0-24de49fd6b43,HOLDING_LOCAL,HOLDING_LOCAL,0.0,0,0.0,False
a07985-0-44ceb84725b6,HOLDING_LOCAL,HOLDING_LOCAL,0.9238480412765895,0,0.9238480412765895,False
a10b68-0-c34ff294009a,HOLDING_LOCAL,HOLDING_LOCAL,0.6385547106356423,0,0.6385547106356423,False
~2c0e44-0-86a7a0de36ad,HOLDING_LOCAL,HOLDING_LOCAL,0.0,0,0.0,False
a23eed-0-92cd8855501c,HOLDING_LOCAL,HOLDING_LOCAL,0.0,0,0.0,False
a94450-0-ddb953702654,HOLDING_LOCAL,HOLDING_LOCAL,0.3766073488923175,0,0.3766073488923175,False
aaaa93-0-b5a250c8e4af,HOLDING_LOCAL,HOLDING_LOCAL,0.0,0,0.0,False
a30bf7-0-f1c116f3ddb9,HOLDING_LOCAL,HOLDING_LOCAL,0.36154008484319805,0,0.36154008484319805,False
ab17bb-0-44699f73009a,HOLDING_LOCAL,HOLDING_LOCAL,0.48163058231601946,0,0.48163058231601946,False
a027d5-0-2a29e67202ca,HOLDING_LOCAL,HOLDING_LOCAL,0.0,0,0.0,False
a9ecdf-0-fa16a52218a3,HOLDING_LOCAL,HOLDING_LOCAL,0.2671747322788311,0,0.2671747322788311,False
ab79d4-0-ff9080a36cf9,HOLDING_LOCAL,HOLDING_LOCAL,0.0,0,0.0,False
aaa710-0-e0361109fac0,HOLDING_LOCAL,HOLDING_LOCAL,0.21213019197336583,0,0.21213019197336583,False
a9f5b2-0-6ed0a6dd3e6f,HOLDING_LOCAL,HOLDING_LOCAL,0.272741495122295,0,0.272741495122295,False
a54d34-0-3ee622bcb8a0,HOLDING_LOCAL,HOLDING_LOCAL,0.6276802739009437,0,0.6276802739009437,False
~2c0e44-0-531b8a7385d6,HOLDING_LOCAL,HOLDING_LOCAL,0.35966548971548934,0,0.35966548971548934,False
adc8fc-0-01eee406a11e,HOLDING_LOCAL,HOLDING_LOCAL,0.2664797430962184,0,0.2664797430962184,False
ac1446-0-2af12802e811,HOLDING_LOCAL,HOLDING_LOCAL,0.301325834056429,0,0.301325834056429,False
a8f971-0-d3706659688d,HOLDING_LOCAL,HOLDING_LOCAL,0.0,0,0.0,False
a515ec-0-50fd0c216c72,HOLDING_LOCAL,HOLDING_LOCAL,0.0,0,0.0,False
ab9126-0-9f863b1acfd0,HOLDING_LOCAL,HOLDING_LOCAL,0.1789680000373744,0,0.1789680000373744,False
a19c2d-0-80c39f3ef032,HOLDING_LOCAL,HOLDING_LOCAL,0.1982604445988036,0,0.1982604445988036,False
a7242c-0-f9af1ec27a00,HOLDING_LOCAL,HOLDING_LOCAL,0.2720704869213917,0,0.2720704869213917,False
ab7d5a-0-dea656c30241,HOLDING_LOCAL,HOLDING_LOCAL,0.0,0,0.0,False
a3410d-0-16d90ba769e2,HOLDING_LOCAL,HOLDING_LOCAL,0.0,0,0.0,False
a388a9-0-a0d892eef897,HOLDING_LOCAL,HOLDING_LOCAL,0.42326367327719316,0,0.42326367327719316,False
a5a8c3-0-2f9acc4b7016,HOLDING_LOCAL,HOLDING_LOCAL,0.0,0,0.0,False
a88f1b-0-7dea84957609,HOLDING_LOCAL,HOLDING_LOCAL,0.21148801855305885,0,0.21148801855305885,False
a515ec-0-ab3831e82cca,HOLDING_LOCAL,HOLDING_LOCAL,0.0,0,0.0,False
a5bc5a-0-b5662e27ccfe,HOLDING_LOCAL,HOLDING_LOCAL,0.8803181672817951,0,0.8803181672817951,False
a80f63-0-bb6069567499,HOLDING_LOCAL,HOLDING_LOCAL,0.27662473684465927,0,0.27662473684465927,False
a2b134-0-29f898864d4a,HOLDING_LOCAL,HOLDING_LOCAL,0.16518200199502647,0,0.16518200199502647,False
a36713-0-b1af3794a4f2,HOLDING_LOCAL,HOLDING_LOCAL,0.0,0,0.0,False
a3fb63-0-fa5793792b06,HOLDING_LOCAL,HOLDING_LOCAL,0.5242979795444408,0,0.5242979795444408,False
a95fe6-0-cfd8bea617ba,HOLDING_LOCAL,HOLDING_LOCAL,0.0,0,0.0,False
a461b8-0-e5b2082b6cd8,HOLDING_LOCAL,HOLDING_LOCAL,0.0,0,0.0,False
a86bb2-0-28a964deca93,HOLDING_LOCAL,HOLDING_LOCAL,0.0,0,0.0,False
a28785-0-c661ce34c165,HOLDING_LOCAL,HOLDING_LOCAL,0.9210690708465845,0,0.9210690708465845,False
a0e6b0-0-d99a411351c9,HOLDING_LOCAL,HOLDING_LOCAL,0.5043960783783038,0,0.5043960783783038,False
a8371a-0-e67e82531334,HOLDING_LOCAL,HOLDING_LOCAL,0.3610997637998085,0,0.3610997637998085,False
a515ec-0-a6ccee127cea,HOLDING_LOCAL,HOLDING_LOCAL,0.3590593592738499,0,0.3590593592738499,False
a8371a-0-6e7dadbb1d0c,HOLDING_LOCAL,HOLDING_LOCAL,0.15157826981954164,0,0.15157826981954164,False
a18cb3-0-fb765d4c7ac2,HOLDING_LOCAL,HOLDING_LOCAL,0.0,0,0.0,False
a4e507-0-b9bb205d7e6d,HOLDING_LOCAL,HOLDING_LOCAL,0.24256083167660086,0,0.24256083167660086,False
a95795-0-2afe5eed2be9,HOLDING_LOCAL,HOLDING_LOCAL,0.5192067655692794,0,0.5192067655692794,False
ac9f9b-0-a9932a1953e5,HOLDING_LOCAL,HOLDING_LOCAL,0.33169344938095313,0,0.33169344938095313,False
a7d6a8-0-cc4e91117877,HOLDING_LOCAL,HOLDING_LOCAL,2.877437543547941e-16,0,2.877437543547941e-16,False
a86ba5-0-a4d1afbd83fd,HOLDING_LOCAL,HOLDING_LOCAL,0.36388980738307736,0,0.36388980738307736,False
a6778d-0-1e1060611d49,HOLDING_LOCAL,HOLDING_LOCAL,0.1686487545151124,0,0.1686487545151124,False
a91859-0-bd17a0b4c527,HOLDING_LOCAL,HOLDING_LOCAL,0.19861484431256915,0,0.19861484431256915,False
ab2e89-0-c09e5e88af6f,HOLDING_LOCAL,HOLDING_LOCAL,0.17300816475490016,0,0.17300816475490016,False
a64578-0-ac69897a5e1c,HOLDING_LOCAL,HOLDING_LOCAL,0.2747334230569784,0,0.2747334230569784,False
a008a4-0-36fe2546aa1a,HOLDING_LOCAL,HOLDING_LOCAL,0.1478707633050587,0,0.1478707633050587,False
a4cacb-0-fbc9f4c4894d,HOLDING_LOCAL,HOLDING_LOCAL,0.42284057724616453,0,0.42284057724616453,False
ab3967-0-3610d845cca6,HOLDING_LOCAL,HOLDING_LOCAL,0.0,0,0.0,False
a3c998-0-93df0829eb8e,HOLDING_LOCAL,HOLDING_LOCAL,0.8098783358032084,0,0.8098783358032084,False
a191bf-0-889b4dcefd14,HOLDING_LOCAL,HOLDING_LOCAL,0.0,0,0.0,False
a89f80-0-60e68ee5659f,HOLDING_LOCAL,HOLDING_LOCAL,0.34407952899097183,0,0.34407952899097183,False
a7d4f4-0-896b90a98d95,HOLDING_LOCAL,HOLDING_LOCAL,0.2788152416621862,0,0.2788152416621862,False
a19c2d-0-03402b8a6510,HOLDING_LOCAL,HOLDING_LOCAL,0.23742053239404118,0,0.23742053239404118,False
a29c36-0-9888cee5758e,HOLDING_LOCAL,HOLDING_LOCAL,0.743867841075545,0,0.743867841075545,False
a8d8a6-0-550fcdc0ef8f,HOLDING_LOCAL,HOLDING_LOCAL,0.0,0,0.0,False
a1c83d-0-c9c298e6dfa4,HOLDING_LOCAL,HOLDING_LOCAL,0.0,0,0.0,False
ac3110-0-6b4264b621ca,HOLDING_LOCAL,HOLDING_LOCAL,0.0,0,0.0,False
a417bd-0-e1c78581e763,HOLDING_LOCAL,HOLDING_LOCAL,0.4811749075933095,0,0.4811749075933095,False
a86ba5-0-9fc0cb654286,HOLDING_LOCAL,HOLDING_LOCAL,0.4357254301455895,0,0.4357254301455895,False
abb24b-0-2f97b09eeddc,HOLDING_LOCAL,HOLDING_LOCAL,0.0,0,0.0,False
adc8fc-0-4290da52fb52,HOLDING_LOCAL,HOLDING_LOCAL,0.6369989072071912,0,0.6369989072071912,False
a52717-0-39b0f13b13cb,HOLDING_LOCAL,HOLDING_LOCAL,0.24492098542046253,0,0.24492098542046253,False
adc8fc-0-558d4807d2f9,HOLDING_LOCAL,HOLDING_LOCAL,0.0,0,0.0,False
acbb63-0-2dfb5cb18529,HOLDING_LOCAL,HOLDING_LOCAL,0.2935321087421673,0,0.2935321087421673,False
a02a0d-0-df4d14cfc7c4,HOLDING_LOCAL,HOLDING_LOCAL,0.42505400439544166,0,0.42505400439544166,False
a6a977-0-3184b881d310,HOLDING_LOCAL,HOLDING_LOCAL,0.0,0,0.0,False
a95fe6-0-d60b8b0a0119,HOLDING_LOCAL,HOLDING_LOCAL,0.22829572243083734,0,0.22829572243083734,False
a8371a-0-d3f8a3a018ea,HOLDING_LOCAL,HOLDING_LOCAL,0.14746944556697966,0,0.14746944556697966,False
a552fd-0-a1842fcc8071,HOLDING_LOCAL,HOLDING_LOCAL,0.0,0,0.0,False
a80f63-0-4a40e71ce0b5,HOLDING_LOCAL,HOLDING_LOCAL,0.0,0,0.0,False
a278ff-0-e7237867ad5a,HOLDING_LOCAL,HOLDING_LOCAL,0.21843960131835197,0,0.21843960131835197,False
a86bb2-0-4b950474caaa,HOLDING_LOCAL,HOLDING_LOCAL,0.0,0,0.0,False
a0c0b4-0-a96d55d71afb,HOLDING_LOCAL,HOLDING_LOCAL,0.0,0,0.0,False
a191bf-0-20ea32bc4f39,HOLDING_LOCAL,HOLDING_LOCAL,0.510758623814232,0,0.510758623814232,False
acc7ae-0-2768105775a7,HOLDING_LOCAL,HOLDING_LOCAL,0.25135135874868436,0,0.25135135874868436,False
a870bc-0-2692d20d0228,HOLDING_LOCAL,HOLDING_LOCAL,2.5907654865256906,-1,2.5907654865256906,True
a1cad1-0-062e079720b3,HOLDING_LOCAL,HOLDING_LOCAL,0.12376954882105375,0,0.12376954882105375,False
a64f85-0-28c7a821f41e,HOLDING_LOCAL,HOLDING_LOCAL,0.4932080409776004,0,0.4932080409776004,False
a23a38-0-491aaa07b5a3,HOLDING_LOCAL,HOLDING_LOCAL,0.0,0,0.0,False
a76c14-0-b6a86cc7b27f,HOLDING_LOCAL,HOLDING_LOCAL,0.0,0,0.0,False
ac9a61-0-4efb3c378c6d,HOLDING_LOCAL,HOLDING_LOCAL,0.0,0,0.0,False
acbbe6-0-3fbcf4ca42ea,HOLDING_LOCAL,HOLDING_LOCAL,0.23665959383520468,0,0.23665959383520468,False
a710bc-0-98aed584c115,HOLDING_LOCAL,HOLDING_LOCAL,0.0,0,0.0,False
a16162-0-41507d782526,HOLDING_LOCAL,HOLDING_LOCAL,0.2554368414031443,0,0.2554368414031443,False
acf735-0-67fb474ac019,HOLDING_LOCAL,HOLDING_LOCAL,0.18359964765506703,0,0.18359964765506703,False
a6c1dc-0-d1415016bf8a,HOLDING_LOCAL,HOLDING_LOCAL,0.6456606815472148,0,0.6456606815472148,False
a27f65-0-8bd9b73ee062,HOLDING_LOCAL,HOLDING_LOCAL,5.430389305775245,-1,5.430389305775245,True
a88bed-0-80c853510f30,HOLDING_LOCAL,HOLDING_LOCAL,0.3870313083778837,0,0.3870313083778837,False
a89efc-0-2eebb20585a2,HOLDING_LOCAL,HOLDING_LOCAL,0.36322912543972974,0,0.36322912543972974,False
a68e47-0-0e124a770025,HOLDING_LOCAL,HOLDING_LOCAL,0.1841056990892973,0,0.1841056990892973,False
aa988a-0-bf4130e18656,HOLDING_LOCAL,HOLDING_LOCAL,0.22883107720219378,0,0.22883107720219378,False
a9d599-0-13e64bed54ba,HOLDING_LOCAL,HOLDING_LOCAL,0.0,0,0.0,False
a3410d-0-5772f1946372,HOLDING_LOCAL,HOLDING_LOCAL,0.30643463988143715,0,0.30643463988143715,False
a14e3a-0-369845030b76,HOLDING_LOCAL,HOLDING_LOCAL,0.4807525669830758,0,0.4807525669830758,False
a50728-0-aaf7dfee18b4,HOLDING_LOCAL,HOLDING_LOCAL,0.2428916575816545,0,0.2428916575816545,False
a710bc-0-18f561d5c84a,HOLDING_LOCAL,HOLDING_LOCAL,0.25730307892194115,0,0.25730307892194115,False
ac4dd6-0-782152c1d7e3,HOLDING_LOCAL,HOLDING_LOCAL,0.9764745647289591,0,0.9764745647289591,False
a7a87a-0-0ab01f5e1e05,HOLDING_LOCAL,HOLDING_LOCAL,0.22469904820673686,0,0.22469904820673686,False
abf602-0-063543025294,HOLDING_LOCAL,LOW_LEVEL_TRANSIT,3.396841169308964,-1,7.067360703547857,True
a54d34-0-3d08a9924ece,HOLDING_LOCAL,HOLDING_LOCAL,0.21980179803468672,0,0.21980179803468672,False
a53f90-0-e506a016e84b,HOLDING_LOCAL,HOLDING_LOCAL,0.0,0,0.0,False
a1c8cd-0-86114acbd145,HOLDING_LOCAL,HOLDING_LOCAL,0.14531534347254227,0,0.14531534347254227,False
ab401b-0-80dc20332f49,HOLDING_LOCAL,HOLDING_LOCAL,0.0,0,0.0,False
a82e3d-0-c4b923677e57,HOLDING_LOCAL,HOLDING_LOCAL,0.6800193323538835,0,0.6800193323538835,False
a3410d-0-3ccec6bd3dd6,HOLDING_LOCAL,HOLDING_LOCAL,0.0,0,0.0,False
a10b68-0-7856a74b33f4,HOLDING_LOCAL,HOLDING_LOCAL,0.814474294500763,0,0.814474294500763,False
aa988a-0-6a8512c8289d,HOLDING_LOCAL,HOLDING_LOCAL,0.0,0,0.0,False
a4ada9-0-51f5975dedab,HOLDING_LOCAL,HOLDING_LOCAL,0.1774058209258205,0,0.1774058209258205,False
ace31a-0-c4a9e32af903,HOLDING_LOCAL,HOLDING_LOCAL,0.0,0,0.0,False
a06408-0-9674c6406e2c,HOLDING_LOCAL,HOLDING_LOCAL,0.19832884988156652,0,0.19832884988156652,False
a13881-0-014a10d37df6,HOLDING_LOCAL,HOLDING_LOCAL,0.8790453251637007,0,0.8790453251637007,False
a1f3e0-0-55403cec0fb4,HOLDING_LOCAL,HOLDING_LOCAL,0.7859640435842202,0,0.7859640435842202,False
ace31a-0-a9193bbae304,HOLDING_LOCAL,HOLDING_LOCAL,1.4387187717739705e-16,0,1.4387187717739705e-16,False
acd0cf-0-7965b2c3ce61,HOLDING_LOCAL,HOLDING_LOCAL,0.2353416171179296,0,0.2353416171179296,False
a54f68-0-9e535af98575,HOLDING_LOCAL,HOLDING_LOCAL,0.31091869171910186,0,0.31091869171910186,False
a47b69-0-21fd46a99c39,HOLDING_LOCAL,HOLDING_LOCAL,0.33595680485053164,0,0.33595680485053164,False
a52d10-0-4a1d878a0030,HOLDING_LOCAL,HOLDING_LOCAL,0.0,0,0.0,False
a75c48-0-059c9bbef8b1,HOLDING_LOCAL,HOLDING_LOCAL,2.589900418421556,-1,2.589900418421556,True
a02a0d-0-76fea8a609fa,HOLDING_LOCAL,HOLDING_LOCAL,0.27774707092065404,0,0.27774707092065404,False
a710bc-0-df28453b12ad,HOLDING_LOCAL,HOLDING_LOCAL,0.188779901313314,0,0.188779901313314,False
a50728-0-2aec5c0b7c71,HOLDING_LOCAL,HOLDING_LOCAL,0.7101923400969021,0,0.7101923400969021,False
a30bf7-0-12bbdfe81ada,HOLDING_LOCAL,HOLDING_LOCAL,0.7084236648475221,0,0.7084236648475221,False
a86925-0-a8d1c90caa43,HOLDING_LOCAL,HOLDING_LOCAL,0.5335912975231812,0,0.5335912975231812,False
a03737-0-a8006b3b6e2e,HOLDING_LOCAL,HOLDING_LOCAL,0.280105980078627,0,0.280105980078627,False
ac9f9b-0-1267f4df6b71,HOLDING_LOCAL,HOLDING_LOCAL,0.40978234852777956,0,0.40978234852777956,False
aa8bc4-0-e65f81bb76b9,HOLDING_LOCAL,HOLDING_LOCAL,4.218168906329949,-1,4.218168906329949,True
ac5ab7-0-92e47ae8dba6,HOLDING_LOCAL,HOLDING_LOCAL,0.0,0,0.0,False
a3b796-0-368908aa9522,HOLDING_LOCAL,HOLDING_LOCAL,2.877437543547941e-16,0,2.877437543547941e-16,False
a80f63-0-283c05907a4c,HOLDING_LOCAL,HOLDING_LOCAL,0.0,0,0.0,False
a88bed-0-649ce7fd54be,HOLDING_LOCAL,HOLDING_LOCAL,0.0,0,0.0,False
a1c8cd-0-2ede3a8f30b7,HOLDING_LOCAL,HOLDING_LOCAL,0.5560137033863987,0,0.5560137033863987,False
a1f3e0-0-c697d849166e,HOLDING_LOCAL,HOLDING_LOCAL,0.22124974552844004,0,0.22124974552844004,False
acf735-0-6ec33c0cf54c,HOLDING_LOCAL,HOLDING_LOCAL,0.23709540542620755,0,0.23709540542620755,False
a438cb-0-26f16163fae0,HOLDING_LOCAL,HOLDING_LOCAL,0.2943372175806383,0,0.2943372175806383,False
acc95d-0-052e89954aa7,HOLDING_LOCAL,HOLDING_LOCAL,0.25211895834682796,0,0.25211895834682796,False
a1bc9f-0-afe36a505842,HOLDING_LOCAL,HOLDING_LOCAL,0.0,0,0.0,False
c080ac-0-5a296147ce99,HOLDING_LOCAL,HOLDING_LOCAL,0.0,0,0.0,False
aca0c8-0-c3abc57d21ae,HOLDING_LOCAL,HOLDING_LOCAL,0.35233744051960847,0,0.35233744051960847,False
a1663d-0-34bf131b2956,HOLDING_LOCAL,HOLDING_LOCAL,0.6819138486921572,0,0.6819138486921572,True
acd3a8-0-5b520e601143,HOLDING_LOCAL,HOLDING_LOCAL,0.2879475875219992,0,0.2879475875219992,False
a30bf7-0-3015bfb5aa5c,HOLDING_LOCAL,HOLDING_LOCAL,0.0,0,0.0,False
a95fe6-0-a9a03d5c3c87,HOLDING_LOCAL,HOLDING_LOCAL,0.0,0,0.0,False
a298ff-0-27ef5c591956,HOLDING_LOCAL,HOLDING_LOCAL,0.0,0,0.0,False
a8e729-0-6ccc64574b31,HOLDING_LOCAL,HOLDING_LOCAL,0.0,0,0.0,False
a9ecdf-0-a26ab43619f4,HOLDING_LOCAL,HOLDING_LOCAL,0.3564169568558853,0,0.3564169568558853,False
ab9126-0-dcefb209482b,HOLDING_LOCAL,HOLDING_LOCAL,1.2597369238759237,-1,1.2597369238759237,True
a29c36-0-cdb6528a377d,HOLDING_LOCAL,HOLDING_LOCAL,1.7148072428509038,-1,1.7148072428509038,True
ab3967-0-b2ed9648ba51,HOLDING_LOCAL,HOLDING_LOCAL,0.21274418845590543,0,0.21274418845590543,False
a35e31-0-4bc6ff25a196,HOLDING_LOCAL,HOLDING_LOCAL,0.18205864748711978,0,0.18205864748711978,False
a4eaf7-0-25596f781e8a,HOLDING_LOCAL,HOLDING_LOCAL,0.0,0,0.0,False
a008a4-0-b81bf54d045d,HOLDING_LOCAL,HOLDING_LOCAL,2.247998080896829e-18,0,2.247998080896829e-18,False
a24b1a-0-f054a8d17ae1,HOLDING_LOCAL,HOLDING_LOCAL,0.3134799803552703,0,0.3134799803552703,False
a63774-0-a8afc4108177,HOLDING_LOCAL,HOLDING_LOCAL,1.1086025177952235,-1,1.1086025177952235,True
aaa710-0-de509c66ae68,HOLDING_LOCAL,HOLDING_LOCAL,0.1818642546068198,0,0.1818642546068198,False
a72ca2-0-8462d321cdb7,HOLDING_LOCAL,HOLDING_LOCAL,0.29736067558104967,0,0.29736067558104967,False
a90799-0-294eff715cba,HOLDING_LOCAL,HOLDING_LOCAL,0.35113106294024876,0,0.35113106294024876,False
a89f80-0-134e886bda84,HOLDING_LOCAL,HOLDING_LOCAL,0.0,0,0.0,False
a50728-0-17845e4aada5,HOLDING_LOCAL,HOLDING_LOCAL,0.2616354260720519,0,0.2616354260720519,False
aa372e-0-5c5f0ccd2501,HOLDING_LOCAL,HOLDING_LOCAL,0.0,0,0.0,False
a15c01-0-929c192d0d8b,HOLDING_LOCAL,HOLDING_LOCAL,0.352114308787899,0,0.352114308787899,False
a95fe6-0-7849ee65c8cd,HOLDING_LOCAL,HOLDING_LOCAL,0.3252689505762846,0,0.3252689505762846,False
aa1a68-0-915a66bf4b8d,HOLDING_LOCAL,HOLDING_LOCAL,4.411346018356018,-1,4.411346018356018,True
a88bed-0-99234ad26e30,HOLDING_LOCAL,HOLDING_LOCAL,2.1023569373090276,-1,2.1023569373090276,True
a51179-0-63008386d331,HOLDING_LOCAL,HOLDING_LOCAL,0.1555590890988231,0,0.1555590890988231,False
a07528-0-445bda3d7571,HOLDING_LOCAL,HOLDING_LOCAL,1.798398464717463e-17,0,1.798398464717463e-17,False
a6c60d-0-d0f106dd5ec3,HOLDING_LOCAL,HOLDING_LOCAL,0.0,0,0.0,False
aa672f-0-34a7e1bc2c4e,HOLDING_LOCAL,HOLDING_LOCAL,0.0,0,0.0,False
aca548-0-80268295758d,HOLDING_LOCAL,HOLDING_LOCAL,0.0,0,0.0,False
a28f80-0-cd00f9f1b505,LOW_LEVEL_TRANSIT,ENROUTE_DESCENT,0.8329582243609769,0,2.710217514464464,True
a72a96-0-438e6f30058f,LOW_LEVEL_TRANSIT,LOW_LEVEL_TRANSIT,0.271892155640159,0,0.271892155640159,False
a29c36-0-074d4c26ff02,LOW_LEVEL_TRANSIT,LOW_LEVEL_TRANSIT,0.0,0,0.0,False
a3f120-0-0b361195ebcb,LOW_LEVEL_TRANSIT,LOW_LEVEL_TRANSIT,0.2281613183627422,0,0.2281613183627422,False
a94c7b-0-6c2f8e299465,LOW_LEVEL_TRANSIT,LOW_LEVEL_TRANSIT,0.06497115922476217,0,0.06497115922476217,False
a127a1-0-d44624f7faf1,LOW_LEVEL_TRANSIT,LOW_LEVEL_TRANSIT,0.25166045198121606,0,0.25166045198121606,False
aad9f2-0-369ac2302077,LOW_LEVEL_TRANSIT,LOW_LEVEL_TRANSIT,0.24883751856251943,0,0.24883751856251943,False
a6c29a-0-a35e815b665d,LOW_LEVEL_TRANSIT,LOW_LEVEL_TRANSIT,0.2142008326526043,0,0.2142008326526043,False
a979f1-0-dd22fe3b0a4c,LOW_LEVEL_TRANSIT,LOW_LEVEL_TRANSIT,0.4746603230351611,0,0.4746603230351611,False
a80f15-0-4801a84fb487,LOW_LEVEL_TRANSIT,DEPARTURE,0.547760462539258,0,0.9749263343897288,False
a6c1dc-0-2448b0358c3e,LOW_LEVEL_TRANSIT,LOW_LEVEL_TRANSIT,0.17397087120164328,0,0.17397087120164328,False
a4bd22-0-36bc5ec275ec,LOW_LEVEL_TRANSIT,LOW_LEVEL_TRANSIT,0.06791964019506537,0,0.06791964019506537,False
a1b0c6-0-31b4d4c20732,LOW_LEVEL_TRANSIT,LOW_LEVEL_TRANSIT,0.237990618398084,0,0.237990618398084,False
a32a4b-0-353b236aa7db,LOW_LEVEL_TRANSIT,LOW_LEVEL_TRANSIT,0.28172356466090503,0,0.28172356466090503,False
a1baa1-0-b6c8ee1b77d1,LOW_LEVEL_TRANSIT,LOW_LEVEL_TRANSIT,0.14826173696885145,0,0.14826173696885145,False
a170d9-0-75d0f26c1b0d,LOW_LEVEL_TRANSIT,LOW_LEVEL_TRANSIT,0.2080000180586831,1,0.2080000180586831,False
a919cd-0-043c5065f24c,LOW_LEVEL_TRANSIT,LOW_LEVEL_TRANSIT,0.5147705945912869,0,0.5147705945912869,False
a32ddd-0-8b910adf35b3,LOW_LEVEL_TRANSIT,LOW_LEVEL_TRANSIT,0.23475449953357536,0,0.23475449953357536,False
0d09e3-0-75c84db9ab4d,LOW_LEVEL_TRANSIT,LOW_LEVEL_TRANSIT,0.27675754252962365,0,0.27675754252962365,False
a07528-0-5384261fd205,LOW_LEVEL_TRANSIT,LOW_LEVEL_TRANSIT,0.3415863021863862,0,0.3415863021863862,False
a6ef4a-0-b5600fa6e478,LOW_LEVEL_TRANSIT,LOW_LEVEL_TRANSIT,1.0084258282487832,-1,1.0084258282487832,True
a50603-0-4df2ff7f3ee5,LOW_LEVEL_TRANSIT,LOW_LEVEL_TRANSIT,0.4125455185589043,0,0.4125455185589043,False
a375f1-0-dcdf8f28bbee,LOW_LEVEL_TRANSIT,LOW_LEVEL_TRANSIT,0.23176149570188118,0,0.23176149570188118,False
a99659-0-8f9be79cfcb7,LOW_LEVEL_TRANSIT,LOW_LEVEL_TRANSIT,1.2220531577132128,-1,1.2220531577132128,True
a70d25-0-09fb40b5b6bc,LOW_LEVEL_TRANSIT,LOW_LEVEL_TRANSIT,0.03519404332206486,0,0.03519404332206486,False
a960bf-0-b8fc22762e09,LOW_LEVEL_TRANSIT,LOW_LEVEL_TRANSIT,0.4539366327607445,0,0.4539366327607445,False
a12e80-0-3b9e1903139c,LOW_LEVEL_TRANSIT,LOW_LEVEL_TRANSIT,0.26387542870195996,0,0.26387542870195996,False
a54520-0-8ed45392b6ea,LOW_LEVEL_TRANSIT,LOW_LEVEL_TRANSIT,0.3273029540489396,0,0.3273029540489396,False
adf796-0-a5bed9b90745,LOW_LEVEL_TRANSIT,LOW_LEVEL_TRANSIT,0.2877614408981386,0,0.2877614408981386,False
aae516-0-04138ee6ca01,LOW_LEVEL_TRANSIT,LOW_LEVEL_TRANSIT,0.19938477036758281,0,0.19938477036758281,False
a3fb63-0-fb9d359b0e5c,LOW_LEVEL_TRANSIT,LOW_LEVEL_TRANSIT,0.0,0,0.0,False
a693ee-0-e08bb65fc930,LOW_LEVEL_TRANSIT,LOW_LEVEL_TRANSIT,0.12345143508191754,0,0.12345143508191754,False
a74574-0-409c8256c3c8,LOW_LEVEL_TRANSIT,LOW_LEVEL_TRANSIT,0.2819335942258975,0,0.2819335942258975,False
a0a1e9-0-a3f2f7693ded,LOW_LEVEL_TRANSIT,LOW_LEVEL_TRANSIT,0.28827064197933916,0,0.28827064197933916,False
a43ef0-0-91e0eae840f2,LOW_LEVEL_TRANSIT,LOW_LEVEL_TRANSIT,0.0,0,0.0,False
a31cb1-0-217a645ebf08,LOW_LEVEL_TRANSIT,LOW_LEVEL_TRANSIT,0.24749769570755864,0,0.24749769570755864,False
a1314e-0-b7a83f2bbd36,LOW_LEVEL_TRANSIT,LOW_LEVEL_TRANSIT,0.18292309064537898,3,0.18292309064537898,False
0d0381-0-1c8940bbe5fe,LOW_LEVEL_TRANSIT,ENROUTE_DESCENT,0.44441555346758155,0,0.5145313083172107,False
a3a9d9-0-635176220c54,LOW_LEVEL_TRANSIT,LOW_LEVEL_TRANSIT,0.19448944130915646,0,0.19448944130915646,False
a40d8d-0-5accbbb3b935,LOW_LEVEL_TRANSIT,LOW_LEVEL_TRANSIT,0.23121535929552975,0,0.23121535929552975,False
ac893a-0-5c9cb6458bc3,LOW_LEVEL_TRANSIT,LOW_LEVEL_TRANSIT,0.2760910921916251,0,0.2760910921916251,False
a47345-0-6e71e1c9e757,LOW_LEVEL_TRANSIT,LOW_LEVEL_TRANSIT,3.432935374046069e-16,0,3.432935374046069e-16,False
a65a3a-0-8963fe1d64b6,LOW_LEVEL_TRANSIT,LOW_LEVEL_TRANSIT,0.14909844275368467,0,0.14909844275368467,False
a17cc0-0-f526e0edf41d,LOW_LEVEL_TRANSIT,LOW_LEVEL_TRANSIT,0.16947509047004725,0,0.16947509047004725,False
a9d842-0-5d12889bab4d,LOW_LEVEL_TRANSIT,LOW_LEVEL_TRANSIT,0.13984910472916653,0,0.13984910472916653,False
ae4a0a-0-b6802f87c9eb,LOW_LEVEL_TRANSIT,LOW_LEVEL_TRANSIT,0.12939616064984838,0,0.12939616064984838,False
ac21e4-0-6526dc46de51,LOW_LEVEL_TRANSIT,ENROUTE_CLIMB,0.7162186637923298,0,0.7251106005073534,False
abd50f-0-4ab214dccc6e,LOW_LEVEL_TRANSIT,LOW_LEVEL_TRANSIT,0.048269212810090605,0,0.048269212810090605,False
a30bf7-0-2bd57d489b0b,LOW_LEVEL_TRANSIT,LOW_LEVEL_TRANSIT,0.11826930684343541,0,0.11826930684343541,False
a904ca-0-a8b2c6a3b47a,LOW_LEVEL_TRANSIT,LOW_LEVEL_TRANSIT,0.503258020587909,0,0.503258020587909,False
abec0f-0-dca6d4b103a6,LOW_LEVEL_TRANSIT,LOW_LEVEL_TRANSIT,0.24174100119916278,0,0.24174100119916278,False
aa8e2e-0-d92c8404c5a0,LOW_LEVEL_TRANSIT,LOW_LEVEL_TRANSIT,0.22388417841233707,0,0.22388417841233707,False
a5c474-0-cbeab41d8be6,LOW_LEVEL_TRANSIT,LOW_LEVEL_TRANSIT,0.0973019731488071,0,0.0973019731488071,False
ad3213-0-17b5dd3eafc3,LOW_LEVEL_TRANSIT,LOW_LEVEL_TRANSIT,0.19277140349633368,0,0.19277140349633368,False
a217a3-0-4be697a01b1b,LOW_LEVEL_TRANSIT,LOW_LEVEL_TRANSIT,0.9357742743152891,0,0.9357742743152891,False
a0095e-0-bc3123d9e13b,LOW_LEVEL_TRANSIT,LOW_LEVEL_TRANSIT,0.10153460267579213,0,0.10153460267579213,False
a2072f-0-c29427b13208,LOW_LEVEL_TRANSIT,LOW_LEVEL_TRANSIT,0.39899936641523215,0,0.39899936641523215,False
ab5e76-0-a45ebe26ca15,LOW_LEVEL_TRANSIT,LOW_LEVEL_TRANSIT,0.053810735105565374,0,0.053810735105565374,False
a78df7-0-cadf73e5575d,LOW_LEVEL_TRANSIT,LOW_LEVEL_TRANSIT,0.2426839313866597,0,0.2426839313866597,False
a9563c-0-b4887f128a4d,LOW_LEVEL_TRANSIT,LOW_LEVEL_TRANSIT,0.25774148754911935,0,0.25774148754911935,False
ac4fb5-0-8db8ebfc0309,LOW_LEVEL_TRANSIT,ENROUTE_CLIMB,0.6922013016728096,0,1.1225082040030352,True
a03cc6-0-05caad980f89,LOW_LEVEL_TRANSIT,LOW_LEVEL_TRANSIT,0.07506635959230958,0,0.07506635959230958,False
a7a04c-0-e564d1ea74cc,LOW_LEVEL_TRANSIT,ENROUTE_DESCENT,0.30990499007107797,0,0.3600337362771652,False
a3cdd4-0-7ff151b41e89,LOW_LEVEL_TRANSIT,LOW_LEVEL_TRANSIT,0.08243908637753479,0,0.08243908637753479,False
a0d11c-0-17877f2733d0,LOW_LEVEL_TRANSIT,LOW_LEVEL_TRANSIT,0.186421320096,0,0.186421320096,False
a7752a-0-eaaba424718e,LOW_LEVEL_TRANSIT,LOW_LEVEL_TRANSIT,0.26521340254564196,0,0.26521340254564196,False
a68c8e-0-f6248c4edf13,LOW_LEVEL_TRANSIT,LOW_LEVEL_TRANSIT,0.1952179238158862,0,0.1952179238158862,False
a677ea-0-6109d5694697,LOW_LEVEL_TRANSIT,LOW_LEVEL_TRANSIT,0.1928777721708316,0,0.1928777721708316,False
a671a1-0-695597dfddab,LOW_LEVEL_TRANSIT,LOW_LEVEL_TRANSIT,0.2682286575572431,0,0.2682286575572431,False
a25f37-0-7bfc7dc3e6ad,LOW_LEVEL_TRANSIT,LOW_LEVEL_TRANSIT,0.21676173020370756,0,0.21676173020370756,False
a018c4-0-cc3fab48b521,LOW_LEVEL_TRANSIT,LOW_LEVEL_TRANSIT,0.2848285620562099,0,0.2848285620562099,False
acd375-0-0bca2e5a7768,LOW_LEVEL_TRANSIT,LOW_LEVEL_TRANSIT,0.3456144425434657,0,0.3456144425434657,False
a62c94-0-0f4791502eeb,LOW_LEVEL_TRANSIT,LOW_LEVEL_TRANSIT,0.09801741459091456,0,0.09801741459091456,False
a74c5d-0-3c2a4550b772,LOW_LEVEL_TRANSIT,LOW_LEVEL_TRANSIT,0.2966909803755253,0,0.2966909803755253,False
a6c868-0-4779a72cb89f,LOW_LEVEL_TRANSIT,LOW_LEVEL_TRANSIT,0.8283919567269802,0,0.8283919567269802,False
ab4712-0-62b934280a67,LOW_LEVEL_TRANSIT,LOW_LEVEL_TRANSIT,0.1433195359352817,0,0.1433195359352817,False
a76fc0-0-b2d3d854ebf9,LOW_LEVEL_TRANSIT,LOW_LEVEL_TRANSIT,0.3067989024000139,0,0.3067989024000139,False
ab23b3-0-0b020b0c3fbc,LOW_LEVEL_TRANSIT,LOW_LEVEL_TRANSIT,0.1883214390444763,0,0.1883214390444763,False
a42698-0-36404dbed7ee,LOW_LEVEL_TRANSIT,LOW_LEVEL_TRANSIT,0.1421316820769818,0,0.1421316820769818,False
a2a627-0-a91781a8f55b,LOW_LEVEL_TRANSIT,ENROUTE_DESCENT,1.1492040255099887,-1,1.8257057000159647,True
a122e0-0-5b8f8dd2c8ea,LOW_LEVEL_TRANSIT,LOW_LEVEL_TRANSIT,0.1594582686464543,0,0.1594582686464543,False
aca548-0-4f5c93d5adf3,LOW_LEVEL_TRANSIT,LOW_LEVEL_TRANSIT,0.38004702630386106,0,0.38004702630386106,False
aa372e-0-4a3c50736b8f,LOW_LEVEL_TRANSIT,LOW_LEVEL_TRANSIT,0.16408342980532817,0,0.16408342980532817,False
a1b0c6-0-1c24089656f6,LOW_LEVEL_TRANSIT,LOW_LEVEL_TRANSIT,0.2226666316243594,0,0.2226666316243594,False
ad479d-0-fcef9d21b8b1,LOW_LEVEL_TRANSIT,LOW_LEVEL_TRANSIT,0.2254945196793496,0,0.2254945196793496,False
a06bb1-0-c4afe3533b7d,LOW_LEVEL_TRANSIT,LOW_LEVEL_TRANSIT,0.0,0,0.0,False
aaaa93-0-c75278acbe53,LOW_LEVEL_TRANSIT,HOLDING_LOCAL,0.7765581137985937,0,0.9895782054409816,False
a7c564-0-447af7998749,LOW_LEVEL_TRANSIT,LOW_LEVEL_TRANSIT,0.19375217118594415,0,0.19375217118594415,False
a486b3-0-ebc69561f51a,LOW_LEVEL_TRANSIT,LOW_LEVEL_TRANSIT,0.21431505474220114,0,0.21431505474220114,False
a32ddd-0-f9a1576925fd,LOW_LEVEL_TRANSIT,LOW_LEVEL_TRANSIT,0.2273766467721474,0,0.2273766467721474,False
a71f1f-0-c4883e02b148,LOW_LEVEL_TRANSIT,LOW_LEVEL_TRANSIT,0.28938848750584917,0,0.28938848750584917,False
a13c92-0-49f28ad57e06,LOW_LEVEL_TRANSIT,LOW_LEVEL_TRANSIT,0.5959803278399534,0,0.5959803278399534,False
a00cbf-0-dad4497ca4b4,LOW_LEVEL_TRANSIT,LOW_LEVEL_TRANSIT,0.13560224650852343,0,0.13560224650852343,False
a4365e-0-07f18a2db6ff,LOW_LEVEL_TRANSIT,LOW_LEVEL_TRANSIT,0.1698402038113152,0,0.1698402038113152,False
a70e92-0-c413d3e98b7e,LOW_LEVEL_TRANSIT,LOW_LEVEL_TRANSIT,0.1662971770053494,0,0.1662971770053494,False
ac5b43-0-83e0fe89ec59,LOW_LEVEL_TRANSIT,LOW_LEVEL_TRANSIT,0.3330639655971201,0,0.3330639655971201,False
a904ca-0-85ef888eb91c,LOW_LEVEL_TRANSIT,LOW_LEVEL_TRANSIT,0.053156982097087475,0,0.053156982097087475,False
a5a648-0-6e0803607d4d,LOW_LEVEL_TRANSIT,ENROUTE_CLIMB,0.6003225138164541,0,0.8859330097406292,False
a17f32-0-696bc1f3c78c,LOW_LEVEL_TRANSIT,LOW_LEVEL_TRANSIT,0.17078681340297838,0,0.17078681340297838,False
a52946-0-fbde45a26fc9,LOW_LEVEL_TRANSIT,ENROUTE_CLIMB,0.2493689260251639,0,0.42413106526708305,False
a79601-0-0197ec2f134c,LOW_LEVEL_TRANSIT,LOW_LEVEL_TRANSIT,0.2558772503990132,0,0.2558772503990132,False
a46304-0-c6610567a395,LOW_LEVEL_TRANSIT,LOW_LEVEL_TRANSIT,0.19412679624633952,0,0.19412679624633952,False
adaa47-0-39c6ac02665e,LOW_LEVEL_TRANSIT,LOW_LEVEL_TRANSIT,0.08663130709760913,0,0.08663130709760913,False
a1b0c6-0-9d10cc678e39,LOW_LEVEL_TRANSIT,LOW_LEVEL_TRANSIT,0.11776157584301655,0,0.11776157584301655,False
a7e246-0-10a1850b5718,LOW_LEVEL_TRANSIT,LOW_LEVEL_TRANSIT,0.38296595647924037,0,0.38296595647924037,False
a78d48-0-86492051a224,LOW_LEVEL_TRANSIT,LOW_LEVEL_TRANSIT,0.16805944115188085,0,0.16805944115188085,False
a4cacb-0-b3910b18b253,LOW_LEVEL_TRANSIT,LOW_LEVEL_TRANSIT,0.13220222971823944,0,0.13220222971823944,False
a599cf-0-5110d0a73814,LOW_LEVEL_TRANSIT,LOW_LEVEL_TRANSIT,0.08262368293989514,0,0.08262368293989514,False
abde0b-0-82ea3e22ac22,LOW_LEVEL_TRANSIT,LOW_LEVEL_TRANSIT,0.15960284235636493,0,0.15960284235636493,False
a924fc-0-704cd3403d7f,LOW_LEVEL_TRANSIT,LOW_LEVEL_TRANSIT,0.16412103126127026,0,0.16412103126127026,False
ac119d-0-55a667c5fb33,LOW_LEVEL_TRANSIT,DEPARTURE,0.5941854374854146,0,0.8663483259006327,False
aa7b78-0-bb1e49165ef8,LOW_LEVEL_TRANSIT,LOW_LEVEL_TRANSIT,0.21753199205889825,0,0.21753199205889825,False
adb2c7-0-fd5e3589b481,LOW_LEVEL_TRANSIT,LOW_LEVEL_TRANSIT,0.8706773201255817,1,0.8706773201255817,False
a1c918-0-b93f1880dd77,LOW_LEVEL_TRANSIT,LOW_LEVEL_TRANSIT,0.1204901400350447,0,0.1204901400350447,False
a196bc-0-4af50a7f79fa,LOW_LEVEL_TRANSIT,LOW_LEVEL_TRANSIT,0.1500501629799825,0,0.1500501629799825,False
a7806c-0-5ec0240883d5,LOW_LEVEL_TRANSIT,LOW_LEVEL_TRANSIT,0.34917601270599696,0,0.34917601270599696,False
a27f5e-0-9201deda08b4,LOW_LEVEL_TRANSIT,LOW_LEVEL_TRANSIT,0.1486809161279405,0,0.1486809161279405,False
aca972-0-eea5935b886b,LOW_LEVEL_TRANSIT,LOW_LEVEL_TRANSIT,0.21147527671424105,0,0.21147527671424105,False
a3952c-0-5abda500e351,LOW_LEVEL_TRANSIT,LOW_LEVEL_TRANSIT,0.181043297775917,0,0.181043297775917,False
a40cdf-0-ada84efcc8f5,LOW_LEVEL_TRANSIT,TERMINAL_ARRIVAL,0.7166947821912527,0,0.7284099922172682,False
ae2f9d-0-396ea9032c4b,LOW_LEVEL_TRANSIT,LOW_LEVEL_TRANSIT,0.5216753950256218,0,0.5216753950256218,False
a06e7b-0-2eecce859a33,LOW_LEVEL_TRANSIT,LOW_LEVEL_TRANSIT,0.25717431652088774,0,0.25717431652088774,False
a1e189-0-47f04bb95cd2,LOW_LEVEL_TRANSIT,LOW_LEVEL_TRANSIT,0.2176682866720871,0,0.2176682866720871,False
a0e07f-0-d5524c3d526b,LOW_LEVEL_TRANSIT,LOW_LEVEL_TRANSIT,0.26398015976913997,0,0.26398015976913997,False
a67040-0-8cf49c6001d0,LOW_LEVEL_TRANSIT,LOW_LEVEL_TRANSIT,0.402605885106964,0,0.402605885106964,False
a4e42b-0-7d10aab07c53,LOW_LEVEL_TRANSIT,LOW_LEVEL_TRANSIT,0.23507773001904406,0,0.23507773001904406,False
abb24b-0-849ab2375178,LOW_LEVEL_TRANSIT,LOW_LEVEL_TRANSIT,0.22126268745848726,0,0.22126268745848726,False
ab7376-0-ada25d82e2ab,LOW_LEVEL_TRANSIT,LOW_LEVEL_TRANSIT,0.44045210520835476,0,0.44045210520835476,False
a056d1-0-5319473f2a2e,LOW_LEVEL_TRANSIT,LOW_LEVEL_TRANSIT,0.44439334553014764,0,0.44439334553014764,False
aa692a-0-d309023abeec,LOW_LEVEL_TRANSIT,LOW_LEVEL_TRANSIT,0.1819771965922156,0,0.1819771965922156,False
ae03dc-0-32fc9a1048e0,LOW_LEVEL_TRANSIT,LOW_LEVEL_TRANSIT,0.18219239579296834,2,0.18219239579296834,False
a60cf5-0-659b62a878dc,LOW_LEVEL_TRANSIT,LOW_LEVEL_TRANSIT,0.1874817763443788,0,0.1874817763443788,False
a5e041-0-f39fb464eac3,LOW_LEVEL_TRANSIT,ENROUTE_DESCENT,0.7519129539841386,0,0.90739186578866,False
a86bb2-0-7e2a82bdc4f0,LOW_LEVEL_TRANSIT,LOW_LEVEL_TRANSIT,0.21437480889874921,0,0.21437480889874921,False
a548d1-0-5b903fd09cb6,LOW_LEVEL_TRANSIT,DEPARTURE,0.37236195424166574,0,1.1996839136245911,True
a56464-0-013647538fa1,LOW_LEVEL_TRANSIT,LOW_LEVEL_TRANSIT,0.3963438917558945,0,0.3963438917558945,False
a10b68-0-23687b28f333,LOW_LEVEL_TRANSIT,HOLDING_LOCAL,1.0586662113591034,-1,1.575899498933717,True
a95c7c-0-9f82d3dccf32,LOW_LEVEL_TRANSIT,LOW_LEVEL_TRANSIT,0.23811187190496297,0,0.23811187190496297,False
ab2c0c-0-f989959e6d72,LOW_LEVEL_TRANSIT,LOW_LEVEL_TRANSIT,0.24180560785723146,0,0.24180560785723146,False
a2cc36-0-fbf8ac0f6e06,LOW_LEVEL_TRANSIT,LOW_LEVEL_TRANSIT,0.2129525789924617,0,0.2129525789924617,False
a456a9-0-e265db10d7ab,LOW_LEVEL_TRANSIT,LOW_LEVEL_TRANSIT,0.4746654251067678,0,0.4746654251067678,False
a4b769-0-074655576d14,LOW_LEVEL_TRANSIT,LOW_LEVEL_TRANSIT,0.14280524186395288,0,0.14280524186395288,False
ad1175-0-70ae00f3cddf,LOW_LEVEL_TRANSIT,LOW_LEVEL_TRANSIT,0.11532399985103522,0,0.11532399985103522,False
a8371a-0-58caf2f90231,LOW_LEVEL_TRANSIT,LOW_LEVEL_TRANSIT,0.21703581849424589,0,0.21703581849424589,False
a4bd22-0-3121df59d5b4,LOW_LEVEL_TRANSIT,LOW_LEVEL_TRANSIT,0.14702615793112692,0,0.14702615793112692,False
a090b1-0-3f8272c499ed,LOW_LEVEL_TRANSIT,LOW_LEVEL_TRANSIT,0.16814470296079864,0,0.16814470296079864,False
a76668-0-a733468287ab,LOW_LEVEL_TRANSIT,LOW_LEVEL_TRANSIT,0.36203813699778803,0,0.36203813699778803,False
a0e1f5-0-4e90f4307f38,LOW_LEVEL_TRANSIT,LOW_LEVEL_TRANSIT,0.19555510584018296,0,0.19555510584018296,False
abec0f-0-6bc6c696b480,LOW_LEVEL_TRANSIT,LOW_LEVEL_TRANSIT,0.32411490831689854,0,0.32411490831689854,False
a4a0b4-0-4132eb9f46d3,LOW_LEVEL_TRANSIT,LOW_LEVEL_TRANSIT,0.17446448179333046,0,0.17446448179333046,False
a72962-0-28f64556a7aa,LOW_LEVEL_TRANSIT,LOW_LEVEL_TRANSIT,0.1471066628678852,0,0.1471066628678852,False
ab58b2-0-f70a35cbc50c,LOW_LEVEL_TRANSIT,LOW_LEVEL_TRANSIT,0.0,0,0.0,False
a3a78e-0-2dd09056e457,LOW_LEVEL_TRANSIT,LOW_LEVEL_TRANSIT,0.16680491756618962,0,0.16680491756618962,False
a548d1-0-f26af6a93d44,LOW_LEVEL_TRANSIT,LOW_LEVEL_TRANSIT,0.7920691898726323,0,0.7920691898726323,False
a1d6fa-0-30203a3ba53a,LOW_LEVEL_TRANSIT,LOW_LEVEL_TRANSIT,0.30499311120115175,0,0.30499311120115175,False
ae749d-0-1d1bceebcf44,LOW_LEVEL_TRANSIT,LOW_LEVEL_TRANSIT,0.45122129246026155,4,0.45122129246026155,False
a17f32-0-09a4ef6a8266,LOW_LEVEL_TRANSIT,LOW_LEVEL_TRANSIT,0.13598717209685166,0,0.13598717209685166,False
ad775d-0-10741c3102ac,LOW_LEVEL_TRANSIT,LOW_LEVEL_TRANSIT,0.0,0,0.0,False
a69dd8-0-e2a06874cf23,LOW_LEVEL_TRANSIT,LOW_LEVEL_TRANSIT,0.24382585005661228,0,0.24382585005661228,False
a46d19-0-39261247a5de,LOW_LEVEL_TRANSIT,LOW_LEVEL_TRANSIT,0.15606357486078218,0,0.15606357486078218,False
a562a2-0-9d97c9ce3c28,LOW_LEVEL_TRANSIT,LOW_LEVEL_TRANSIT,0.0,0,0.0,False
a7583b-0-31f06a3eda72,LOW_LEVEL_TRANSIT,LOW_LEVEL_TRANSIT,0.17107507666600966,0,0.17107507666600966,False
a05dc5-0-1bcf73ca191e,LOW_LEVEL_TRANSIT,LOW_LEVEL_TRANSIT,0.26245910077419493,0,0.26245910077419493,False
a677ea-0-8328bb3e0c5d,LOW_LEVEL_TRANSIT,LOW_LEVEL_TRANSIT,0.11809577392246175,0,0.11809577392246175,False
a736a7-0-0361afa8834f,LOW_LEVEL_TRANSIT,LOW_LEVEL_TRANSIT,0.26057299320216437,0,0.26057299320216437,False
a9fb29-0-635d37dd513e,LOW_LEVEL_TRANSIT,LOW_LEVEL_TRANSIT,0.1990344171450783,0,0.1990344171450783,False
a36b81-0-fd5757add8e8,LOW_LEVEL_TRANSIT,LOW_LEVEL_TRANSIT,0.17702335993958557,0,0.17702335993958557,False
a10fb4-0-31bbd711a234,LOW_LEVEL_TRANSIT,LOW_LEVEL_TRANSIT,0.26078785351677164,0,0.26078785351677164,False
a52946-0-0070d5c06636,LOW_LEVEL_TRANSIT,LOW_LEVEL_TRANSIT,0.35689749616120464,0,0.35689749616120464,False
a6c60d-0-f1fe47f28842,LOW_LEVEL_TRANSIT,LOW_LEVEL_TRANSIT,0.27965763042535235,0,0.27965763042535235,False
ac7331-0-7e1a1a2f596b,LOW_LEVEL_TRANSIT,LOW_LEVEL_TRANSIT,0.42191256815691686,0,0.42191256815691686,False
ab9737-0-bc4c59fcb4cb,LOW_LEVEL_TRANSIT,DEPARTURE,0.26829729482208886,0,0.7511581758877492,False
ad7e90-0-88eb7d5919a0,LOW_LEVEL_TRANSIT,LOW_LEVEL_TRANSIT,0.0,0,0.0,False
a86bb2-0-80619af959de,LOW_LEVEL_TRANSIT,LOW_LEVEL_TRANSIT,0.18424315728699603,0,0.18424315728699603,False
a2f694-0-632ee09402d9,LOW_LEVEL_TRANSIT,LOW_LEVEL_TRANSIT,0.15366910329814237,0,0.15366910329814237,False
a42921-0-c41f298b221f,LOW_LEVEL_TRANSIT,LOW_LEVEL_TRANSIT,0.3088132837684061,0,0.3088132837684061,False
a1c5f7-0-14552d8480ce,LOW_LEVEL_TRANSIT,LOW_LEVEL_TRANSIT,0.195878425582069,0,0.195878425582069,False
a18d36-0-cb0ecb67379d,LOW_LEVEL_TRANSIT,LOW_LEVEL_TRANSIT,0.22131822887690977,0,0.22131822887690977,False
a9be8d-0-491130adddca,LOW_LEVEL_TRANSIT,LOW_LEVEL_TRANSIT,0.25252872260293935,0,0.25252872260293935,False
a6bee2-0-959685af7671,LOW_LEVEL_TRANSIT,LOW_LEVEL_TRANSIT,0.1825691176135503,0,0.1825691176135503,False
a599cf-0-3ee0f915104c,LOW_LEVEL_TRANSIT,LOW_LEVEL_TRANSIT,0.1572466988415894,0,0.1572466988415894,False
a079db-0-21e2fe596e33,LOW_LEVEL_TRANSIT,LOW_LEVEL_TRANSIT,0.16550299580950145,0,0.16550299580950145,False
aa01b5-0-0fed8e8db934,LOW_LEVEL_TRANSIT,LOW_LEVEL_TRANSIT,0.18062852248616665,0,0.18062852248616665,False
a42698-0-17c19df746ef,LOW_LEVEL_TRANSIT,LOW_LEVEL_TRANSIT,0.4840484582059242,0,0.4840484582059242,False
aa9ad9-0-3d726c77d973,LOW_LEVEL_TRANSIT,LOW_LEVEL_TRANSIT,0.11757229419702495,0,0.11757229419702495,False
a44e18-0-a7e06e7a5e16,LOW_LEVEL_TRANSIT,LOW_LEVEL_TRANSIT,0.03980308634592106,0,0.03980308634592106,False
a3be24-0-5ac91d9fe67d,LOW_LEVEL_TRANSIT,LOW_LEVEL_TRANSIT,0.28514760364501046,0,0.28514760364501046,False
ad0277-0-e6b9f266c4c3,LOW_LEVEL_TRANSIT,LOW_LEVEL_TRANSIT,0.2796046496378342,0,0.2796046496378342,False
a95795-0-e5131caee2f2,LOW_LEVEL_TRANSIT,LOW_LEVEL_TRANSIT,0.6015173523492934,0,0.6015173523492934,False
ab482b-0-16efe58e87c3,LOW_LEVEL_TRANSIT,LOW_LEVEL_TRANSIT,1.1882831041278643,-1,1.1882831041278643,True
a64cbb-0-92f7c20c776d,LOW_LEVEL_TRANSIT,ENROUTE_CLIMB,0.48037899875259216,0,1.0353467996403563,True
a1b16c-0-b5994185e4b9,LOW_LEVEL_TRANSIT,LOW_LEVEL_TRANSIT,0.1811843328487951,0,0.1811843328487951,False
a49331-0-4125e2ab64ce,LOW_LEVEL_TRANSIT,LOW_LEVEL_TRANSIT,0.4935201694118999,0,0.4935201694118999,False
a9ced8-0-01efff4a9ed9,LOW_LEVEL_TRANSIT,LOW_LEVEL_TRANSIT,0.0,0,0.0,False
a1a637-0-394708300cc0,LOW_LEVEL_TRANSIT,LOW_LEVEL_TRANSIT,0.17026178953603235,0,0.17026178953603235,False
a8be02-0-fedc6100a6aa,LOW_LEVEL_TRANSIT,LOW_LEVEL_TRANSIT,0.21265420489662507,0,0.21265420489662507,False
a814fa-0-7b5a171bcaf4,LOW_LEVEL_TRANSIT,LOW_LEVEL_TRANSIT,0.28846784587392243,0,0.28846784587392243,False
a336f0-0-5d11eecdf858,LOW_LEVEL_TRANSIT,LOW_LEVEL_TRANSIT,0.0998077067166016,0,0.0998077067166016,False
a7a3cb-0-d769680d04d4,LOW_LEVEL_TRANSIT,LOW_LEVEL_TRANSIT,0.14768967097037736,0,0.14768967097037736,False
ab923a-0-800f6475047f,LOW_LEVEL_TRANSIT,LOW_LEVEL_TRANSIT,0.22507374786055653,0,0.22507374786055653,False
a1bcfd-0-3e538d3758c7,LOW_LEVEL_TRANSIT,LOW_LEVEL_TRANSIT,0.4002674188055099,0,0.4002674188055099,False
ad3eaa-0-db1bd4d09f7f,LOW_LEVEL_TRANSIT,LOW_LEVEL_TRANSIT,0.0,0,0.0,False
adc8fc-0-157bf9d2e06d,LOW_LEVEL_TRANSIT,LOW_LEVEL_TRANSIT,0.2371068031578807,0,0.2371068031578807,False
a035d8-0-f8c2a00b1193,LOW_LEVEL_TRANSIT,LOW_LEVEL_TRANSIT,0.1309004280367209,0,0.1309004280367209,False
ac433e-0-6a0e9c40393d,LOW_LEVEL_TRANSIT,LOW_LEVEL_TRANSIT,0.26883499409165384,0,0.26883499409165384,False
aa0cc4-0-8c51354d63c3,LOW_LEVEL_TRANSIT,LOW_LEVEL_TRANSIT,0.32477437415392096,0,0.32477437415392096,False
abb440-0-34ff14a82f46,LOW_LEVEL_TRANSIT,LOW_LEVEL_TRANSIT,0.0,0,0.0,False
a2a15f-0-0b5ec8deee4c,LOW_LEVEL_TRANSIT,LOW_LEVEL_TRANSIT,0.1954275186289106,0,0.1954275186289106,False
a9a19d-0-4c884b0217dc,LOW_LEVEL_TRANSIT,LOW_LEVEL_TRANSIT,0.3047266872131878,0,0.3047266872131878,False
a939e8-0-903692d62f97,LOW_LEVEL_TRANSIT,LOW_LEVEL_TRANSIT,0.3002532386345645,0,0.3002532386345645,False
ab0090-0-1beb3a9b71f1,LOW_LEVEL_TRANSIT,LOW_LEVEL_TRANSIT,1.1247422616342257,-1,1.1247422616342257,True
a3be24-0-8d8b9c8b0ca2,LOW_LEVEL_TRANSIT,LOW_LEVEL_TRANSIT,0.0,0,0.0,False
a69ca1-0-c2bafceb7cad,LOW_LEVEL_TRANSIT,DEPARTURE,0.809086019546163,0,2.2545510397898267,True
a13325-0-1bf22ed31789,LOW_LEVEL_TRANSIT,LOW_LEVEL_TRANSIT,0.0,0,0.0,False
a5c00b-0-6666a6f38b64,LOW_LEVEL_TRANSIT,LOW_LEVEL_TRANSIT,0.17319289756766476,0,0.17319289756766476,False
ab63db-0-57cc042027bd,LOW_LEVEL_TRANSIT,LOW_LEVEL_TRANSIT,0.2873766349511651,0,0.2873766349511651,False
a708b0-0-5b7b2ac82c2a,LOW_LEVEL_TRANSIT,ENROUTE_CLIMB,0.3864030158190475,0,0.8560638617643992,False
a16b0f-0-5fe0dc7d0524,LOW_LEVEL_TRANSIT,LOW_LEVEL_TRANSIT,0.22713842129055903,0,0.22713842129055903,False
a7a037-0-a79c24679fa4,LOW_LEVEL_TRANSIT,LOW_LEVEL_TRANSIT,0.2388285270792145,0,0.2388285270792145,False
ac119d-0-26a8326bd58d,LOW_LEVEL_TRANSIT,LOW_LEVEL_TRANSIT,0.3073633593875371,0,0.3073633593875371,False
ad81a3-0-c606c3b4259b,LOW_LEVEL_TRANSIT,LOW_LEVEL_TRANSIT,0.14302951837709768,0,0.14302951837709768,False
a65a4d-0-81a35b1f6a7c,LOW_LEVEL_TRANSIT,LOW_LEVEL_TRANSIT,0.15401315078444752,0,0.15401315078444752,False
a04904-0-86f0d464c360,LOW_LEVEL_TRANSIT,LOW_LEVEL_TRANSIT,0.14992546868900877,0,0.14992546868900877,False
a492b9-0-4617f49900ff,LOW_LEVEL_TRANSIT,LOW_LEVEL_TRANSIT,0.4842409729276523,0,0.4842409729276523,False
a3ecce-0-d9c148d09f32,LOW_LEVEL_TRANSIT,LOW_LEVEL_TRANSIT,0.573108370738746,0,0.573108370738746,False
a06bb1-0-2699dc82ad1a,LOW_LEVEL_TRANSIT,LOW_LEVEL_TRANSIT,0.2998155721203191,0,0.2998155721203191,False
a2e28f-0-d0ca4d485347,LOW_LEVEL_TRANSIT,LOW_LEVEL_TRANSIT,0.39828922997962646,0,0.39828922997962646,False
acc7ae-0-12092ebb90a8,LOW_LEVEL_TRANSIT,LOW_LEVEL_TRANSIT,0.37205435704773965,0,0.37205435704773965,False
a6ecea-0-4b8216ba072b,LOW_LEVEL_TRANSIT,LOW_LEVEL_TRANSIT,0.0,0,0.0,False
a14d16-0-ce2746568ba9,LOW_LEVEL_TRANSIT,LOW_LEVEL_TRANSIT,0.44284003548474143,0,0.44284003548474143,False
a1d541-0-cc73d4b2c736,LOW_LEVEL_TRANSIT,LOW_LEVEL_TRANSIT,0.22568975222939586,0,0.22568975222939586,False
ab958b-0-d498655a0eea,LOW_LEVEL_TRANSIT,LOW_LEVEL_TRANSIT,0.21376660924917468,0,0.21376660924917468,False
ab2a05-0-1d3b16cf64b8,LOW_LEVEL_TRANSIT,LOW_LEVEL_TRANSIT,0.26518682676096467,0,0.26518682676096467,False
a69fce-0-5a96b7ed34b7,LOW_LEVEL_TRANSIT,LOW_LEVEL_TRANSIT,0.14847449134172694,0,0.14847449134172694,False
a3be24-0-53afe224f7c5,LOW_LEVEL_TRANSIT,LOW_LEVEL_TRANSIT,1.0452537332989666,-1,1.0452537332989666,True
aaaa93-0-28d267e47585,LOW_LEVEL_TRANSIT,LOW_LEVEL_TRANSIT,0.21571364792328887,0,0.21571364792328887,False
a69dd8-0-b400737a8843,LOW_LEVEL_TRANSIT,LOW_LEVEL_TRANSIT,0.34689983768860627,0,0.34689983768860627,False
acd214-0-b8d08487726b,LOW_LEVEL_TRANSIT,LOW_LEVEL_TRANSIT,0.18353641305292384,0,0.18353641305292384,False
a0941a-0-eb4484b94feb,LOW_LEVEL_TRANSIT,LOW_LEVEL_TRANSIT,0.200035298128454,0,0.200035298128454,False
adc8fc-0-433a06b0a018,LOW_LEVEL_TRANSIT,LOW_LEVEL_TRANSIT,0.13398301424606535,0,0.13398301424606535,False
~2c39f6-0-dc09f5825b90,LOW_LEVEL_TRANSIT,LOW_LEVEL_TRANSIT,0.12362550359579959,0,0.12362550359579959,False
a1e08a-0-f21c1ef21725,LOW_LEVEL_TRANSIT,LOW_LEVEL_TRANSIT,0.31494189935224604,0,0.31494189935224604,False
a9e737-0-c0419610680a,LOW_LEVEL_TRANSIT,LOW_LEVEL_TRANSIT,0.09057334685872195,0,0.09057334685872195,False
aa72f5-0-1342b14f24ac,LOW_LEVEL_TRANSIT,LOW_LEVEL_TRANSIT,0.33068408007099276,0,0.33068408007099276,False
a822d1-0-a0b418df5ecd,LOW_LEVEL_TRANSIT,LOW_LEVEL_TRANSIT,0.5967178661466213,0,0.5967178661466213,False
a19fdb-0-a08ed7d278d0,LOW_LEVEL_TRANSIT,LOW_LEVEL_TRANSIT,0.1408428401820426,0,0.1408428401820426,False
a03cc6-0-8e31d7aa00c0,LOW_LEVEL_TRANSIT,LOW_LEVEL_TRANSIT,0.3508509333509146,0,0.3508509333509146,False
a6049b-0-bf393353e0bd,LOW_LEVEL_TRANSIT,LOW_LEVEL_TRANSIT,0.30054135957785066,0,0.30054135957785066,False
a427e3-0-1e8e134802ee,LOW_LEVEL_TRANSIT,LOW_LEVEL_TRANSIT,0.10648184592663025,2,0.10648184592663025,False
a4e4a6-0-9629f00fe3fa,LOW_LEVEL_TRANSIT,LOW_LEVEL_TRANSIT,0.5610821665040041,0,0.5610821665040041,False
a6a9bf-0-0edd039d0eb1,LOW_LEVEL_TRANSIT,LOW_LEVEL_TRANSIT,0.5007730004279024,0,0.5007730004279024,False
a17f32-0-a34e7d4f1cd7,LOW_LEVEL_TRANSIT,LOW_LEVEL_TRANSIT,0.46340977548578993,0,0.46340977548578993,False
ac6b50-0-4c38a2a3f24f,LOW_LEVEL_TRANSIT,LOW_LEVEL_TRANSIT,0.303188281071699,0,0.303188281071699,False
a5e5c8-0-309810c136ff,LOW_LEVEL_TRANSIT,LOW_LEVEL_TRANSIT,0.28441266236019697,0,0.28441266236019697,False
ab00d6-0-7d9a8b8af97f,LOW_LEVEL_TRANSIT,LOW_LEVEL_TRANSIT,0.27559337750687646,0,0.27559337750687646,False
a915e5-0-05aa3fbc05f4,LOW_LEVEL_TRANSIT,LOW_LEVEL_TRANSIT,0.07164498053446915,0,0.07164498053446915,False
a22235-0-3a12b59636e1,LOW_LEVEL_TRANSIT,LOW_LEVEL_TRANSIT,0.0,0,0.0,False
a10d5e-0-5ac92f152518,LOW_LEVEL_TRANSIT,LOW_LEVEL_TRANSIT,0.27087220749785385,0,0.27087220749785385,False
a24ce0-0-c97ce4a14bd9,LOW_LEVEL_TRANSIT,LOW_LEVEL_TRANSIT,0.25495297830342517,0,0.25495297830342517,False
a7fddb-0-38eada36837e,LOW_LEVEL_TRANSIT,LOW_LEVEL_TRANSIT,0.0,0,0.0,False
c0475f-0-3ff516e39220,LOW_LEVEL_TRANSIT,LOW_LEVEL_TRANSIT,0.21056911646089335,1,0.21056911646089335,False
a44b56-0-9776082f7e60,LOW_LEVEL_TRANSIT,LOW_LEVEL_TRANSIT,0.2605806117592459,0,0.2605806117592459,False
a41ef0-0-b572134668c0,LOW_LEVEL_TRANSIT,LOW_LEVEL_TRANSIT,0.5976971826778352,0,0.5976971826778352,False
a3848f-0-a072a8ac1623,LOW_LEVEL_TRANSIT,LOW_LEVEL_TRANSIT,0.0,0,0.0,False
a01311-0-1527476892a8,LOW_LEVEL_TRANSIT,LOW_LEVEL_TRANSIT,0.7600230033773886,0,0.7600230033773886,False
a3848f-0-aa61ba8964e0,LOW_LEVEL_TRANSIT,HOLDING_LOCAL,0.26744531588509163,0,0.6031167278870043,False
a74161-0-6bcf0fd279df,LOW_LEVEL_TRANSIT,LOW_LEVEL_TRANSIT,0.23103512749727803,0,0.23103512749727803,False
aaf264-0-fe95efc70d4f,LOW_LEVEL_TRANSIT,LOW_LEVEL_TRANSIT,0.35488911950759644,0,0.35488911950759644,False
a0519c-0-dbb0724f69de,LOW_LEVEL_TRANSIT,LOW_LEVEL_TRANSIT,0.26431962748982535,0,0.26431962748982535,False
ab46a0-0-0a908c269991,LOW_LEVEL_TRANSIT,LOW_LEVEL_TRANSIT,0.17453265834479087,0,0.17453265834479087,False
ac01d3-0-df2368c24114,LOW_LEVEL_TRANSIT,LOW_LEVEL_TRANSIT,0.5643476969102269,0,0.5643476969102269,False
a736a7-0-e2a676638305,LOW_LEVEL_TRANSIT,LOW_LEVEL_TRANSIT,0.12245477119318784,0,0.12245477119318784,False
a035d8-0-6f5b93b57899,LOW_LEVEL_TRANSIT,LOW_LEVEL_TRANSIT,0.21068386862186542,0,0.21068386862186542,False
ad3fde-0-bffd50502fbc,LOW_LEVEL_TRANSIT,LOW_LEVEL_TRANSIT,0.36978500794203895,1,0.36978500794203895,False
a96f94-0-e9ecfd4a8262,LOW_LEVEL_TRANSIT,DEPARTURE,0.6208575802581178,0,1.4024032189270699,True
ac5d47-0-b67309b68927,LOW_LEVEL_TRANSIT,LOW_LEVEL_TRANSIT,0.10711132564718678,0,0.10711132564718678,False
a50115-0-2123814010b5,LOW_LEVEL_TRANSIT,LOW_LEVEL_TRANSIT,0.25886014129455853,0,0.25886014129455853,False
a953de-0-5781fafd8639,LOW_LEVEL_TRANSIT,LOW_LEVEL_TRANSIT,0.20796736858264445,0,0.20796736858264445,False
a427e3-0-f3963a99f1ab,LOW_LEVEL_TRANSIT,LOW_LEVEL_TRANSIT,0.1787258003948402,2,0.1787258003948402,False
4bb146-0-ce76ffe3a521,LOW_LEVEL_TRANSIT,LOW_LEVEL_TRANSIT,0.27513653828337425,0,0.27513653828337425,False
a3f7ab-0-0f1e74e2449f,LOW_LEVEL_TRANSIT,LOW_LEVEL_TRANSIT,0.23508656375090936,0,0.23508656375090936,False
a1df9a-0-6880540bdc06,LOW_LEVEL_TRANSIT,LOW_LEVEL_TRANSIT,0.1262632257097657,0,0.1262632257097657,False
a37c00-0-2a0b4c4ebeaf,LOW_LEVEL_TRANSIT,LOW_LEVEL_TRANSIT,0.0,0,0.0,False
a040c0-0-0de384eb8a04,LOW_LEVEL_TRANSIT,ENROUTE_CLIMB,0.5994751700191023,0,0.7834163599068283,False
ad038c-0-ba0c8047524f,LOW_LEVEL_TRANSIT,LOW_LEVEL_TRANSIT,0.25974476158055787,0,0.25974476158055787,False
ac77f8-0-c3136871821d,LOW_LEVEL_TRANSIT,LOW_LEVEL_TRANSIT,0.1032765504859503,0,0.1032765504859503,False
aa372e-0-6e6994941892,LOW_LEVEL_TRANSIT,LOW_LEVEL_TRANSIT,0.182091134083795,0,0.182091134083795,False
ac671b-0-a015486e9d88,LOW_LEVEL_TRANSIT,LOW_LEVEL_TRANSIT,0.39544128406655815,0,0.39544128406655815,False
a07f60-0-4a529ef150b2,LOW_LEVEL_TRANSIT,LOW_LEVEL_TRANSIT,0.40976871944599896,0,0.40976871944599896,False
a36249-0-61dfb1873510,LOW_LEVEL_TRANSIT,LOW_LEVEL_TRANSIT,0.0,0,0.0,False
ab396d-0-b8a666f94fec,LOW_LEVEL_TRANSIT,LOW_LEVEL_TRANSIT,0.09271681465983593,0,0.09271681465983593,False
ab3fec-0-201cb6cd8a2c,LOW_LEVEL_TRANSIT,LOW_LEVEL_TRANSIT,0.9816952175551125,1,0.9816952175551125,False
ac3f09-0-96e7d647bbab,LOW_LEVEL_TRANSIT,LOW_LEVEL_TRANSIT,0.3813748540295828,1,0.3813748540295828,False
a0f139-0-fc74b7e9d391,LOW_LEVEL_TRANSIT,DEPARTURE,0.3878148031882158,0,1.2178951711172417,True
a376d4-0-2159708d86fd,LOW_LEVEL_TRANSIT,LOW_LEVEL_TRANSIT,0.21420277213408792,0,0.21420277213408792,False
a883cc-0-eda1954f8139,LOW_LEVEL_TRANSIT,LOW_LEVEL_TRANSIT,0.26880692647183274,0,0.26880692647183274,False
a36b99-0-92ef874bd899,LOW_LEVEL_TRANSIT,LOW_LEVEL_TRANSIT,0.38100846939981037,0,0.38100846939981037,False
a074d2-0-e80d68857b7f,LOW_LEVEL_TRANSIT,LOW_LEVEL_TRANSIT,0.15036916292304808,0,0.15036916292304808,False
a81115-0-dde15e8fda3f,LOW_LEVEL_TRANSIT,LOW_LEVEL_TRANSIT,0.3461227685885142,0,0.3461227685885142,False
a95c7c-0-fcbc8187b17a,LOW_LEVEL_TRANSIT,LOW_LEVEL_TRANSIT,0.14360431510363864,0,0.14360431510363864,False
a40cdf-0-8234256e3dc7,LOW_LEVEL_TRANSIT,ENROUTE_CLIMB,1.2742809264634785,-1,1.641014401397495,True
a50ea2-0-4c420656a6e9,LOW_LEVEL_TRANSIT,LOW_LEVEL_TRANSIT,0.9846755845016829,0,0.9846755845016829,False
a8371a-0-1415d8aa80d3,LOW_LEVEL_TRANSIT,LOW_LEVEL_TRANSIT,0.11726431569794404,0,0.11726431569794404,False
a9562c-0-a35f9464c3cd,LOW_LEVEL_TRANSIT,CRUISE_OVERFLIGHT,0.41159118173797576,1,1.0892975007564236,True
a677ea-0-ef2966ecf5ee,LOW_LEVEL_TRANSIT,LOW_LEVEL_TRANSIT,0.29205060241278946,0,0.29205060241278946,False
a50b14-0-113a4dfd5c7e,LOW_LEVEL_TRANSIT,LOW_LEVEL_TRANSIT,0.0,0,0.0,False
ab38aa-0-e68a98c5dfc9,LOW_LEVEL_TRANSIT,LOW_LEVEL_TRANSIT,2.172271300313955,-1,2.172271300313955,True
a9ec68-0-884cf440d557,LOW_LEVEL_TRANSIT,LOW_LEVEL_TRANSIT,0.15372173947836218,0,0.15372173947836218,False
a6612c-0-a949d8b40d7d,LOW_LEVEL_TRANSIT,LOW_LEVEL_TRANSIT,0.2193694510057512,0,0.2193694510057512,False
a897d9-0-f1ab02c7c2a6,LOW_LEVEL_TRANSIT,LOW_LEVEL_TRANSIT,0.2105382931385226,0,0.2105382931385226,False
aa692a-0-3ac7bc28f627,LOW_LEVEL_TRANSIT,LOW_LEVEL_TRANSIT,0.20791509028994473,0,0.20791509028994473,False
ad47d2-0-2c16a7015a80,LOW_LEVEL_TRANSIT,LOW_LEVEL_TRANSIT,0.28142678879363503,0,0.28142678879363503,False
ad6a5e-0-157e23f08a44,LOW_LEVEL_TRANSIT,LOW_LEVEL_TRANSIT,0.183645115692622,0,0.183645115692622,False
ac5ba6-0-5181408179ba,LOW_LEVEL_TRANSIT,LOW_LEVEL_TRANSIT,0.343845931148418,0,0.343845931148418,False
a87e4f-0-3aba402b2acf,LOW_LEVEL_TRANSIT,LOW_LEVEL_TRANSIT,0.1599860073564867,0,0.1599860073564867,False
a1584a-0-1daa9fb29d48,LOW_LEVEL_TRANSIT,LOW_LEVEL_TRANSIT,0.12048123761449857,0,0.12048123761449857,False
ab17bb-0-7883c6af6150,LOW_LEVEL_TRANSIT,LOW_LEVEL_TRANSIT,0.3952123143848152,0,0.3952123143848152,False
a536dd-0-8a841a389416,LOW_LEVEL_TRANSIT,LOW_LEVEL_TRANSIT,0.3361788296898467,0,0.3361788296898467,False
a54ad3-0-9b89ba8b32ae,LOW_LEVEL_TRANSIT,LOW_LEVEL_TRANSIT,0.0,0,0.0,False
a34729-0-bf4ee6be15d9,LOW_LEVEL_TRANSIT,LOW_LEVEL_TRANSIT,0.2724629651380294,0,0.2724629651380294,False
a64ee2-0-fa7cd76747ec,LOW_LEVEL_TRANSIT,LOW_LEVEL_TRANSIT,0.319797100172264,0,0.319797100172264,False
a9538f-0-c710ce6d07e0,LOW_LEVEL_TRANSIT,LOW_LEVEL_TRANSIT,0.2012353041513991,0,0.2012353041513991,False
a36c48-0-0099bb130d28,LOW_LEVEL_TRANSIT,LOW_LEVEL_TRANSIT,0.32836497432873996,0,0.32836497432873996,False
ac77f8-0-6667cd44c7b4,LOW_LEVEL_TRANSIT,LOW_LEVEL_TRANSIT,0.15828440237866595,0,0.15828440237866595,False
acc31a-0-1ce9f38b1b0a,LOW_LEVEL_TRANSIT,LOW_LEVEL_TRANSIT,0.2828021297234626,0,0.2828021297234626,False
a74574-0-ef31e48fe9d7,LOW_LEVEL_TRANSIT,LOW_LEVEL_TRANSIT,0.16882248555265647,0,0.16882248555265647,False
a43ef0-0-fff889130cee,LOW_LEVEL_TRANSIT,LOW_LEVEL_TRANSIT,0.1325563196017778,0,0.1325563196017778,False
a4e42b-0-b751a91799e3,LOW_LEVEL_TRANSIT,HOLDING_LOCAL,0.8308098022093913,0,0.9212465397437236,False
a079db-0-c97bd0b9293e,LOW_LEVEL_TRANSIT,LOW_LEVEL_TRANSIT,0.18262492477791775,0,0.18262492477791775,False
aa988a-0-2c9872554f9f,LOW_LEVEL_TRANSIT,LOW_LEVEL_TRANSIT,0.19450606948609658,0,0.19450606948609658,False
a40944-0-b55e90548273,LOW_LEVEL_TRANSIT,LOW_LEVEL_TRANSIT,0.4222692272389993,0,0.4222692272389993,False
a41f95-0-f829b6075730,LOW_LEVEL_TRANSIT,LOW_LEVEL_TRANSIT,0.20869540240743356,0,0.20869540240743356,False
aa692a-0-5771502d051b,LOW_LEVEL_TRANSIT,LOW_LEVEL_TRANSIT,0.18150997348506442,0,0.18150997348506442,False
4bb14b-0-d858cfb3dd14,LOW_LEVEL_TRANSIT,LOW_LEVEL_TRANSIT,0.5501367074662779,0,0.5501367074662779,False
a6ab1a-0-f3719f138187,LOW_LEVEL_TRANSIT,LOW_LEVEL_TRANSIT,0.18992082464433163,0,0.18992082464433163,False
a9bc8a-0-0974adbc80e9,LOW_LEVEL_TRANSIT,LOW_LEVEL_TRANSIT,0.1532117206457405,0,0.1532117206457405,False
aa835d-0-51605abd05b6,LOW_LEVEL_TRANSIT,LOW_LEVEL_TRANSIT,0.1672116513388084,0,0.1672116513388084,False
a1c918-0-fad0263bf5e7,LOW_LEVEL_TRANSIT,LOW_LEVEL_TRANSIT,0.19071137380928957,0,0.19071137380928957,False
ada4fb-0-faaf7347cafa,LOW_LEVEL_TRANSIT,LOW_LEVEL_TRANSIT,0.10989405690389187,0,0.10989405690389187,False
a57c44-0-ee6296fb3c2f,LOW_LEVEL_TRANSIT,LOW_LEVEL_TRANSIT,0.0,0,0.0,False
a08739-0-268664d22b17,LOW_LEVEL_TRANSIT,LOW_LEVEL_TRANSIT,0.15247956864532758,0,0.15247956864532758,False
a2eaf8-0-5d11a1473a15,LOW_LEVEL_TRANSIT,LOW_LEVEL_TRANSIT,0.17799201905570444,0,0.17799201905570444,False
a4e714-0-1335fecd5083,LOW_LEVEL_TRANSIT,LOW_LEVEL_TRANSIT,0.2900637752049298,0,0.2900637752049298,False
a671a1-0-5c3ffc925821,LOW_LEVEL_TRANSIT,LOW_LEVEL_TRANSIT,0.22532146247016646,0,0.22532146247016646,False
a45072-0-116a7d3865a5,LOW_LEVEL_TRANSIT,LOW_LEVEL_TRANSIT,0.09170144020893112,0,0.09170144020893112,False
aa0d55-0-2b52676b6ccd,LOW_LEVEL_TRANSIT,LOW_LEVEL_TRANSIT,0.32527998263850716,0,0.32527998263850716,False
a48356-0-037f20e14bc9,LOW_LEVEL_TRANSIT,ENROUTE_DESCENT,0.7654083031960172,0,1.3403279907260817,True
a1e43d-0-165ad83ce6c2,LOW_LEVEL_TRANSIT,LOW_LEVEL_TRANSIT,0.18385592566622974,0,0.18385592566622974,False
a6ba7a-0-15ff7886e50c,LOW_LEVEL_TRANSIT,LOW_LEVEL_TRANSIT,0.10887102527064421,0,0.10887102527064421,False
aa7bf6-0-391052b874bd,LOW_LEVEL_TRANSIT,LOW_LEVEL_TRANSIT,0.568250471287276,0,0.568250471287276,False
a515ec-0-ea5ad0d197fb,LOW_LEVEL_TRANSIT,LOW_LEVEL_TRANSIT,0.19294418184610346,0,0.19294418184610346,False
a6ab1a-0-c2f95a84af90,LOW_LEVEL_TRANSIT,LOW_LEVEL_TRANSIT,0.07580349590128481,0,0.07580349590128481,False
a4e507-0-559f844a8b18,LOW_LEVEL_TRANSIT,LOW_LEVEL_TRANSIT,0.2564186320506881,0,0.2564186320506881,False
a43ef0-0-c72fc6c0ee22,LOW_LEVEL_TRANSIT,LOW_LEVEL_TRANSIT,0.4838492538120154,0,0.4838492538120154,False
a30494-0-88e43cd9b4bd,LOW_LEVEL_TRANSIT,LOW_LEVEL_TRANSIT,0.21492939370188968,0,0.21492939370188968,False
a26a48-0-1505379d44ae,LOW_LEVEL_TRANSIT,LOW_LEVEL_TRANSIT,0.18036505809514777,0,0.18036505809514777,False
~2c14cb-0-3584a755adcb,LOW_LEVEL_TRANSIT,LOW_LEVEL_TRANSIT,0.49399186861506983,0,0.49399186861506983,False
ac3110-0-7b088ed69b05,LOW_LEVEL_TRANSIT,LOW_LEVEL_TRANSIT,0.6814287202780045,0,0.6814287202780045,False
a76668-0-d74e1c28d3e6,LOW_LEVEL_TRANSIT,ENROUTE_DESCENT,0.2993885203698096,0,0.4164685636085282,False
a997cc-0-1abeed34f925,LOW_LEVEL_TRANSIT,LOW_LEVEL_TRANSIT,0.23192171587897373,0,0.23192171587897373,False
ac76f2-0-d12cc26c0020,LOW_LEVEL_TRANSIT,LOW_LEVEL_TRANSIT,0.2899620623299642,0,0.2899620623299642,False
aca057-0-2e0f723e40b9,LOW_LEVEL_TRANSIT,LOW_LEVEL_TRANSIT,0.09696134972858103,0,0.09696134972858103,False
a9cab0-0-5dcd4cb06288,LOW_LEVEL_TRANSIT,LOW_LEVEL_TRANSIT,0.13843840066234708,0,0.13843840066234708,False
aa692a-0-4d182c1455e1,LOW_LEVEL_TRANSIT,LOW_LEVEL_TRANSIT,0.23697961848871066,0,0.23697961848871066,False
ada4fb-0-c0341de173aa,LOW_LEVEL_TRANSIT,LOW_LEVEL_TRANSIT,0.0,0,0.0,False
a27ca5-0-bc4cf54b2f3d,LOW_LEVEL_TRANSIT,LOW_LEVEL_TRANSIT,0.0,0,0.0,False
a6ef4a-0-92ccc33c2fa1,LOW_LEVEL_TRANSIT,LOW_LEVEL_TRANSIT,1.0588292765948653,-1,1.0588292765948653,True
ad4389-0-86bf63a8a182,LOW_LEVEL_TRANSIT,ENROUTE_CLIMB,1.5303805811443012,-1,1.9993721500444865,True
a618f5-0-4dc22790b107,LOW_LEVEL_TRANSIT,LOW_LEVEL_TRANSIT,0.3550416236241224,0,0.3550416236241224,False
a4f17f-0-bae1f278c852,LOW_LEVEL_TRANSIT,LOW_LEVEL_TRANSIT,0.0,0,0.0,False
a1afa2-0-bc186792657f,LOW_LEVEL_TRANSIT,LOW_LEVEL_TRANSIT,0.25033844626479235,0,0.25033844626479235,False
a4e321-0-69a02e7b4358,LOW_LEVEL_TRANSIT,LOW_LEVEL_TRANSIT,0.3196472982567203,0,0.3196472982567203,False
ab181c-0-6a30af0acb76,LOW_LEVEL_TRANSIT,LOW_LEVEL_TRANSIT,0.17118966080567105,0,0.17118966080567105,False
abf602-0-ef697a74f11e,LOW_LEVEL_TRANSIT,LOW_LEVEL_TRANSIT,1.256256018478276,-1,1.256256018478276,True
a12fd2-0-5caaeef09561,LOW_LEVEL_TRANSIT,LOW_LEVEL_TRANSIT,0.16369011327549682,0,0.16369011327549682,False
a4830c-0-255b6254d6b3,LOW_LEVEL_TRANSIT,LOW_LEVEL_TRANSIT,0.2753364913472298,0,0.2753364913472298,False
aa6c69-0-6a1990f81133,LOW_LEVEL_TRANSIT,LOW_LEVEL_TRANSIT,0.20295354814426791,0,0.20295354814426791,False
ad6bc1-0-1d4c9020abcb,LOW_LEVEL_TRANSIT,LOW_LEVEL_TRANSIT,0.3992529095080871,0,0.3992529095080871,False
abcb07-0-e93e80b64c38,LOW_LEVEL_TRANSIT,HOLDING_LOCAL,1.4427308077528909,-1,2.0162313384290393,True
a360f9-0-8479f4d9fb0e,LOW_LEVEL_TRANSIT,LOW_LEVEL_TRANSIT,0.10727317843083439,0,0.10727317843083439,False
a4e2c4-0-c61d20b6342a,LOW_LEVEL_TRANSIT,LOW_LEVEL_TRANSIT,0.364443236022207,0,0.364443236022207,False
a90e6e-0-fabed29ee98d,LOW_LEVEL_TRANSIT,LOW_LEVEL_TRANSIT,0.32052768030735634,0,0.32052768030735634,False
a8f9a3-0-34777393a086,LOW_LEVEL_TRANSIT,LOW_LEVEL_TRANSIT,0.47571667999980327,0,0.47571667999980327,False
adb2a4-0-c71f610f0423,LOW_LEVEL_TRANSIT,LOW_LEVEL_TRANSIT,0.1058925081451728,0,0.1058925081451728,False
a88752-0-7c4ec0ba1758,LOW_LEVEL_TRANSIT,LOW_LEVEL_TRANSIT,0.340503936991334,0,0.340503936991334,False
aba7b0-0-0f1fcbee7147,LOW_LEVEL_TRANSIT,LOW_LEVEL_TRANSIT,0.4204116517205539,0,0.4204116517205539,False
a9f777-0-c1583d6dcfca,LOW_LEVEL_TRANSIT,LOW_LEVEL_TRANSIT,0.42757076540145444,0,0.42757076540145444,False
a6a273-0-da492aaac7b9,LOW_LEVEL_TRANSIT,LOW_LEVEL_TRANSIT,0.1214204491976512,0,0.1214204491976512,False
a122e0-0-cecaab61c563,LOW_LEVEL_TRANSIT,LOW_LEVEL_TRANSIT,0.10957210408724938,0,0.10957210408724938,False
ab115d-0-7442edc4eccc,LOW_LEVEL_TRANSIT,LOW_LEVEL_TRANSIT,0.35152690793277336,0,0.35152690793277336,False
acaff1-0-35ef90eba4ce,LOW_LEVEL_TRANSIT,LOW_LEVEL_TRANSIT,0.277675561832474,0,0.277675561832474,False
a1b0c6-0-65fe33c8f178,LOW_LEVEL_TRANSIT,LOW_LEVEL_TRANSIT,0.17493442545194948,0,0.17493442545194948,False
a4ec15-0-a8e3b4a1a070,LOW_LEVEL_TRANSIT,LOW_LEVEL_TRANSIT,0.4304480155085342,0,0.4304480155085342,False
a47844-0-94ea8faf1ba0,LOW_LEVEL_TRANSIT,LOW_LEVEL_TRANSIT,0.16019053031823616,0,0.16019053031823616,False
a9aa7d-0-e988818bc1c8,LOW_LEVEL_TRANSIT,LOW_LEVEL_TRANSIT,0.30056718288094975,0,0.30056718288094975,False
a05514-0-bc28e65c7f47,LOW_LEVEL_TRANSIT,LOW_LEVEL_TRANSIT,0.4957655951800579,0,0.4957655951800579,False
abf0dc-0-6e4f899eba84,LOW_LEVEL_TRANSIT,LOW_LEVEL_TRANSIT,0.3137757805628625,0,0.3137757805628625,False
aa7a54-0-e9900f9fea19,LOW_LEVEL_TRANSIT,LOW_LEVEL_TRANSIT,0.39974354797225337,0,0.39974354797225337,False
4843f2-0-ed5e43eeaedf,LOW_LEVEL_TRANSIT,LOW_LEVEL_TRANSIT,0.554443895094383,0,0.554443895094383,False
aaa493-0-e770ab7e3278,LOW_LEVEL_TRANSIT,LOW_LEVEL_TRANSIT,0.7591794905553078,1,0.7591794905553078,False
a7b030-0-81433fe3fd1d,LOW_LEVEL_TRANSIT,LOW_LEVEL_TRANSIT,0.4032398548760799,0,0.4032398548760799,False
a4e4a6-0-36b1d5a2f182,LOW_LEVEL_TRANSIT,LOW_LEVEL_TRANSIT,0.26006665653465344,0,0.26006665653465344,False
a002cb-0-b5dcd8c0d11f,LOW_LEVEL_TRANSIT,LOW_LEVEL_TRANSIT,0.9520720739702352,1,0.9520720739702352,False
a82557-0-bc7485074433,LOW_LEVEL_TRANSIT,LOW_LEVEL_TRANSIT,0.2188854460651865,0,0.2188854460651865,False
a1d541-0-9b171fc7b004,LOW_LEVEL_TRANSIT,LOW_LEVEL_TRANSIT,0.1935442577741996,0,0.1935442577741996,False
a360f9-0-3c04c3408e90,LOW_LEVEL_TRANSIT,LOW_LEVEL_TRANSIT,0.4039051287240804,0,0.4039051287240804,False
a397aa-0-1211fb8d7b98,LOW_LEVEL_TRANSIT,LOW_LEVEL_TRANSIT,1.9449556113489999,-1,1.9449556113489999,True
ab8fb2-0-11c7cd400b4d,LOW_LEVEL_TRANSIT,LOW_LEVEL_TRANSIT,0.26442855153803174,0,0.26442855153803174,False
a20d69-0-b32c29797f39,LOW_LEVEL_TRANSIT,LOW_LEVEL_TRANSIT,0.4871852196890133,0,0.4871852196890133,False
a880d5-0-11a2a79eff9a,LOW_LEVEL_TRANSIT,LOW_LEVEL_TRANSIT,0.855290224104477,0,0.855290224104477,False
a667f6-0-5c82965cbcdb,LOW_LEVEL_TRANSIT,LOW_LEVEL_TRANSIT,0.21619119610802753,0,0.21619119610802753,False
aa01b5-0-6256748b9858,LOW_LEVEL_TRANSIT,LOW_LEVEL_TRANSIT,0.20655722704523705,0,0.20655722704523705,False
a04695-0-ea0346fc8ba4,LOW_LEVEL_TRANSIT,LOW_LEVEL_TRANSIT,0.0,0,0.0,False
a9ecdf-0-bf80b18c16df,LOW_LEVEL_TRANSIT,LOW_LEVEL_TRANSIT,0.20038899007558345,0,0.20038899007558345,False
a103e3-0-c5d017d5dfbe,LOW_LEVEL_TRANSIT,LOW_LEVEL_TRANSIT,0.14970189862416916,0,0.14970189862416916,False
a359bc-0-429ae4e8ccb0,LOW_LEVEL_TRANSIT,HOLDING_LOCAL,0.27150533161708046,0,0.526304252857199,False
a6ab1a-0-524ad5ebdce9,LOW_LEVEL_TRANSIT,LOW_LEVEL_TRANSIT,0.2945768127662589,0,0.2945768127662589,False
a0d62d-0-d14426568365,LOW_LEVEL_TRANSIT,LOW_LEVEL_TRANSIT,0.37228189046431054,0,0.37228189046431054,False
a3a042-0-d6dd53041a66,LOW_LEVEL_TRANSIT,LOW_LEVEL_TRANSIT,0.17936817802302615,0,0.17936817802302615,False
a20c39-0-1b29c4aea792,LOW_LEVEL_TRANSIT,LOW_LEVEL_TRANSIT,0.22124457753689145,0,0.22124457753689145,False
a3fb63-0-71b5647f12cf,LOW_LEVEL_TRANSIT,LOW_LEVEL_TRANSIT,0.10900760188362074,0,0.10900760188362074,False
a008a4-0-1c4a62f9db1d,LOW_LEVEL_TRANSIT,LOW_LEVEL_TRANSIT,0.16975928000153948,0,0.16975928000153948,False
a7da5f-0-5c44190c2ae0,LOW_LEVEL_TRANSIT,LOW_LEVEL_TRANSIT,0.2129003919677527,0,0.2129003919677527,False
ac3110-0-274eb3ec3af3,LOW_LEVEL_TRANSIT,LOW_LEVEL_TRANSIT,0.11836654238243918,0,0.11836654238243918,False
a495ef-0-e2e0a7c198d0,LOW_LEVEL_TRANSIT,TERMINAL_ARRIVAL,0.3347724342406438,0,0.4925556949715981,False
a44a48-0-52c626a71b31,LOW_LEVEL_TRANSIT,TERMINAL_ARRIVAL,0.14421433404770298,0,0.40253165456972867,False
ac3110-0-50c44c96b6e5,LOW_LEVEL_TRANSIT,LOW_LEVEL_TRANSIT,0.2364374106667361,0,0.2364374106667361,False
a4462e-0-be5c219cd263,LOW_LEVEL_TRANSIT,LOW_LEVEL_TRANSIT,0.38135792380762773,0,0.38135792380762773,False
a60cf5-0-53de1de924cf,LOW_LEVEL_TRANSIT,LOW_LEVEL_TRANSIT,0.21859385747300927,0,0.21859385747300927,False
a86bb2-0-7f2bb3f9992a,LOW_LEVEL_TRANSIT,LOW_LEVEL_TRANSIT,0.18918023347784824,0,0.18918023347784824,False
a2e3cb-0-e3c139cf5b52,LOW_LEVEL_TRANSIT,LOW_LEVEL_TRANSIT,0.3034480135218929,0,0.3034480135218929,False
a40d38-0-36dfe4a403df,LOW_LEVEL_TRANSIT,LOW_LEVEL_TRANSIT,0.2734794719414978,0,0.2734794719414978,False
a22124-0-3a4a7d4e1b68,LOW_LEVEL_TRANSIT,LOW_LEVEL_TRANSIT,0.42577892764597947,0,0.42577892764597947,False
a94af1-0-841c20394b11,LOW_LEVEL_TRANSIT,LOW_LEVEL_TRANSIT,0.34227260074965277,0,0.34227260074965277,False
a008a4-0-60857d6166de,LOW_LEVEL_TRANSIT,LOW_LEVEL_TRANSIT,0.15719010039847126,0,0.15719010039847126,False
a320e5-0-9f680ae76f0d,LOW_LEVEL_TRANSIT,ENROUTE_DESCENT,0.42494368375524205,0,0.45604175856390644,False
a37e9b-0-51a512e1fd67,LOW_LEVEL_TRANSIT,LOW_LEVEL_TRANSIT,0.47040982105177764,0,0.47040982105177764,False
a93d40-0-be861d33fd0c,LOW_LEVEL_TRANSIT,LOW_LEVEL_TRANSIT,0.2763455991870465,0,0.2763455991870465,False
a4b769-0-7c84bb8aee10,LOW_LEVEL_TRANSIT,LOW_LEVEL_TRANSIT,0.1631835952180841,0,0.1631835952180841,False
a52dc1-0-bf9dd7c3dbd5,LOW_LEVEL_TRANSIT,LOW_LEVEL_TRANSIT,0.0,0,0.0,False
adacf7-0-fb0b89ab775e,LOW_LEVEL_TRANSIT,LOW_LEVEL_TRANSIT,0.6485083214105012,0,0.6485083214105012,False
a4e507-0-3c5a7cc47659,LOW_LEVEL_TRANSIT,LOW_LEVEL_TRANSIT,0.16807481007148742,0,0.16807481007148742,False
aa3caa-0-d8b5e5c57e47,LOW_LEVEL_TRANSIT,LOW_LEVEL_TRANSIT,0.09409736573922453,0,0.09409736573922453,False
a50603-0-6c354e2efac8,LOW_LEVEL_TRANSIT,LOW_LEVEL_TRANSIT,0.4258813908831823,0,0.4258813908831823,False
aa2d6f-0-34ad7de8d4c0,LOW_LEVEL_TRANSIT,LOW_LEVEL_TRANSIT,0.39903004667894193,0,0.39903004667894193,False
a9e52a-0-4ac0ede401d7,LOW_LEVEL_TRANSIT,LOW_LEVEL_TRANSIT,0.13655432756163613,0,0.13655432756163613,False
a8371a-0-c4fd5a2d390a,LOW_LEVEL_TRANSIT,LOW_LEVEL_TRANSIT,0.0,0,0.0,False
a1b0c6-0-3d6883555255,LOW_LEVEL_TRANSIT,LOW_LEVEL_TRANSIT,0.19612531749542492,0,0.19612531749542492,False
ac3110-0-8e7d72019ff3,LOW_LEVEL_TRANSIT,HOLDING_LOCAL,0.36534194374016177,0,0.8042442824126318,False
acc0ae-0-854ac716bd7b,LOW_LEVEL_TRANSIT,LOW_LEVEL_TRANSIT,0.8661830368658598,0,0.8661830368658598,False
a06bb1-0-299e8c4b4cf3,LOW_LEVEL_TRANSIT,LOW_LEVEL_TRANSIT,0.31400679410204607,0,0.31400679410204607,False
a30bf7-0-1a68a1391167,LOW_LEVEL_TRANSIT,LOW_LEVEL_TRANSIT,0.15182884203174044,0,0.15182884203174044,False
a9a755-0-b5a4a1bc1538,LOW_LEVEL_TRANSIT,LOW_LEVEL_TRANSIT,0.20200172902411345,0,0.20200172902411345,False
ad03fa-0-cfb414a9996c,LOW_LEVEL_TRANSIT,LOW_LEVEL_TRANSIT,1.1539504913510574,-1,1.1539504913510574,True
aa894a-0-3ec5bf8f7f95,LOW_LEVEL_TRANSIT,LOW_LEVEL_TRANSIT,0.10372810952196906,0,0.10372810952196906,False
a4de64-0-73afdd0d952d,LOW_LEVEL_TRANSIT,LOW_LEVEL_TRANSIT,0.15473283901622828,0,0.15473283901622828,False
acdc35-0-579a67733eb4,LOW_LEVEL_TRANSIT,LOW_LEVEL_TRANSIT,0.2218896134205346,0,0.2218896134205346,False
a7e24a-0-f4021c1d7880,LOW_LEVEL_TRANSIT,LOW_LEVEL_TRANSIT,0.1283864844382358,0,0.1283864844382358,False
a62708-0-603e62292453,LOW_LEVEL_TRANSIT,LOW_LEVEL_TRANSIT,0.1570212275214198,0,0.1570212275214198,False
a9bd68-0-95524d5d8639,LOW_LEVEL_TRANSIT,LOW_LEVEL_TRANSIT,0.15184634640429434,0,0.15184634640429434,False
a9bc8a-0-a5994025797f,LOW_LEVEL_TRANSIT,LOW_LEVEL_TRANSIT,0.1773085745949,0,0.1773085745949,False
a19fdb-0-41e87dd6edac,LOW_LEVEL_TRANSIT,LOW_LEVEL_TRANSIT,0.27536309921250324,0,0.27536309921250324,False
a22648-0-34e327b98663,LOW_LEVEL_TRANSIT,LOW_LEVEL_TRANSIT,0.27365795270162374,0,0.27365795270162374,False
a75c48-0-7dc23e136f3b,LOW_LEVEL_TRANSIT,LOW_LEVEL_TRANSIT,0.12853881030164827,0,0.12853881030164827,False
a915e5-0-5d568a53e34d,LOW_LEVEL_TRANSIT,LOW_LEVEL_TRANSIT,0.1513014520125847,0,0.1513014520125847,False
a22ac6-0-a36f12c8835d,LOW_LEVEL_TRANSIT,LOW_LEVEL_TRANSIT,0.5869606636520073,1,0.5869606636520073,False
a008a4-0-e588965688aa,LOW_LEVEL_TRANSIT,LOW_LEVEL_TRANSIT,0.12813225614640664,0,0.12813225614640664,False
a3be36-0-a862d619ff88,LOW_LEVEL_TRANSIT,LOW_LEVEL_TRANSIT,0.2177312291315653,0,0.2177312291315653,False
ac2952-0-fbff04074aa4,LOW_LEVEL_TRANSIT,LOW_LEVEL_TRANSIT,0.2209002379785954,0,0.2209002379785954,False
adbdc7-0-c2acbbaa305f,LOW_LEVEL_TRANSIT,LOW_LEVEL_TRANSIT,0.16132751048871716,0,0.16132751048871716,False
a7a87a-0-c098fa710c54,LOW_LEVEL_TRANSIT,LOW_LEVEL_TRANSIT,0.5468602080181201,0,0.5468602080181201,False
a14d40-0-c866cb058d74,LOW_LEVEL_TRANSIT,LOW_LEVEL_TRANSIT,0.3680363547561536,0,0.3680363547561536,False
acaff1-0-1d32ee56d531,LOW_LEVEL_TRANSIT,LOW_LEVEL_TRANSIT,0.3493482061736612,0,0.3493482061736612,False
a172a9-0-fb8053b1a29e,LOW_LEVEL_TRANSIT,LOW_LEVEL_TRANSIT,0.19415973922343974,0,0.19415973922343974,False
a5fb91-0-f623fc95763b,LOW_LEVEL_TRANSIT,LOW_LEVEL_TRANSIT,0.26443683143413577,0,0.26443683143413577,False
a123f9-0-eeab7d913334,LOW_LEVEL_TRANSIT,LOW_LEVEL_TRANSIT,0.6159104181623878,2,0.6159104181623878,False
a71ec8-0-1b09cd4b2db5,LOW_LEVEL_TRANSIT,LOW_LEVEL_TRANSIT,0.10061663937482906,0,0.10061663937482906,False
a127a1-0-24808a142652,LOW_LEVEL_TRANSIT,LOW_LEVEL_TRANSIT,0.0,0,0.0,False
a242b7-0-8b3947a9234a,LOW_LEVEL_TRANSIT,LOW_LEVEL_TRANSIT,0.19131784838098384,0,0.19131784838098384,False
a935e0-0-b2d47d1f0ebd,LOW_LEVEL_TRANSIT,LOW_LEVEL_TRANSIT,0.6987738195828428,3,0.6987738195828428,False
a54926-0-3114b844955e,LOW_LEVEL_TRANSIT,LOW_LEVEL_TRANSIT,0.24701612191207076,0,0.24701612191207076,False
a118cd-0-14f6f824d9e3,LOW_LEVEL_TRANSIT,LOW_LEVEL_TRANSIT,0.1680396344561442,0,0.1680396344561442,False
a1c828-0-8fda1f260161,LOW_LEVEL_TRANSIT,LOW_LEVEL_TRANSIT,0.8370729614209819,0,0.8370729614209819,False
a1eec2-0-8355c019d7b9,LOW_LEVEL_TRANSIT,LOW_LEVEL_TRANSIT,0.17729685374968945,0,0.17729685374968945,False
a02aa7-0-b97f18289fae,LOW_LEVEL_TRANSIT,LOW_LEVEL_TRANSIT,0.0,0,0.0,False
a8de56-0-e147e0b8763c,LOW_LEVEL_TRANSIT,LOW_LEVEL_TRANSIT,0.27069470150893027,0,0.27069470150893027,False
a18c94-0-2d0f029e24f9,LOW_LEVEL_TRANSIT,LOW_LEVEL_TRANSIT,0.19382230699662098,0,0.19382230699662098,False
e80210-0-55f42263b6e0,LOW_LEVEL_TRANSIT,LOW_LEVEL_TRANSIT,0.2657343758000784,0,0.2657343758000784,False
a52717-0-e21be68d9562,LOW_LEVEL_TRANSIT,HOLDING_LOCAL,0.4331698793209498,0,0.46216666217059466,False
e8040c-0-0e078d7e6869,LOW_LEVEL_TRANSIT,LOW_LEVEL_TRANSIT,4.0914693130634385e-17,0,4.0914693130634385e-17,False
aba8ad-0-ad647ddccc68,LOW_LEVEL_TRANSIT,ENROUTE_CLIMB,0.6143021897911399,0,0.9852729515235373,False
a7610e-0-716a230f5f53,LOW_LEVEL_TRANSIT,LOW_LEVEL_TRANSIT,0.14473123340012153,0,0.14473123340012153,False
a047eb-0-ce62803b7a70,LOW_LEVEL_TRANSIT,LOW_LEVEL_TRANSIT,0.25892972490614724,0,0.25892972490614724,False
a73ea3-0-4fd1b63a8ef5,LOW_LEVEL_TRANSIT,LOW_LEVEL_TRANSIT,0.0,0,0.0,False
a48a8f-0-75591ef118e0,LOW_LEVEL_TRANSIT,LOW_LEVEL_TRANSIT,0.5376646224187542,0,0.5376646224187542,False
a3d0f5-0-07fff382f233,LOW_LEVEL_TRANSIT,LOW_LEVEL_TRANSIT,0.8328725032906402,0,0.8328725032906402,False
a6ef4a-0-e2ad18977750,LOW_LEVEL_TRANSIT,LOW_LEVEL_TRANSIT,0.3821284294716309,0,0.3821284294716309,False
a05343-0-23c67d38b07f,LOW_LEVEL_TRANSIT,LOW_LEVEL_TRANSIT,0.8602413818582324,0,0.8602413818582324,False
a5c2bc-0-dff706a01a29,LOW_LEVEL_TRANSIT,LOW_LEVEL_TRANSIT,0.1548179016048398,0,0.1548179016048398,False
a25fbe-0-3731af762300,LOW_LEVEL_TRANSIT,LOW_LEVEL_TRANSIT,0.0,0,0.0,False
ad77d3-0-a6e0fb1fd574,TERMINAL_ARRIVAL,TERMINAL_ARRIVAL,0.0,0,0.0,False
ad000d-0-0c2545d29296,TERMINAL_ARRIVAL,TERMINAL_ARRIVAL,0.0,0,0.0,False
ad63f7-0-46b8a4ff8b58,TERMINAL_ARRIVAL,TERMINAL_ARRIVAL,0.0,0,0.0,False
abb3be-0-14118c363c05,TERMINAL_ARRIVAL,TERMINAL_ARRIVAL,0.0,0,0.0,False
ab4fae-0-434bdf517695,TERMINAL_ARRIVAL,TERMINAL_ARRIVAL,0.0,0,0.0,False
aabd2b-0-f70f11a04600,TERMINAL_ARRIVAL,TERMINAL_ARRIVAL,0.0,0,0.0,False
a8f9a3-0-f44ebbff97ec,TERMINAL_ARRIVAL,TERMINAL_ARRIVAL,0.0,0,0.0,False
a3f88e-0-4e335e63df3a,TERMINAL_ARRIVAL,TERMINAL_ARRIVAL,0.0,0,0.0,False
a8e262-0-a317dc87f6f4,TERMINAL_ARRIVAL,TERMINAL_ARRIVAL,0.44071894843759546,0,0.44071894843759546,False
a31fd2-0-a82c13731712,TERMINAL_ARRIVAL,TERMINAL_ARRIVAL,0.0,0,0.0,False
ad000d-0-0c70fb0c6254,TERMINAL_ARRIVAL,TERMINAL_ARRIVAL,0.15164084902821526,0,0.15164084902821526,False
aa7a1f-0-f9be21fce785,TERMINAL_ARRIVAL,TERMINAL_ARRIVAL,0.0,0,0.0,False
ad273b-0-80430a9ec1d5,TERMINAL_ARRIVAL,TERMINAL_ARRIVAL,0.0,0,0.0,False
a8e262-0-1bec76d76835,TERMINAL_ARRIVAL,TERMINAL_ARRIVAL,0.0,0,0.0,False
ac7aa9-0-b99a59627986,TERMINAL_ARRIVAL,TERMINAL_ARRIVAL,0.0,0,0.0,False
a809f5-0-0b45734f5c8b,TERMINAL_ARRIVAL,TERMINAL_ARRIVAL,0.0,0,0.0,False
a43ec3-0-6b07eab12f7e,TERMINAL_ARRIVAL,ENROUTE_DESCENT,0.6080279171889028,0,1.0226961862558774,True
ad77d3-0-047eed9cc953,TERMINAL_ARRIVAL,TERMINAL_ARRIVAL,1.787907597545484e-16,0,1.787907597545484e-16,False
a35d79-0-a0056ef6d949,TERMINAL_ARRIVAL,TERMINAL_ARRIVAL,0.0,0,0.0,False
adab36-0-3ae643dab17d,TERMINAL_ARRIVAL,TERMINAL_ARRIVAL,0.0,0,0.0,False
a8def1-0-9226cf322674,TERMINAL_ARRIVAL,TERMINAL_ARRIVAL,0.0,0,0.0,False
ab3d41-0-927b9f20aa58,TERMINAL_ARRIVAL,ENROUTE_DESCENT,0.44578562966446234,0,0.4905942493604878,False
aa8513-0-727eb7760347,TERMINAL_ARRIVAL,TERMINAL_ARRIVAL,0.0,0,0.0,False
ad67ae-0-e97fb4f8c413,TERMINAL_ARRIVAL,TERMINAL_ARRIVAL,0.0,0,0.0,False
acda41-0-a87c73f254b9,TERMINAL_ARRIVAL,TERMINAL_ARRIVAL,0.0,0,0.0,False
40641d-0-918c8aa63fe1,TERMINAL_ARRIVAL,ENROUTE_DESCENT,0.7226485568189965,0,0.7242616630287279,False
ad185f-0-3132bb33987a,TERMINAL_ARRIVAL,TERMINAL_ARRIVAL,0.0,0,0.0,False
a49206-0-3cb6c1db3819,TERMINAL_ARRIVAL,TERMINAL_ARRIVAL,0.0,0,0.0,False
a8e20f-0-3601fdf19d72,TERMINAL_ARRIVAL,TERMINAL_ARRIVAL,0.0,0,0.0,False
a3524e-0-9d492c026e12,TERMINAL_ARRIVAL,TERMINAL_ARRIVAL,0.0,0,0.0,False
a67f8a-0-9c763a3c0835,TERMINAL_ARRIVAL,TERMINAL_ARRIVAL,0.0,0,0.0,False
a44262-0-f0977c02024d,TERMINAL_ARRIVAL,TERMINAL_ARRIVAL,0.0,0,0.0,False
a716f6-0-05cff260c200,TERMINAL_ARRIVAL,TERMINAL_ARRIVAL,0.0,0,0.0,False
a46a72-0-35e13fec49ff,TERMINAL_ARRIVAL,TERMINAL_ARRIVAL,0.0,0,0.0,False
a7bc3e-0-fc3ebb709e47,TERMINAL_ARRIVAL,TERMINAL_ARRIVAL,0.0,0,0.0,False
06a121-0-a5967a5d7332,TERMINAL_ARRIVAL,ENROUTE_DESCENT,0.7058482098517386,0,1.7857200767701589,True
a716f6-0-d8924457e297,TERMINAL_ARRIVAL,TERMINAL_ARRIVAL,0.0,0,0.0,False
a09961-0-7e384b11c5ba,TERMINAL_ARRIVAL,TERMINAL_ARRIVAL,0.22833419914221417,0,0.22833419914221417,False
a8ae7f-0-9fad7c9eaafc,TERMINAL_ARRIVAL,TERMINAL_ARRIVAL,0.0,0,0.0,False
a963f7-0-0d865d26413f,TERMINAL_ARRIVAL,TERMINAL_ARRIVAL,0.0,0,0.0,False
acad53-0-629bc3dd2e1f,TERMINAL_ARRIVAL,TERMINAL_ARRIVAL,0.0,0,0.0,False
394a03-0-1d97075d6c74,TERMINAL_ARRIVAL,TERMINAL_ARRIVAL,0.0,0,0.0,False
ab356b-0-d4f9643f7462,TERMINAL_ARRIVAL,TERMINAL_ARRIVAL,0.0,0,0.0,False
a44a48-0-96fb183a5c76,TERMINAL_ARRIVAL,TERMINAL_ARRIVAL,0.0,0,0.0,False
ad34b9-0-2605bece4492,TERMINAL_ARRIVAL,TERMINAL_ARRIVAL,0.0,0,0.0,False
a963b6-0-9d372559074e,TERMINAL_ARRIVAL,TERMINAL_ARRIVAL,0.0,0,0.0,False
a7de93-0-545f6bf5fd8c,TERMINAL_ARRIVAL,TERMINAL_ARRIVAL,0.0,0,0.0,False
ac74f9-0-b0993cb6fe6e,TERMINAL_ARRIVAL,LOW_LEVEL_TRANSIT,0.21011974592127444,0,0.3106824471490994,False
ad1c67-0-eca66570024a,TERMINAL_ARRIVAL,TERMINAL_ARRIVAL,0.0,0,0.0,False
8966d4-0-98fa43dd6243,TERMINAL_ARRIVAL,HOLDING_LOCAL,0.35851759618893947,0,0.7684311270400767,False
a963b6-0-5704ecb964c3,TERMINAL_ARRIVAL,TERMINAL_ARRIVAL,0.24496431331168697,0,0.24496431331168697,False
06a121-0-7ad2e7b65275,TERMINAL_ARRIVAL,TERMINAL_ARRIVAL,0.0,0,0.0,False
a7dadc-0-953d93c3711d,TERMINAL_ARRIVAL,TERMINAL_ARRIVAL,0.2628084502830531,0,0.2628084502830531,False
ac98c1-0-9f44836dd942,TERMINAL_ARRIVAL,TERMINAL_ARRIVAL,0.0,0,0.0,False
aaffed-0-8daf8d71f810,TERMINAL_ARRIVAL,TERMINAL_ARRIVAL,0.0,0,0.0,False
a49d22-0-c35558b142e7,TERMINAL_ARRIVAL,TERMINAL_ARRIVAL,0.0,0,0.0,False
a6946b-0-36507942b0d9,TERMINAL_ARRIVAL,TERMINAL_ARRIVAL,0.0,0,0.0,False
ac57f9-0-18d1e4550805,TERMINAL_ARRIVAL,TERMINAL_ARRIVAL,0.0,0,0.0,False
ac0b61-0-674e6c148cd1,TERMINAL_ARRIVAL,TERMINAL_ARRIVAL,0.0,0,0.0,False
a2090d-0-9bb7b5ec6856,TERMINAL_ARRIVAL,TERMINAL_ARRIVAL,0.0,0,0.0,False
a8e1cc-0-66914808dc4c,TERMINAL_ARRIVAL,TERMINAL_ARRIVAL,0.0,0,0.0,False
a8e262-0-76f2e4adb8f7,TERMINAL_ARRIVAL,TERMINAL_ARRIVAL,0.3918832767713161,0,0.3918832767713161,False
a44e24-0-bee58ff3e0d5,TERMINAL_ARRIVAL,TERMINAL_ARRIVAL,0.0,0,0.0,False
a8ae7f-0-6b5dbe3aa4a0,TERMINAL_ARRIVAL,TERMINAL_ARRIVAL,0.0,0,0.0,False
ab38aa-0-4c2d86033491,TERMINAL_ARRIVAL,TERMINAL_ARRIVAL,0.0,0,0.0,False
a35605-0-9566700809f5,TERMINAL_ARRIVAL,TERMINAL_ARRIVAL,0.0,0,0.0,False
aaa90c-0-be3cddd019b2,TERMINAL_ARRIVAL,TERMINAL_ARRIVAL,0.0,0,0.0,False
a4a484-0-bf23d705af02,TERMINAL_ARRIVAL,ENROUTE_DESCENT,0.13937276301897447,0,0.1400800280713661,False
a486d8-0-18224319d2b2,TERMINAL_ARRIVAL,ENROUTE_DESCENT,0.32968947195513576,0,0.5507743873549692,False
a91616-0-523cd97f7d5e,TERMINAL_ARRIVAL,TERMINAL_ARRIVAL,0.0,0,0.0,False
ad000d-0-c9c51cef078a,TERMINAL_ARRIVAL,TERMINAL_ARRIVAL,0.0,0,0.0,False
a3524e-0-2ccfe885708c,TERMINAL_ARRIVAL,TERMINAL_ARRIVAL,0.0,0,0.0,False
a1c5e0-0-044d4b005811,TERMINAL_ARRIVAL,ENROUTE_DESCENT,0.5730001017745165,0,0.9816804381536236,False
3c4598-0-40a0d9ae030b,TERMINAL_ARRIVAL,TERMINAL_ARRIVAL,0.0,0,0.0,False
a3bde1-0-9bbf74fadeaf,TERMINAL_ARRIVAL,TERMINAL_ARRIVAL,0.0,0,0.0,False
a1c918-0-9348b16627b7,TERMINAL_ARRIVAL,TERMINAL_ARRIVAL,0.20865890222516464,0,0.20865890222516464,False
a20675-0-a87655e57767,TERMINAL_ARRIVAL,TERMINAL_ARRIVAL,0.0,0,0.0,False
4005c0-0-940735aa4b27,TERMINAL_ARRIVAL,TERMINAL_ARRIVAL,0.0,0,0.0,False
adbdc9-0-362ad3f941f6,TERMINAL_ARRIVAL,TERMINAL_ARRIVAL,0.0,0,0.0,False
abe579-0-376980575545,TERMINAL_ARRIVAL,TERMINAL_ARRIVAL,0.0,0,0.0,False
ad81b9-0-600e87c3b35e,TERMINAL_ARRIVAL,TERMINAL_ARRIVAL,0.0,0,0.0,False
a90799-0-4243c5e393cf,TERMINAL_ARRIVAL,HOLDING_LOCAL,1.0786082500587892,-1,2.641116416706417,True
a39dca-0-5294d2774cb9,TERMINAL_ARRIVAL,TERMINAL_ARRIVAL,0.0,0,0.0,False
40771a-0-e888de6c8074,TERMINAL_ARRIVAL,HOLDING_LOCAL,0.49289631430371705,0,0.6349309585814561,False
ac0cf8-0-9846982f1545,TERMINAL_ARRIVAL,ENROUTE_DESCENT,0.18119142989423306,0,0.19555752742603935,False
ab9387-0-98ad56affd20,TERMINAL_ARRIVAL,ENROUTE_DESCENT,0.09759820234296844,0,0.24482844446390134,False
a2fea7-0-7d7da878d7dc,TERMINAL_ARRIVAL,ENROUTE_DESCENT,0.6372405646517415,0,0.6856390580679995,False
a4e35f-0-10abcef085f9,TERMINAL_ARRIVAL,TERMINAL_ARRIVAL,0.0,0,0.0,False
aadd92-0-99c013dc0e55,TERMINAL_ARRIVAL,TERMINAL_ARRIVAL,0.0,0,0.0,False
a3bd81-0-e7e95322fb94,TERMINAL_ARRIVAL,TERMINAL_ARRIVAL,0.0,0,0.0,False
ac98c1-0-06deb84d5489,TERMINAL_ARRIVAL,TERMINAL_ARRIVAL,0.0,0,0.0,False
ac21e4-0-c7bfab5a6ed3,TERMINAL_ARRIVAL,TERMINAL_ARRIVAL,0.0,0,0.0,False
a05dc5-0-91345bd36dfd,TERMINAL_ARRIVAL,LOW_LEVEL_TRANSIT,0.9477063438254596,0,1.080837349401895,True
ac2f18-0-91c4d60f50d2,TERMINAL_ARRIVAL,TERMINAL_ARRIVAL,0.0,0,0.0,False
ab2408-0-9f765b664871,TERMINAL_ARRIVAL,TERMINAL_ARRIVAL,0.0,0,0.0,False
ac33e2-0-4a8409a19a54,TERMINAL_ARRIVAL,TERMINAL_ARRIVAL,0.0,0,0.0,False
ab4fd4-0-1957d408fa2f,TERMINAL_ARRIVAL,TERMINAL_ARRIVAL,0.0,0,0.0,False
a56037-0-434160ec6b76,TERMINAL_ARRIVAL,TERMINAL_ARRIVAL,0.0,0,0.0,False
ac47de-0-3d8de0eaf366,TERMINAL_ARRIVAL,TERMINAL_ARRIVAL,0.0,0,0.0,False
a21142-0-06c168c480a1,TERMINAL_ARRIVAL,TERMINAL_ARRIVAL,0.0,0,0.0,False
a642b4-0-281ee3ad8ee8,TERMINAL_ARRIVAL,TERMINAL_ARRIVAL,0.0,0,0.0,False
a35605-0-494de80aa38d,TERMINAL_ARRIVAL,TERMINAL_ARRIVAL,0.0,0,0.0,False
a88752-0-bcf3f35b188c,TERMINAL_ARRIVAL,TERMINAL_ARRIVAL,0.0,0,0.0,False
a042d5-0-729e6b5b0a59,TERMINAL_ARRIVAL,TERMINAL_ARRIVAL,0.0,0,0.0,False
a8d27e-0-de77b238daff,TERMINAL_ARRIVAL,TERMINAL_ARRIVAL,0.0,0,0.0,False
aae312-0-8b631d824297,TERMINAL_ARRIVAL,LOW_LEVEL_TRANSIT,0.34024600288396145,0,0.3625375140994907,False
a2afeb-0-3b149c1227e3,TERMINAL_ARRIVAL,TERMINAL_ARRIVAL,0.0,0,0.0,False
ab5eb2-0-ca26ab108459,TERMINAL_ARRIVAL,TERMINAL_ARRIVAL,0.0,0,0.0,False
a06e0b-0-4d990d1751d3,TERMINAL_ARRIVAL,HOLDING_LOCAL,0.48451473027681485,0,0.7929115034478411,False
a29aa5-0-9aff33635eac,TERMINAL_ARRIVAL,TERMINAL_ARRIVAL,0.0,0,0.0,False
a39dca-0-2d6b551535ea,TERMINAL_ARRIVAL,TERMINAL_ARRIVAL,0.0,0,0.0,False
a6c70f-0-3e5ff66763e7,TERMINAL_ARRIVAL,TERMINAL_ARRIVAL,0.0,0,0.0,False
a9704d-0-a68497d73865,TERMINAL_ARRIVAL,TERMINAL_ARRIVAL,0.0,0,0.0,False
a40d8d-0-02653959f08a,TERMINAL_ARRIVAL,TERMINAL_ARRIVAL,0.0,0,0.0,False
ad3c78-0-fc88bdc8debe,TERMINAL_ARRIVAL,TERMINAL_ARRIVAL,0.0,0,0.0,False
a72823-0-e544bb856e53,TERMINAL_ARRIVAL,TERMINAL_ARRIVAL,0.0,0,0.0,False
a38d36-0-9d456c1b57a7,TERMINAL_ARRIVAL,TERMINAL_ARRIVAL,0.0,0,0.0,False
adbdc9-0-ef710530017a,TERMINAL_ARRIVAL,TERMINAL_ARRIVAL,0.0,0,0.0,False
a39017-0-610591acb034,TERMINAL_ARRIVAL,TERMINAL_ARRIVAL,6.528515479403532e-16,0,6.528515479403532e-16,False
ac0c64-0-a0b6d4ff87bf,TERMINAL_ARRIVAL,TERMINAL_ARRIVAL,0.0,0,0.0,False
aa477b-0-dcc24c5d06bb,TERMINAL_ARRIVAL,TERMINAL_ARRIVAL,0.0,0,0.0,False
a9c2b3-0-5bbf77e46375,TERMINAL_ARRIVAL,TERMINAL_ARRIVAL,0.0,0,0.0,False
a486cc-0-91595346f474,TERMINAL_ARRIVAL,TERMINAL_ARRIVAL,0.0,0,0.0,False
a486cc-0-3fc7b189a375,TERMINAL_ARRIVAL,TERMINAL_ARRIVAL,0.0,0,0.0,False
ac685d-0-940c15c7c768,TERMINAL_ARRIVAL,TERMINAL_ARRIVAL,0.0,0,0.0,False
a624ac-0-401087bb0cc1,TERMINAL_ARRIVAL,TERMINAL_ARRIVAL,0.0,0,0.0,False
a33d62-0-899f1d04b70f,TERMINAL_ARRIVAL,TERMINAL_ARRIVAL,0.0,0,0.0,False
a7dadc-0-ba6b600d1b87,TERMINAL_ARRIVAL,TERMINAL_ARRIVAL,0.0,0,0.0,False
acfc05-0-650a66d9590e,TERMINAL_ARRIVAL,TERMINAL_ARRIVAL,0.0,0,0.0,False
a389c8-0-9d18c93dd60c,TERMINAL_ARRIVAL,TERMINAL_ARRIVAL,0.0,0,0.0,False
a5a87d-0-6b5d1c58ce4d,TERMINAL_ARRIVAL,TERMINAL_ARRIVAL,0.0,0,0.0,False
a6b53b-0-b7ca81d94100,TERMINAL_ARRIVAL,TERMINAL_ARRIVAL,0.5159516941074676,0,0.5159516941074676,False
a8ae7f-0-69a364608e6e,TERMINAL_ARRIVAL,TERMINAL_ARRIVAL,0.3412357839670436,0,0.3412357839670436,False
a486b3-0-9cb82c5f6008,TERMINAL_ARRIVAL,HOLDING_LOCAL,0.2739759327613838,0,1.1014500138722636,True
ac5bf6-0-61aaa088e4b7,TERMINAL_ARRIVAL,TERMINAL_ARRIVAL,0.0,0,0.0,False
ac7c52-0-030a663bd1d6,TERMINAL_ARRIVAL,TERMINAL_ARRIVAL,0.0,0,0.0,False
a5468e-0-4720e300cec5,TERMINAL_ARRIVAL,LOW_LEVEL_TRANSIT,0.5842539266928584,0,0.6507526613644499,False
ab5365-0-45edf6ccfbb5,TERMINAL_ARRIVAL,TERMINAL_ARRIVAL,0.0,0,0.0,False
a8cf70-0-71a30d377d20,TERMINAL_ARRIVAL,TERMINAL_ARRIVAL,0.0,0,0.0,False
a44943-0-f3d2af1d4bc0,TERMINAL_ARRIVAL,TERMINAL_ARRIVAL,0.0,0,0.0,False
ad402f-0-257f93a4699b,TERMINAL_ARRIVAL,TERMINAL_ARRIVAL,0.0,0,0.0,False
a04695-0-ca656c843ec7,TERMINAL_ARRIVAL,TERMINAL_ARRIVAL,0.0,0,0.0,False
ad5c38-0-0e6e377fac80,TERMINAL_ARRIVAL,TERMINAL_ARRIVAL,0.0,0,0.0,False
ac058a-0-3d5f69f14e8e,TERMINAL_ARRIVAL,TERMINAL_ARRIVAL,0.0,0,0.0,False
a96c96-0-cef71cf87dc0,TERMINAL_ARRIVAL,TERMINAL_ARRIVAL,0.42138861442059866,0,0.42138861442059866,False
a07f60-0-ec802a66195f,TERMINAL_ARRIVAL,TERMINAL_ARRIVAL,1.0595637590507057,-1,1.0595637590507057,True
a06a54-0-63bc8a528169,TERMINAL_ARRIVAL,TERMINAL_ARRIVAL,0.0,0,0.0,False
a7dadc-0-5f56007e4cdb,TERMINAL_ARRIVAL,TERMINAL_ARRIVAL,0.0,0,0.0,False
a3e011-0-96045504c6ad,TERMINAL_ARRIVAL,TERMINAL_ARRIVAL,6.528515479403532e-16,0,6.528515479403532e-16,False
a48ac4-0-709aa3b7d860,TERMINAL_ARRIVAL,TERMINAL_ARRIVAL,0.0,0,0.0,False
a69bd9-0-b6a9effb5778,TERMINAL_ARRIVAL,TERMINAL_ARRIVAL,0.0,0,0.0,False
a8d5db-0-d4306bed02c1,TERMINAL_ARRIVAL,TERMINAL_ARRIVAL,0.0,0,0.0,False
a4bbde-0-4103a70173e0,TERMINAL_ARRIVAL,LOW_LEVEL_TRANSIT,0.4422248221782588,0,0.48734380581812464,False
a48321-0-985735848454,TERMINAL_ARRIVAL,TERMINAL_ARRIVAL,0.0,0,0.0,False
a15b4c-0-6b63132324f8,TERMINAL_ARRIVAL,TERMINAL_ARRIVAL,0.0,0,0.0,False
ad201e-0-3f3897b843d0,TERMINAL_ARRIVAL,TERMINAL_ARRIVAL,0.0,0,0.0,False
a82ac5-0-eb3887f3d079,TERMINAL_ARRIVAL,TERMINAL_ARRIVAL,0.0,0,0.0,False
a389c8-0-f9f87aea983a,TERMINAL_ARRIVAL,TERMINAL_ARRIVAL,0.0,0,0.0,False
a69bb5-0-1544be303a72,TERMINAL_ARRIVAL,TERMINAL_ARRIVAL,0.2421800463307402,0,0.2421800463307402,False
a486b3-0-05cfe1d0cd1e,TERMINAL_ARRIVAL,TERMINAL_ARRIVAL,0.0,0,0.0,False
a9335a-0-1359aa57245e,TERMINAL_ARRIVAL,TERMINAL_ARRIVAL,0.0,0,0.0,False
ad474c-0-f5f5c5f70efd,TERMINAL_ARRIVAL,TERMINAL_ARRIVAL,0.0,0,0.0,False
a32718-0-608dd429439b,TERMINAL_ARRIVAL,TERMINAL_ARRIVAL,0.0,0,0.0,False
aca5e5-0-5e1230b93a91,TERMINAL_ARRIVAL,ENROUTE_DESCENT,0.594754448391058,0,0.6324578370530156,False
a3323d-0-5764db384460,TERMINAL_ARRIVAL,ENROUTE_DESCENT,0.3320002552161147,0,0.3613806278693508,False
ab249e-0-7546aa078656,TERMINAL_ARRIVAL,TERMINAL_ARRIVAL,0.39441262462038235,0,0.39441262462038235,False
a0267b-0-f4495fd7063e,TERMINAL_ARRIVAL,TERMINAL_ARRIVAL,0.0,0,0.0,False
a8bc34-0-e8255d33492c,TERMINAL_ARRIVAL,TERMINAL_ARRIVAL,0.0,0,0.0,False
a446eb-0-4eacc5dfbc64,TERMINAL_ARRIVAL,TERMINAL_ARRIVAL,0.0,0,0.0,False
a8e20f-0-91425fec8f9f,TERMINAL_ARRIVAL,TERMINAL_ARRIVAL,0.2200209428065377,0,0.2200209428065377,False
a43b91-0-436834e73038,TERMINAL_ARRIVAL,TERMINAL_ARRIVAL,0.5942088974706737,0,0.5942088974706737,False
a8cf70-0-4612faa88aab,TERMINAL_ARRIVAL,TERMINAL_ARRIVAL,0.0,0,0.0,False
a4bbde-0-d4a105c56ead,TERMINAL_ARRIVAL,TERMINAL_ARRIVAL,0.3386005188884047,0,0.3386005188884047,False
acc1f3-0-02964394d179,TERMINAL_ARRIVAL,TERMINAL_ARRIVAL,0.0,0,0.0,False
a3b86c-0-df32f9c8f4b2,TERMINAL_ARRIVAL,TERMINAL_ARRIVAL,0.5025055836221111,0,0.5025055836221111,False
a84dd1-0-d7cb7013d5c9,TERMINAL_ARRIVAL,TERMINAL_ARRIVAL,0.0,0,0.0,False
a3ff26-0-9f58b494b5bb,TERMINAL_ARRIVAL,TERMINAL_ARRIVAL,0.0,0,0.0,False
ab5365-0-057e6b9c54e0,TERMINAL_ARRIVAL,TERMINAL_ARRIVAL,0.0,0,0.0,False
a82ac5-0-47317ed8e4e8,TERMINAL_ARRIVAL,TERMINAL_ARRIVAL,0.0,0,0.0,False
a5124c-0-354bf7879992,TERMINAL_ARRIVAL,TERMINAL_ARRIVAL,0.0,0,0.0,False
a3a155-0-a5e806a5c77d,TERMINAL_ARRIVAL,TERMINAL_ARRIVAL,0.0,0,0.0,False
ad6b14-0-060782c1a591,TERMINAL_ARRIVAL,TERMINAL_ARRIVAL,0.0,0,0.0,False
a13723-0-8332ce16a504,TERMINAL_ARRIVAL,LOW_LEVEL_TRANSIT,0.22874079124279412,0,0.24141425742132738,False
a42a37-0-9486421bbabf,TERMINAL_ARRIVAL,TERMINAL_ARRIVAL,0.0,0,0.0,False
aca38e-0-34e7ff03e117,TERMINAL_ARRIVAL,TERMINAL_ARRIVAL,0.0,0,0.0,False
aa7ac8-0-b3cf35a4390d,TERMINAL_ARRIVAL,TERMINAL_ARRIVAL,0.0,0,0.0,False
a91616-0-9525c801953a,TERMINAL_ARRIVAL,TERMINAL_ARRIVAL,0.0,0,0.0,False
a65092-0-c2d4886d7b6a,TERMINAL_ARRIVAL,TERMINAL_ARRIVAL,0.0,0,0.0,False
a5ad90-0-26f5578c6d94,TERMINAL_ARRIVAL,TERMINAL_ARRIVAL,0.15915448318156647,0,0.15915448318156647,False
a0d95f-0-cfde942ed9a1,TERMINAL_ARRIVAL,TERMINAL_ARRIVAL,0.0,0,0.0,False
ac9acf-0-0b598f32fbba,TERMINAL_ARRIVAL,TERMINAL_ARRIVAL,0.0,0,0.0,False
a919cd-0-d8e4815f11a8,TERMINAL_ARRIVAL,TERMINAL_ARRIVAL,0.0,0,0.0,False
a48eb9-0-41a93aa16b63,TERMINAL_ARRIVAL,TERMINAL_ARRIVAL,0.0,0,0.0,False
a2d926-0-d43876d4d875,TERMINAL_ARRIVAL,TERMINAL_ARRIVAL,0.0,0,0.0,False
a7e24a-0-9a6d0604d2f5,TERMINAL_ARRIVAL,TERMINAL_ARRIVAL,0.0,0,0.0,False
a45a0b-0-99b2af1439e5,TERMINAL_ARRIVAL,TERMINAL_ARRIVAL,0.0,0,0.0,False
ab32ab-0-f372be6b8717,TERMINAL_ARRIVAL,TERMINAL_ARRIVAL,0.0,0,0.0,False
a486cc-0-1744ecd72abc,TERMINAL_ARRIVAL,TERMINAL_ARRIVAL,0.0,0,0.0,False
a2be6d-0-7d99f80cb636,TERMINAL_ARRIVAL,TERMINAL_ARRIVAL,0.0,0,0.0,False
a7dadc-0-901338695fa3,TERMINAL_ARRIVAL,TERMINAL_ARRIVAL,0.0,0,0.0,False
acb82c-0-addd4a3b2862,TERMINAL_ARRIVAL,TERMINAL_ARRIVAL,0.0,0,0.0,False
ac21e4-0-38daf2b20c9b,TERMINAL_ARRIVAL,TERMINAL_ARRIVAL,0.0,0,0.0,False
ad350a-0-b95fe073bf53,TERMINAL_ARRIVAL,TERMINAL_ARRIVAL,0.0,0,0.0,False
a72894-0-130eb5af2b53,TERMINAL_ARRIVAL,LOW_LEVEL_TRANSIT,0.18856218581875628,0,0.29183812309117846,False
a70bd1-0-7ac442688560,TERMINAL_ARRIVAL,TERMINAL_ARRIVAL,0.0,0,0.0,False
ac0ff9-0-0f65e5a95e14,TERMINAL_ARRIVAL,TERMINAL_ARRIVAL,0.0,0,0.0,False
a4e35f-0-8ab4d45deb47,TERMINAL_ARRIVAL,TERMINAL_ARRIVAL,0.0,0,0.0,False
ad474c-0-a12d3e772e6a,TERMINAL_ARRIVAL,TERMINAL_ARRIVAL,0.0,0,0.0,False
ac0c64-0-20cfe1245823,TERMINAL_ARRIVAL,TERMINAL_ARRIVAL,0.5463592302044226,0,0.5463592302044226,False
ac7e60-0-5c77787c32c6,TERMINAL_ARRIVAL,TERMINAL_ARRIVAL,0.0,0,0.0,False
a29aa5-0-81140f9d422e,TERMINAL_ARRIVAL,TERMINAL_ARRIVAL,0.0,0,0.0,False
a3bde1-0-ff82e06953c1,TERMINAL_ARRIVAL,TERMINAL_ARRIVAL,0.0,0,0.0,False
acd1f6-0-79dccd1ad470,TERMINAL_ARRIVAL,TERMINAL_ARRIVAL,0.0,0,0.0,False
a7d6a8-0-04bdaf13206f,TERMINAL_ARRIVAL,TERMINAL_ARRIVAL,0.0,0,0.0,False
abe579-0-0f49b2f7b4f4,TERMINAL_ARRIVAL,TERMINAL_ARRIVAL,0.0,0,0.0,False
ada526-0-9d39ce43b72c,TERMINAL_ARRIVAL,TERMINAL_ARRIVAL,0.14369999737997347,0,0.14369999737997347,False
a700ac-0-5daec578da27,TERMINAL_ARRIVAL,TERMINAL_ARRIVAL,0.0,0,0.0,False
a5a648-0-cda830b08f06,TERMINAL_ARRIVAL,TERMINAL_ARRIVAL,0.0,0,0.0,False
c00b93-0-8916f598cdaf,TERMINAL_ARRIVAL,TERMINAL_ARRIVAL,0.4019238127967586,0,0.4019238127967586,False
a700ac-0-db2d965fef58,TERMINAL_ARRIVAL,TERMINAL_ARRIVAL,0.0,0,0.0,False
ad3c78-0-235717fc5a48,TERMINAL_ARRIVAL,TERMINAL_ARRIVAL,0.6061467390047947,0,0.6061467390047947,False
a486cc-0-d42c9e7c7c35,TERMINAL_ARRIVAL,TERMINAL_ARRIVAL,0.0,0,0.0,False
a890fe-0-4d9acbb07077,TERMINAL_ARRIVAL,TERMINAL_ARRIVAL,0.0,0,0.0,False
a44e18-0-2f290e9d43c1,TERMINAL_ARRIVAL,TERMINAL_ARRIVAL,0.0,0,0.0,False
4843f2-0-53bc585cebd1,TERMINAL_ARRIVAL,TERMINAL_ARRIVAL,0.0,0,0.0,False
a3dffe-0-27055f3d4f86,TERMINAL_ARRIVAL,TERMINAL_ARRIVAL,0.0,0,0.0,False
a47d11-0-78818091f068,TERMINAL_ARRIVAL,TERMINAL_ARRIVAL,0.45844972992330296,0,0.45844972992330296,False
ac181d-0-5e7d56d18a65,TERMINAL_ARRIVAL,TERMINAL_ARRIVAL,0.0,0,0.0,False
ac181d-0-d59de8a9f852,TERMINAL_ARRIVAL,TERMINAL_ARRIVAL,0.4582975964026597,0,0.4582975964026597,False
a997cc-0-e3ca0af08767,TERMINAL_ARRIVAL,TERMINAL_ARRIVAL,0.0,0,0.0,False
ab4b34-0-7e5ff53ac789,TERMINAL_ARRIVAL,ENROUTE_DESCENT,0.14129261385189307,0,0.2331233804786977,False
aced7a-0-366ee382fc76,TERMINAL_ARRIVAL,TERMINAL_ARRIVAL,0.0,0,0.0,False
ac733b-0-0d30de5821f8,TERMINAL_ARRIVAL,TERMINAL_ARRIVAL,0.0,0,0.0,False
a1ca5f-0-01ef280464c3,TERMINAL_ARRIVAL,TERMINAL_ARRIVAL,6.528515479403532e-16,0,6.528515479403532e-16,False
ab80f4-0-f523b11a52c0,TERMINAL_ARRIVAL,TERMINAL_ARRIVAL,0.0,0,0.0,False
a21142-0-fef0406c8053,TERMINAL_ARRIVAL,TERMINAL_ARRIVAL,0.0,0,0.0,False
a2000d-0-e60ccac47e24,TERMINAL_ARRIVAL,TERMINAL_ARRIVAL,0.0,0,0.0,False
a43b91-0-d3e0a96f3b6d,TERMINAL_ARRIVAL,TERMINAL_ARRIVAL,0.0,0,0.0,False
a28f80-0-3b21d5f2e8aa,TERMINAL_ARRIVAL,TERMINAL_ARRIVAL,6.528515479403532e-16,0,6.528515479403532e-16,False
abc29a-0-d226fb17b1de,TERMINAL_ARRIVAL,TERMINAL_ARRIVAL,0.5201096169670884,0,0.5201096169670884,False
a4105b-0-929d43142f22,TERMINAL_ARRIVAL,TERMINAL_ARRIVAL,0.0,0,0.0,False
aa2de2-0-0ee9b40281c3,TERMINAL_ARRIVAL,TERMINAL_ARRIVAL,0.0,0,0.0,False
ad63f7-0-c6501bac0e70,TERMINAL_ARRIVAL,LOW_LEVEL_TRANSIT,0.46690678725449797,0,0.6841977960689174,False
a42a37-0-dc0092a558a5,TERMINAL_ARRIVAL,ENROUTE_DESCENT,0.16611822506132223,0,0.28429006746516805,False
a7d6a8-0-f3477af86e74,TERMINAL_ARRIVAL,TERMINAL_ARRIVAL,0.0,0,0.0,False
06a129-0-be43fc16cbf2,TERMINAL_ARRIVAL,TERMINAL_ARRIVAL,0.0,0,0.0,False
ad4f0b-0-5eaaac198384,TERMINAL_ARRIVAL,TERMINAL_ARRIVAL,0.0,0,0.0,False
a402dd-0-7770f03ebe9a,TERMINAL_ARRIVAL,TERMINAL_ARRIVAL,0.0,0,0.0,False
ad2384-0-4880de36f1bf,TERMINAL_ARRIVAL,TERMINAL_ARRIVAL,0.8817048154914977,0,0.8817048154914977,False
a0d6a8-0-0ac1255b4ff6,TERMINAL_ARRIVAL,TERMINAL_ARRIVAL,0.0,0,0.0,False
3965b4-0-be8ff4782bf6,TERMINAL_ARRIVAL,TERMINAL_ARRIVAL,0.0,0,0.0,False
486072-0-025802ed8bd8,TERMINAL_ARRIVAL,HOLDING_LOCAL,0.49463885223228043,0,0.6725502155106082,False
a3117c-0-ac6aa27a09b0,TERMINAL_ARRIVAL,TERMINAL_ARRIVAL,0.0,0,0.0,False
ad67ae-0-a38abbc56dba,TERMINAL_ARRIVAL,TERMINAL_ARRIVAL,0.0,0,0.0,False
a7ac49-0-55adbc96be13,TERMINAL_ARRIVAL,TERMINAL_ARRIVAL,0.0,0,0.0,False
acf0e0-0-9601e91d22a5,TERMINAL_ARRIVAL,TERMINAL_ARRIVAL,0.0,0,0.0,False
a6e4bb-0-56bb810b8d60,TERMINAL_ARRIVAL,TERMINAL_ARRIVAL,0.0,0,0.0,False
a8a391-0-336572ea4263,TERMINAL_ARRIVAL,HOLDING_LOCAL,0.4576263656151838,0,0.9231138647495423,False
ad474c-0-42db40fc95b1,TERMINAL_ARRIVAL,TERMINAL_ARRIVAL,0.0,0,0.0,False
ac5331-0-0a1cb8697400,TERMINAL_ARRIVAL,TERMINAL_ARRIVAL,0.0,0,0.0,False
ad000d-0-50c4df75744b,TERMINAL_ARRIVAL,TERMINAL_ARRIVAL,0.0,0,0.0,False
a23525-0-6fc40f7ea6b0,TERMINAL_ARRIVAL,TERMINAL_ARRIVAL,0.0,0,0.0,False
71ba02-0-00dec4d4471e,TERMINAL_ARRIVAL,TERMINAL_ARRIVAL,0.0,0,0.0,False
a4a0d9-0-e421790b3bab,TERMINAL_ARRIVAL,TERMINAL_ARRIVAL,6.528515479403532e-16,0,6.528515479403532e-16,False
a9ab87-0-bb45776df5f1,TERMINAL_ARRIVAL,TERMINAL_ARRIVAL,0.0,0,0.0,False
a486cc-0-55e0db59ae61,TERMINAL_ARRIVAL,TERMINAL_ARRIVAL,0.0,0,0.0,False
aae312-0-aceb32b7472e,TERMINAL_ARRIVAL,TERMINAL_ARRIVAL,0.0,0,0.0,False
ad4f0b-0-36691dda927d,TERMINAL_ARRIVAL,TERMINAL_ARRIVAL,0.0,0,0.0,False
a445f8-0-c21148e185d0,TERMINAL_ARRIVAL,TERMINAL_ARRIVAL,0.0,0,0.0,False
ad5c89-0-106589e5d81c,TERMINAL_ARRIVAL,TERMINAL_ARRIVAL,0.29813887158303776,0,0.29813887158303776,False
aca3e6-0-38f160a59fe1,TERMINAL_ARRIVAL,TERMINAL_ARRIVAL,0.0,0,0.0,False
ab48aa-0-685f5f216ad5,TERMINAL_ARRIVAL,TERMINAL_ARRIVAL,0.0,0,0.0,False
a3bc01-0-fe2e2bda089b,TERMINAL_ARRIVAL,TERMINAL_ARRIVAL,0.46516592392023803,0,0.46516592392023803,False
a0236f-0-282c013fef10,TERMINAL_ARRIVAL,TERMINAL_ARRIVAL,0.0,0,0.0,False
ad2b43-0-b74b673d314a,TERMINAL_ARRIVAL,TERMINAL_ARRIVAL,0.0,0,0.0,False
acad53-0-045ec685f2d2,TERMINAL_ARRIVAL,TERMINAL_ARRIVAL,0.0,0,0.0,False
a4a0b4-0-563baf9647c8,TERMINAL_ARRIVAL,TERMINAL_ARRIVAL,0.0,0,0.0,False
a54bab-0-adbfaeabfa93,TERMINAL_ARRIVAL,HOLDING_LOCAL,0.4441194615858408,0,0.9526504434462357,False
ad2efa-0-5b34103c4da6,TERMINAL_ARRIVAL,TERMINAL_ARRIVAL,0.905342495573383,0,0.905342495573383,False
a49d22-0-80860a676794,TERMINAL_ARRIVAL,TERMINAL_ARRIVAL,0.0,0,0.0,False
a39d9b-0-1df6e056449d,TERMINAL_ARRIVAL,TERMINAL_ARRIVAL,0.0,0,0.0,False
a3b4c8-0-f9f70b5c3627,TERMINAL_ARRIVAL,TERMINAL_ARRIVAL,0.0,0,0.0,False
ac066b-0-776601b2c5ef,TERMINAL_ARRIVAL,TERMINAL_ARRIVAL,0.23144125362612472,0,0.23144125362612472,False
a3323d-0-72f3c569b943,TERMINAL_ARRIVAL,TERMINAL_ARRIVAL,0.0,0,0.0,False
ac66d5-0-276ee1d6bdc4,TERMINAL_ARRIVAL,TERMINAL_ARRIVAL,0.19873004356611484,0,0.19873004356611484,False
a47cd1-0-8f4dc69e30c4,TERMINAL_ARRIVAL,TERMINAL_ARRIVAL,0.6394517540463039,0,0.6394517540463039,False
ab2ae0-0-19486317bf74,TERMINAL_ARRIVAL,TERMINAL_ARRIVAL,0.0,0,0.0,False
abf9b1-0-d22e4df96bbe,TERMINAL_ARRIVAL,TERMINAL_ARRIVAL,0.0,0,0.0,False
a318ea-0-83592512baea,TERMINAL_ARRIVAL,TERMINAL_ARRIVAL,0.0,0,0.0,False
71ba02-0-65e6667bedbf,TERMINAL_ARRIVAL,TERMINAL_ARRIVAL,0.0,0,0.0,False
a0f44c-0-7ffb0bfbbf42,TERMINAL_ARRIVAL,TERMINAL_ARRIVAL,0.0,0,0.0,False
ad3c27-0-82213a46663b,TERMINAL_ARRIVAL,ENROUTE_DESCENT,0.27216326959442344,0,0.33392653872404826,False
a39723-0-91fc9ce90f03,TERMINAL_ARRIVAL,TERMINAL_ARRIVAL,0.0,0,0.0,False
a2ebb9-0-b1c5677c79b5,TERMINAL_ARRIVAL,TERMINAL_ARRIVAL,0.0,0,0.0,False
aa5a0e-0-61479503267d,TERMINAL_ARRIVAL,TERMINAL_ARRIVAL,0.0,0,0.0,False
a3b414-0-a4fc211693aa,TERMINAL_ARRIVAL,TERMINAL_ARRIVAL,0.0,0,0.0,False
a46e40-0-5f61ed13f64c,TERMINAL_ARRIVAL,TERMINAL_ARRIVAL,0.0,0,0.0,False
a7e24a-0-1b97ba00131a,TERMINAL_ARRIVAL,TERMINAL_ARRIVAL,0.0,0,0.0,False
a68946-0-7f8c98211eb5,TERMINAL_ARRIVAL,TERMINAL_ARRIVAL,0.0,0,0.0,False
a996be-0-c44f424a2360,TERMINAL_ARRIVAL,TERMINAL_ARRIVAL,0.0,0,0.0,False
a416be-0-56ebb4aed79a,TERMINAL_ARRIVAL,TERMINAL_ARRIVAL,0.0,0,0.0,False
a388a9-0-83f424ae7e6b,TERMINAL_ARRIVAL,TERMINAL_ARRIVAL,0.0,0,0.0,False
a388a9-0-f641c0cc6b8f,TERMINAL_ARRIVAL,TERMINAL_ARRIVAL,0.0,0,0.0,False
ac893a-0-f40e8c3aa132,TERMINAL_ARRIVAL,TERMINAL_ARRIVAL,6.528515479403532e-16,0,6.528515479403532e-16,False
a7ed1a-0-8e6438b5def1,TERMINAL_ARRIVAL,LOW_LEVEL_TRANSIT,0.3640853911022693,0,0.4238112972374791,False
a3bd81-0-b8699342f32f,TERMINAL_ARRIVAL,TERMINAL_ARRIVAL,0.0,0,0.0,False
a42a37-0-3f3643238d2b,TERMINAL_ARRIVAL,TERMINAL_ARRIVAL,0.0,0,0.0,False
acc7ae-0-c54f5ca022b3,TERMINAL_ARRIVAL,TERMINAL_ARRIVAL,0.0,0,0.0,False
a716f6-0-2226110225ca,TERMINAL_ARRIVAL,TERMINAL_ARRIVAL,0.0,0,0.0,False
a33339-0-c5f881aae780,TERMINAL_ARRIVAL,TERMINAL_ARRIVAL,0.0,0,0.0,False
ab4840-0-ee796d55daf8,TERMINAL_ARRIVAL,TERMINAL_ARRIVAL,0.12226835879411893,0,0.12226835879411893,False
ad402f-0-98cb8f32653a,TERMINAL_ARRIVAL,TERMINAL_ARRIVAL,0.0,0,0.0,False
aa1ae3-0-d1a07127cb39,TERMINAL_ARRIVAL,HOLDING_LOCAL,0.8403164462441008,0,1.4582952476236692,True
ac92b1-0-194c01131dc4,TERMINAL_ARRIVAL,TERMINAL_ARRIVAL,0.0,0,0.0,False
a2f6b3-0-379022b283df,TERMINAL_ARRIVAL,TERMINAL_ARRIVAL,0.0,0,0.0,False
a0563b-0-b80b11befd25,TERMINAL_ARRIVAL,TERMINAL_ARRIVAL,0.0,0,0.0,False
a41090-0-da79efbb8c4d,TERMINAL_ARRIVAL,TERMINAL_ARRIVAL,0.29668114976541815,0,0.29668114976541815,False
abb6fd-0-e56d6385358b,TERMINAL_ARRIVAL,TERMINAL_ARRIVAL,0.0,0,0.0,False
a1584a-0-ea17cc7123b5,TERMINAL_ARRIVAL,TERMINAL_ARRIVAL,0.0,0,0.0,False
a44262-0-1e01beb8a700,TERMINAL_ARRIVAL,TERMINAL_ARRIVAL,0.0,0,0.0,False
ac4a44-0-14d2320098d9,TERMINAL_ARRIVAL,LOW_LEVEL_TRANSIT,0.5916232849952168,0,0.7074705469733132,False
ac5436-0-2164c563d2e4,TERMINAL_ARRIVAL,TERMINAL_ARRIVAL,0.0,0,0.0,False
a35ab8-0-7e4b7dbb2e61,TERMINAL_ARRIVAL,TERMINAL_ARRIVAL,0.0,0,0.0,False
ac0c41-0-e21027aaf42d,TERMINAL_ARRIVAL,TERMINAL_ARRIVAL,0.21969103203940993,0,0.21969103203940993,False
ab34a7-0-dee9fa8f5575,TERMINAL_ARRIVAL,TERMINAL_ARRIVAL,0.0,0,0.0,False
a87f4d-0-2397295a569c,TERMINAL_ARRIVAL,TERMINAL_ARRIVAL,0.1960813563842464,0,0.1960813563842464,False
a3fb6f-0-6d1963360883,TERMINAL_ARRIVAL,TERMINAL_ARRIVAL,0.26696075867491065,0,0.26696075867491065,False
aa7abe-0-078303c2bb49,TERMINAL_ARRIVAL,TERMINAL_ARRIVAL,0.0,0,0.0,False
aadd92-0-e7e43cd7c997,TERMINAL_ARRIVAL,TERMINAL_ARRIVAL,0.0,0,0.0,False
a8de7d-0-a183e4d497b2,TERMINAL_ARRIVAL,ENROUTE_DESCENT,0.16235814794020892,0,0.22857252252587154,False
ad402f-0-5881b0519e90,TERMINAL_ARRIVAL,TERMINAL_ARRIVAL,0.0,0,0.0,False
ac2c9c-0-00491742d9de,TERMINAL_ARRIVAL,TERMINAL_ARRIVAL,0.0,0,0.0,False
ad6d03-0-08e700ba23c7,TERMINAL_ARRIVAL,TERMINAL_ARRIVAL,0.0,0,0.0,False
a725a0-0-4ac88d8b688c,TERMINAL_ARRIVAL,TERMINAL_ARRIVAL,0.2005587975732212,0,0.2005587975732212,False
a448fc-0-750fb153b2a0,TERMINAL_ARRIVAL,TERMINAL_ARRIVAL,0.1625725583311582,0,0.1625725583311582,False
ac2b6c-0-a7757e8ced23,TERMINAL_ARRIVAL,LOW_LEVEL_TRANSIT,0.6767651755809378,0,0.8491038118933367,False
a1584a-0-efb49d68665b,TERMINAL_ARRIVAL,TERMINAL_ARRIVAL,0.0,0,0.0,False
a442f3-0-4e38b1265e94,TERMINAL_ARRIVAL,TERMINAL_ARRIVAL,0.0,0,0.0,False
a384f2-0-afbb65576679,TERMINAL_ARRIVAL,TERMINAL_ARRIVAL,0.0,0,0.0,False
a987bf-0-e04b7b39dc7a,TERMINAL_ARRIVAL,TERMINAL_ARRIVAL,0.26211702600349035,0,0.26211702600349035,False
ad63f7-0-4ab0090fec6a,TERMINAL_ARRIVAL,TERMINAL_ARRIVAL,0.0,0,0.0,False
ac4a44-0-920b964258cf,TERMINAL_ARRIVAL,HOLDING_LOCAL,0.4184194825928542,0,1.05775131254035,True
a3c68c-0-da47bc50e715,TERMINAL_ARRIVAL,ENROUTE_DESCENT,0.2830393276482612,0,0.42026008261173065,False
a3cc82-0-12f48b732bb6,TERMINAL_ARRIVAL,TERMINAL_ARRIVAL,0.0,0,0.0,False
acdc40-0-7a3d496c6e91,TERMINAL_ARRIVAL,TERMINAL_ARRIVAL,0.3234206699358841,0,0.3234206699358841,False
a41f0b-0-844eca4a020b,TERMINAL_ARRIVAL,TERMINAL_ARRIVAL,0.37690445595318056,0,0.37690445595318056,False
a6c70f-0-a44b00a8f609,TERMINAL_ARRIVAL,TERMINAL_ARRIVAL,0.6959739678913388,0,0.6959739678913388,False
ac6645-0-b70bd976fcc7,TERMINAL_ARRIVAL,TERMINAL_ARRIVAL,0.0,0,0.0,False
a32f82-0-2491d2dc11fb,TERMINAL_ARRIVAL,TERMINAL_ARRIVAL,0.0,0,0.0,False
add3d3-0-4a1953ed9a70,TERMINAL_ARRIVAL,TERMINAL_ARRIVAL,0.0,0,0.0,False
a45051-0-11ae74f9c3a1,TERMINAL_ARRIVAL,TERMINAL_ARRIVAL,0.0,0,0.0,False
a486d8-0-92220a1b60d8,TERMINAL_ARRIVAL,TERMINAL_ARRIVAL,0.31596831356563326,0,0.31596831356563326,False
ab60e3-0-9e2c1e10254d,TERMINAL_ARRIVAL,TERMINAL_ARRIVAL,0.1851073425619057,0,0.1851073425619057,False
a5a87d-0-2ce366c47151,TERMINAL_ARRIVAL,TERMINAL_ARRIVAL,0.31636435558412157,0,0.31636435558412157,False
a23525-0-a2e2ec8ce9f4,TERMINAL_ARRIVAL,TERMINAL_ARRIVAL,0.0,0,0.0,False
a348a1-0-3f805f1340a1,TERMINAL_ARRIVAL,TERMINAL_ARRIVAL,0.0,0,0.0,False
acf69b-0-c24ecf7c372d,TERMINAL_ARRIVAL,TERMINAL_ARRIVAL,0.0,0,0.0,False
a3bd81-0-33c1c5b34caa,TERMINAL_ARRIVAL,TERMINAL_ARRIVAL,0.0,0,0.0,False
ab4fae-0-570072f02cf4,TERMINAL_ARRIVAL,TERMINAL_ARRIVAL,0.0,0,0.0,False
485e2f-0-86a72f80aad4,TERMINAL_ARRIVAL,ENROUTE_DESCENT,0.49038840821809226,0,0.748222636862256,False
a008c5-0-8187b7dd0d73,TERMINAL_ARRIVAL,TERMINAL_ARRIVAL,0.0,0,0.0,False
a33e08-0-b0851b806651,TERMINAL_ARRIVAL,TERMINAL_ARRIVAL,0.0,0,0.0,False
ab8fd0-0-50d9760801d3,TERMINAL_ARRIVAL,ENROUTE_DESCENT,0.26216994987560965,0,0.5625616682721579,False
a09961-0-d4d54cfa222a,TERMINAL_ARRIVAL,TERMINAL_ARRIVAL,0.0,0,0.0,False
ab6851-0-dcf241c16fa2,TERMINAL_ARRIVAL,TERMINAL_ARRIVAL,0.0,0,0.0,False
aaf111-0-3a3d45296caa,TERMINAL_ARRIVAL,TERMINAL_ARRIVAL,0.1958402060365165,0,0.1958402060365165,False
a90110-0-32314742a359,TERMINAL_ARRIVAL,FINAL_APPROACH,1.134003485139703,-1,1.4190272483466766,True
acda41-0-08db8bbf9fc1,TERMINAL_ARRIVAL,TERMINAL_ARRIVAL,0.0,0,0.0,False
abb440-0-8da168c26091,TERMINAL_ARRIVAL,TERMINAL_ARRIVAL,0.0,0,0.0,False
a5ad90-0-44e8c887ef54,TERMINAL_ARRIVAL,TERMINAL_ARRIVAL,0.0,0,0.0,False
accb50-0-f4aa8ef291f9,TERMINAL_ARRIVAL,TERMINAL_ARRIVAL,0.31152908612696073,0,0.31152908612696073,False
c0669e-0-e066a2cd1b35,TERMINAL_ARRIVAL,TERMINAL_ARRIVAL,0.0,0,0.0,False
3949f4-0-a8d8dc7831a5,TERMINAL_ARRIVAL,TERMINAL_ARRIVAL,0.0,0,0.0,False
a47597-0-153c36f2e54f,TERMINAL_ARRIVAL,ENROUTE_DESCENT,0.45768538113761487,0,0.6354053519876606,False
a8df06-0-42e35ef6f256,TERMINAL_ARRIVAL,TERMINAL_ARRIVAL,0.0,0,0.0,False
a11d3c-0-a15b659f0210,TERMINAL_ARRIVAL,TERMINAL_ARRIVAL,0.0,0,0.0,False
a98219-0-fe2e185576a4,TERMINAL_ARRIVAL,TERMINAL_ARRIVAL,0.0,0,0.0,False
a45a0b-0-1dc68f0ce3ed,TERMINAL_ARRIVAL,TERMINAL_ARRIVAL,0.0,0,0.0,False
a4c34c-0-25003633d156,TERMINAL_ARRIVAL,TERMINAL_ARRIVAL,0.0,0,0.0,False
a3b86c-0-9c2b1292feaa,TERMINAL_ARRIVAL,TERMINAL_ARRIVAL,0.2500145745978752,0,0.2500145745978752,False
a388a9-0-275d5b4280d0,TERMINAL_ARRIVAL,TERMINAL_ARRIVAL,0.0,0,0.0,False
a0d6a8-0-a0e26a664ef9,TERMINAL_ARRIVAL,TERMINAL_ARRIVAL,0.0,0,0.0,False
a36200-0-65018197f095,TERMINAL_ARRIVAL,TERMINAL_ARRIVAL,0.5104221811806631,0,0.5104221811806631,False
ac066b-0-cb44f1ece257,TERMINAL_ARRIVAL,TERMINAL_ARRIVAL,0.0,0,0.0,False
a7e246-0-7405d73fb5dc,TERMINAL_ARRIVAL,TERMINAL_ARRIVAL,0.0,0,0.0,False
a90799-0-74fcba530fe2,TERMINAL_ARRIVAL,LOW_LEVEL_TRANSIT,0.564186387324367,0,1.2596825511205976,True
a8d27e-0-fa4aa0d0bf03,TERMINAL_ARRIVAL,TERMINAL_ARRIVAL,0.0,0,0.0,False
a600a6-0-cf7a1a9057d4,TERMINAL_ARRIVAL,TERMINAL_ARRIVAL,0.0,0,0.0,False
a8ae7f-0-fd45c08600b3,TERMINAL_ARRIVAL,TERMINAL_ARRIVAL,0.0,0,0.0,False
a987bf-0-d77bebbda51b,TERMINAL_ARRIVAL,ENROUTE_DESCENT,0.2123320146922439,0,0.22643338734857799,False
a8df06-0-23b3f395ffdb,TERMINAL_ARRIVAL,TERMINAL_ARRIVAL,0.0,0,0.0,False
e8040c-0-34f3e9a301db,TERMINAL_ARRIVAL,TERMINAL_ARRIVAL,0.0,0,0.0,False
780a3d-0-425a57c263b5,TERMINAL_ARRIVAL,TERMINAL_ARRIVAL,0.0,0,0.0,False
a36200-0-89f3025c7cb8,TERMINAL_ARRIVAL,HOLDING_LOCAL,0.6735383891341856,0,0.8272700453996926,False
a3b796-0-df3068e72f31,TERMINAL_ARRIVAL,TERMINAL_ARRIVAL,0.0,0,0.0,False
a4105b-0-6e070b92f3bd,TERMINAL_ARRIVAL,TERMINAL_ARRIVAL,0.37857206114422143,0,0.37857206114422143,False
ac2c9c-0-91b89d55840a,TERMINAL_ARRIVAL,TERMINAL_ARRIVAL,0.0,0,0.0,False
ad350a-0-a10c5c76c952,TERMINAL_ARRIVAL,TERMINAL_ARRIVAL,0.0,0,0.0,False
a47597-0-ba7d1abfaeb8,TERMINAL_ARRIVAL,TERMINAL_ARRIVAL,0.0,0,0.0,False
a9ab87-0-b9669a907401,TERMINAL_ARRIVAL,TERMINAL_ARRIVAL,0.22400948956956482,0,0.22400948956956482,False
a79b38-0-0a9d904d494c,TERMINAL_ARRIVAL,TERMINAL_ARRIVAL,0.0,0,0.0,False
a1901e-0-a1a64f54f1d9,TERMINAL_ARRIVAL,TERMINAL_ARRIVAL,0.0,0,0.0,False
a7869b-0-55a869b020ef,TERMINAL_ARRIVAL,TERMINAL_ARRIVAL,0.0,0,0.0,False
ab9a32-0-395d7e8014f8,TERMINAL_ARRIVAL,HOLDING_LOCAL,0.515065305263837,0,0.7281010014338422,False
a6ef4d-0-48d30af834dc,TERMINAL_ARRIVAL,TERMINAL_ARRIVAL,0.0,0,0.0,False
ad1c16-0-df8979a2885f,TERMINAL_ARRIVAL,TERMINAL_ARRIVAL,0.0,0,0.0,False
a6946b-0-54e9090a5b33,TERMINAL_ARRIVAL,ENROUTE_DESCENT,0.6084727579216107,0,1.002562838307544,True
a3b86c-0-faa490999763,TERMINAL_ARRIVAL,TERMINAL_ARRIVAL,0.0,0,0.0,False
a15c01-0-2bf6361aef9d,TERMINAL_ARRIVAL,TERMINAL_ARRIVAL,0.0,0,0.0,False
a41090-0-93893f2d18e4,TERMINAL_ARRIVAL,TERMINAL_ARRIVAL,0.0,0,0.0,False
a3d87d-0-b0f2355ef768,TERMINAL_ARRIVAL,TERMINAL_ARRIVAL,0.20542084414711492,0,0.20542084414711492,False
abe450-0-0b39504aae31,TERMINAL_ARRIVAL,TERMINAL_ARRIVAL,0.0,0,0.0,False
aaffed-0-0b93900bfa99,TERMINAL_ARRIVAL,HOLDING_LOCAL,0.34806162180063366,0,0.6991296853162997,False
a919cd-0-32bffd05a61b,TERMINAL_ARRIVAL,TERMINAL_ARRIVAL,0.0,0,0.0,False
a44262-0-1ae504be9826,TERMINAL_ARRIVAL,HOLDING_LOCAL,0.3520426038508259,0,0.39821259625340427,False
0d09e3-0-9a6fdd1c8d74,TERMINAL_ARRIVAL,TERMINAL_ARRIVAL,0.0,0,0.0,False
486072-0-52b24ee0d0e0,TERMINAL_ARRIVAL,TERMINAL_ARRIVAL,0.0,0,0.0,False
ac3beb-0-f1655fe8ec6d,TERMINAL_ARRIVAL,TERMINAL_ARRIVAL,0.0,0,0.0,False
ab1122-0-a0c33299a2c4,TERMINAL_ARRIVAL,TERMINAL_ARRIVAL,0.0,0,0.0,False
abc992-0-946eed7d9f73,TERMINAL_ARRIVAL,TERMINAL_ARRIVAL,0.0,0,0.0,False
a23881-0-2b02bec2de81,TERMINAL_ARRIVAL,TERMINAL_ARRIVAL,0.0,0,0.0,False
a356db-0-da7fdeaeb591,TERMINAL_ARRIVAL,TERMINAL_ARRIVAL,0.0,0,0.0,False
c00b93-0-9191a5056c5b,TERMINAL_ARRIVAL,TERMINAL_ARRIVAL,0.0,0,0.0,False
a8f6ef-0-7428e48fc031,TERMINAL_ARRIVAL,TERMINAL_ARRIVAL,0.0,0,0.0,False
a9bf4b-0-236bf3877ab8,TERMINAL_ARRIVAL,TERMINAL_ARRIVAL,0.0,0,0.0,False
a145b7-0-3aa252457411,TERMINAL_ARRIVAL,TERMINAL_ARRIVAL,0.0,0,0.0,False
ac92b1-0-94d39301ddfb,TERMINAL_ARRIVAL,TERMINAL_ARRIVAL,0.0,0,0.0,False
a12777-0-f66336389739,TERMINAL_ARRIVAL,TERMINAL_ARRIVAL,0.0,0,0.0,False
a42a37-0-33d576775b34,TERMINAL_ARRIVAL,TERMINAL_ARRIVAL,0.0,0,0.0,False
a44e18-0-90d2154ed2dd,TERMINAL_ARRIVAL,TERMINAL_ARRIVAL,0.0,0,0.0,False
a44591-0-2d0b2d950536,TERMINAL_ARRIVAL,TERMINAL_ARRIVAL,0.0,0,0.0,False
a9eeb6-0-11ea338bb2b6,TERMINAL_ARRIVAL,TERMINAL_ARRIVAL,0.0,0,0.0,False
a4e35f-0-8067f96aa0bf,TERMINAL_ARRIVAL,TERMINAL_ARRIVAL,0.0,0,0.0,False
add3d3-0-a3ee34d4e281,TERMINAL_ARRIVAL,TERMINAL_ARRIVAL,0.0,0,0.0,False
ac3eba-0-64f9945b6309,TERMINAL_ARRIVAL,TERMINAL_ARRIVAL,0.0,0,0.0,False
a9bf4b-0-4e148eaf62ba,TERMINAL_ARRIVAL,TERMINAL_ARRIVAL,0.22029198571785255,0,0.22029198571785255,False
ad1c16-0-f3e88b8c46c4,TERMINAL_ARRIVAL,TERMINAL_ARRIVAL,0.0,0,0.0,False
a1901e-0-4a73939632e7,TERMINAL_ARRIVAL,TERMINAL_ARRIVAL,0.0,0,0.0,False
ad23d5-0-ea82385a6b97,TERMINAL_ARRIVAL,TERMINAL_ARRIVAL,0.0,0,0.0,False
c04eb6-0-90fd77caeb3b,TERMINAL_ARRIVAL,TERMINAL_ARRIVAL,0.0,0,0.0,False
a717b6-0-9feeb6eec228,TERMINAL_ARRIVAL,TERMINAL_ARRIVAL,0.0,0,0.0,False
a0065b-0-75ff2afa0ae6,TERMINAL_ARRIVAL,HOLDING_LOCAL,0.7561837230179689,0,0.902586338716808,False
ad5c38-0-bb1e2e3c5f4e,TERMINAL_ARRIVAL,TERMINAL_ARRIVAL,0.0,0,0.0,False
a44240-0-6f5cb3147fa7,TERMINAL_ARRIVAL,TERMINAL_ARRIVAL,0.0,0,0.0,False
a717b6-0-f34a6d0a5d11,TERMINAL_ARRIVAL,TERMINAL_ARRIVAL,0.0,0,0.0,False
a7e93b-0-5fa23efc70e4,TERMINAL_ARRIVAL,ENROUTE_DESCENT,0.32085660844112895,0,0.3245189305594436,False
ac30c0-0-da8cbf2ff704,TERMINAL_ARRIVAL,TERMINAL_ARRIVAL,0.0,0,0.0,False
adbeed-0-f18fdfe5b9ae,TERMINAL_ARRIVAL,TERMINAL_ARRIVAL,0.4175554440356641,0,0.4175554440356641,False
a5ce40-0-6921231f0d81,TERMINAL_ARRIVAL,TERMINAL_ARRIVAL,0.3509513732542965,0,0.3509513732542965,False
a3f500-0-ffe4965db37e,TERMINAL_ARRIVAL,TERMINAL_ARRIVAL,6.528515479403532e-16,0,6.528515479403532e-16,False
a339b4-0-fd0dfe161a4f,TERMINAL_ARRIVAL,TERMINAL_ARRIVAL,0.0,0,0.0,False
ac066b-0-eb1f87aaa6ca,TERMINAL_ARRIVAL,TERMINAL_ARRIVAL,0.0,0,0.0,False
a44943-0-76f25e817bcf,TERMINAL_ARRIVAL,TERMINAL_ARRIVAL,0.0,0,0.0,False
aa915f-0-293604383ca0,TERMINAL_ARRIVAL,TERMINAL_ARRIVAL,0.0,0,0.0,False
aa7abe-0-095b43c58c01,TERMINAL_ARRIVAL,TERMINAL_ARRIVAL,0.0,0,0.0,False
ad000d-0-582ca32ee70e,TERMINAL_ARRIVAL,TERMINAL_ARRIVAL,0.0,0,0.0,False
ad3c78-0-34990d652d5e,TERMINAL_ARRIVAL,TERMINAL_ARRIVAL,0.0,0,0.0,False
acf84e-0-7ff11348126d,TERMINAL_ARRIVAL,TERMINAL_ARRIVAL,0.0,0,0.0,False
a4870d-0-94f488e221f1,TERMINAL_ARRIVAL,TERMINAL_ARRIVAL,0.0,0,0.0,False
a5a87d-0-044522309254,TERMINAL_ARRIVAL,TERMINAL_ARRIVAL,6.528515479403532e-16,0,6.528515479403532e-16,False
a49d22-0-ea91665dbd0c,TERMINAL_ARRIVAL,TERMINAL_ARRIVAL,0.0,0,0.0,False
acffbc-0-19239d97f2ee,TERMINAL_ARRIVAL,TERMINAL_ARRIVAL,0.0,0,0.0,False
ad63f7-0-14707db28987,TERMINAL_ARRIVAL,TERMINAL_ARRIVAL,0.0,0,0.0,False
a06e0b-0-cc5e9ce17c15,TERMINAL_ARRIVAL,TERMINAL_ARRIVAL,0.24148985225953654,0,0.24148985225953654,False
a8de33-0-eae44dbda347,TERMINAL_ARRIVAL,TERMINAL_ARRIVAL,0.0,0,0.0,False
a437c0-0-0242c54fc5bd,TERMINAL_ARRIVAL,TERMINAL_ARRIVAL,0.0,0,0.0,False
adc8ee-0-50f0cdd820c4,TERMINAL_ARRIVAL,HOLDING_LOCAL,0.4120194784873712,0,0.4868440189581123,False
a4fd6f-0-72ccb5ab5043,TERMINAL_ARRIVAL,TERMINAL_ARRIVAL,0.0,0,0.0,False
ad73df-0-31ecb4f2d8d3,TERMINAL_ARRIVAL,TERMINAL_ARRIVAL,0.0,0,0.0,False
a4ffb7-0-e250c7a37650,TERMINAL_ARRIVAL,TERMINAL_ARRIVAL,0.0,0,0.0,False
a37aa3-0-9d1e8d1068a3,TERMINAL_ARRIVAL,TERMINAL_ARRIVAL,0.0,0,0.0,False
a9d66c-0-ba29d2317495,TERMINAL_ARRIVAL,TERMINAL_ARRIVAL,0.0,0,0.0,False
a850dc-0-93d3c616665f,TERMINAL_ARRIVAL,TERMINAL_ARRIVAL,0.0,0,0.0,False
ab2b23-0-6230735edb64,TERMINAL_ARRIVAL,HOLDING_LOCAL,0.45794156338779785,0,0.7842442403530703,False
a42b32-0-61412b136193,TERMINAL_ARRIVAL,TERMINAL_ARRIVAL,0.0,0,0.0,False
acc7ae-0-4df2c29b8c39,TERMINAL_ARRIVAL,TERMINAL_ARRIVAL,0.0,0,0.0,False
a3cc82-0-c8f395d2eb89,TERMINAL_ARRIVAL,TERMINAL_ARRIVAL,0.0,0,0.0,False
a8a391-0-941edfc32195,TERMINAL_ARRIVAL,TERMINAL_ARRIVAL,0.0,0,0.0,False
ac5bf6-0-baf1e4e5b69f,TERMINAL_ARRIVAL,LOW_LEVEL_TRANSIT,0.18603482870170807,0,0.3481276322734778,False
a4e714-0-477bce60cd20,TERMINAL_ARRIVAL,LOW_LEVEL_TRANSIT,0.4098913370280584,0,0.6090210899583459,False
a967ae-0-f9cf676b478a,TERMINAL_ARRIVAL,LOW_LEVEL_TRANSIT,0.49721312343775453,0,0.6759380720657765,False
a3f04a-0-88a6a3df92b8,TERMINAL_ARRIVAL,TERMINAL_ARRIVAL,0.0,0,0.0,False
a486b3-0-692e5c9e6e17,TERMINAL_ARRIVAL,TERMINAL_ARRIVAL,0.0,0,0.0,False
a34e97-0-4e9001368619,TERMINAL_ARRIVAL,TERMINAL_ARRIVAL,0.0,0,0.0,False
ab7aa2-0-b2da9d616eb9,TERMINAL_ARRIVAL,TERMINAL_ARRIVAL,0.0,0,0.0,False
a8e279-0-bb7cb20616b1,TERMINAL_ARRIVAL,TERMINAL_ARRIVAL,0.0,0,0.0,False
a44e18-0-459c56a17f48,TERMINAL_ARRIVAL,TERMINAL_ARRIVAL,0.0,0,0.0,False
06a129-0-74e8323cf9d8,TERMINAL_ARRIVAL,TERMINAL_ARRIVAL,0.6231885333862986,0,0.6231885333862986,False
aca3e6-0-12755ff306f0,TERMINAL_ARRIVAL,TERMINAL_ARRIVAL,0.3554319489743004,0,0.3554319489743004,False
0c20be-0-a8f40a781431,TERMINAL_ARRIVAL,TERMINAL_ARRIVAL,0.0,0,0.0,False
abc3ec-0-9d8f5e20d8e1,TERMINAL_ARRIVAL,TERMINAL_ARRIVAL,0.0,0,0.0,False
a8dc8c-0-5d6d3c37c046,TERMINAL_ARRIVAL,TERMINAL_ARRIVAL,0.0,0,0.0,False
a008c5-0-c84fba01abca,TERMINAL_ARRIVAL,TERMINAL_ARRIVAL,6.528515479403532e-16,0,6.528515479403532e-16,False
a939e8-0-1538f7aceea6,TERMINAL_ARRIVAL,ENROUTE_DESCENT,0.09255673917302375,0,0.236708164729502,False
a8bc34-0-e759a759d1ab,TERMINAL_ARRIVAL,TERMINAL_ARRIVAL,0.0,0,0.0,False
a8df4b-0-1402294e89e7,TERMINAL_ARRIVAL,TERMINAL_ARRIVAL,0.0,0,0.0,False
ad34b9-0-4052298ec2c4,TERMINAL_ARRIVAL,TERMINAL_ARRIVAL,0.0,0,0.0,False
a3f4ea-0-e4609b1942b6,TERMINAL_ARRIVAL,TERMINAL_ARRIVAL,0.0,0,0.0,False
a8c802-0-d92c8be29d17,TERMINAL_ARRIVAL,ENROUTE_DESCENT,0.6172785935140325,0,2.3918613987281847,True
3c4590-0-df7921dda1f4,TERMINAL_ARRIVAL,TERMINAL_ARRIVAL,0.0,0,0.0,False
a7a87a-0-8f476ff2842c,UNKNOWN,HOLDING_LOCAL,0.4378529802049048,0,,False
ac253c-0-0db088c6277e,UNKNOWN,FINAL_APPROACH,0.4138661260837411,0,,False
a57c44-0-9bda1903cff5,UNKNOWN,HOLDING_LOCAL,1.4858294187415808,-1,,False
a02a0d-0-443d480500c4,UNKNOWN,HOLDING_LOCAL,0.41566054663544955,0,,False
adc531-0-5a66cefcd9da,UNKNOWN,ENROUTE_DESCENT,0.31873037154818334,0,,False
a13d92-0-476840413c91,UNKNOWN,FINAL_APPROACH,0.3038086558091281,0,,False
aa3c62-0-c305efe7c359,UNKNOWN,FINAL_APPROACH,0.35583149664992636,0,,False
a7a04c-0-d56a8a562fa4,UNKNOWN,LOW_LEVEL_TRANSIT,0.4592944632770987,0,,False
ab7cd3-0-488855acc6b5,UNKNOWN,FINAL_APPROACH,0.5053258604701739,0,,False
a04904-0-38f14b4afffb,UNKNOWN,DEPARTURE,0.7487270978046584,0,,False
a17ba1-0-837a44235604,UNKNOWN,HOLDING_LOCAL,1.4687044839124754,-1,,False
a515ec-0-22d75b18e5f8,UNKNOWN,FINAL_APPROACH,0.7377022384696623,0,,False
a75337-0-d64fdf47e611,UNKNOWN,HOLDING_LOCAL,0.20357588331156687,0,,False
a67040-0-3c49aee73a21,UNKNOWN,HOLDING_LOCAL,0.44561332025705985,0,,False
a19c2d-0-0503fe70864c,UNKNOWN,FINAL_APPROACH,0.32003529597989083,0,,False
a34e4f-0-601de8441d00,UNKNOWN,LOW_LEVEL_TRANSIT,0.5434903595604306,0,,False
a55914-0-1d4f559d823d,UNKNOWN,FINAL_APPROACH,0.5985941526951591,0,,False
a148cc-0-84c0b0bc91c8,UNKNOWN,LOW_LEVEL_TRANSIT,0.7246211806282322,0,,False
a2d880-0-6dba4d87b2fb,UNKNOWN,LOW_LEVEL_TRANSIT,0.31555349874953553,0,,False
a95fe6-0-accba55eb559,UNKNOWN,LOW_LEVEL_TRANSIT,0.35339187078954487,0,,False
a0a77b-0-04dbfea85391,UNKNOWN,FINAL_APPROACH,0.18839026777341103,0,,False
a5198c-0-4c39395bdb5c,UNKNOWN,FINAL_APPROACH,0.333198355086691,0,,False
aaa710-0-a3ad3c98ea2a,UNKNOWN,LOW_LEVEL_TRANSIT,0.17732694295016008,0,,False
a8d8a6-0-fc7c9ba2f43c,UNKNOWN,FINAL_APPROACH,0.2768665925811575,0,,False
a52dc1-0-e5f0d55b9d46,UNKNOWN,FINAL_APPROACH,0.3578916002114817,0,,False
a8d9ea-0-54399ec2b415,UNKNOWN,FINAL_APPROACH,0.5316743743566369,0,,False
~2c2090-0-c04237b51286,UNKNOWN,HOLDING_LOCAL,0.7200436606363206,0,,False
a94450-0-228aaf544811,UNKNOWN,FINAL_APPROACH,0.45219865940841075,0,,False
acf735-0-e540d2304cc5,UNKNOWN,HOLDING_LOCAL,0.22398201957338437,0,,False
acfb5c-0-57796f92e718,UNKNOWN,LOW_LEVEL_TRANSIT,0.27065990199200296,0,,False
a082a6-0-5c65f8518986,UNKNOWN,FINAL_APPROACH,0.5560654867861463,0,,False
a9d842-0-9a499c4d035d,UNKNOWN,FINAL_APPROACH,0.25900058175784035,0,,False
ae64c2-0-6bdd6fd58860,UNKNOWN,DEPARTURE,0.4933853101849237,0,,False
a9df64-0-cd01f46d679d,UNKNOWN,FINAL_APPROACH,0.28456098579046013,0,,False
ab9126-0-cfe1c978371f,UNKNOWN,LOW_LEVEL_TRANSIT,0.2931207219410153,0,,False
a596a3-0-b487b410eb1c,UNKNOWN,FINAL_APPROACH,0.6967180725245011,0,,False
ac30c0-0-7486343af8ed,UNKNOWN,LOW_LEVEL_TRANSIT,0.18546283463301494,0,,False
a413eb-0-9bc16820f5fc,UNKNOWN,LOW_LEVEL_TRANSIT,0.3371445142482212,0,,False
a79b93-0-8c1d6c8a791b,UNKNOWN,HOLDING_LOCAL,0.8540200408221849,0,,False
a5b59d-0-eb928fa968c2,UNKNOWN,HOLDING_LOCAL,0.5014079512937794,0,,False
a7eca2-0-5cba839552cf,UNKNOWN,FINAL_APPROACH,0.3048399961316159,0,,False
ab9126-0-45ea5e81e639,UNKNOWN,FINAL_APPROACH,0.2635473430842883,0,,False
aac255-0-ce127ea28fd2,UNKNOWN,LOW_LEVEL_TRANSIT,0.5703174830359752,0,,False
a86ba5-0-5f9a848d9c2c,UNKNOWN,LOW_LEVEL_TRANSIT,1.0143327439795122,-1,,False
a66c17-0-fb5a3c01af75,UNKNOWN,LOW_LEVEL_TRANSIT,0.36652789779711836,0,,False
a4f0db-0-9d5cea1c62b6,UNKNOWN,FINAL_APPROACH,0.4019286764314526,0,,False
ad0919-0-f3ead084579d,UNKNOWN,LOW_LEVEL_TRANSIT,0.5915946495127613,0,,False
a33d62-0-83b3630af143,UNKNOWN,DEPARTURE,0.5296379373667491,0,,False
a6c5d6-0-5b7aaa3fcf99,UNKNOWN,FINAL_APPROACH,0.33949897462006795,0,,False
a30d55-0-931d8783cce4,UNKNOWN,LOW_LEVEL_TRANSIT,0.6119982928809075,0,,False
a1ec62-0-4779da0870c9,UNKNOWN,GROUND_LOCAL,0.8124796150247855,0,,True
a4e342-0-171a158fd804,UNKNOWN,FINAL_APPROACH,0.4125201153773667,0,,False
a720ac-0-ba6a4342e395,UNKNOWN,LOW_LEVEL_TRANSIT,0.2608684009647948,0,,False
a5a365-0-7436eb4ad883,UNKNOWN,DEPARTURE,0.7535139299662553,0,,False
a95fe6-0-ac363d42adb8,UNKNOWN,FINAL_APPROACH,0.42970205888290564,0,,False
a68562-0-3de03807a8bd,UNKNOWN,LOW_LEVEL_TRANSIT,0.3134514558831371,0,,False
c02e8f-0-5576aba6a61b,UNKNOWN,FINAL_APPROACH,0.20592814955805677,0,,False
a9ecdf-0-bfe83324b89b,UNKNOWN,LOW_LEVEL_TRANSIT,0.8319498896771348,0,,False
a52717-0-8c9cd80f1d1e,UNKNOWN,FINAL_APPROACH,1.406020697291745,-1,,False
a52717-0-96f8b0fdf248,UNKNOWN,FINAL_APPROACH,0.41932486993633805,0,,False
a24a3d-0-19fce7dc522b,UNKNOWN,LOW_LEVEL_TRANSIT,0.8395453217028241,0,,False
a0a77b-0-930b232d8b3f,UNKNOWN,FINAL_APPROACH,0.3220069749409731,0,,False
a360ee-0-dd4777b98fdc,UNKNOWN,FINAL_APPROACH,0.4327850031749153,0,,False
abe4f6-0-e1db5035c6da,UNKNOWN,FINAL_APPROACH,0.2575944627308169,0,,False
a02982-0-550389b09736,UNKNOWN,FINAL_APPROACH,0.5792928104043957,0,,False
a9ecdf-0-107633761d63,UNKNOWN,FINAL_APPROACH,0.3487968399966672,0,,False
a7561b-0-2f412bf6d383,UNKNOWN,DEPARTURE,0.5830699345186169,0,,False
a2072f-0-77b7bcd4a263,UNKNOWN,LOW_LEVEL_TRANSIT,0.19272457235794915,0,,False
a4e342-0-9909f7f71fee,UNKNOWN,HOLDING_LOCAL,0.36547965972039176,0,,False
ad1747-0-4a3ecc5f92cf,UNKNOWN,GROUND_LOCAL,0.31570114896030455,0,,False
abe03c-0-79e2aca18b99,UNKNOWN,LOW_LEVEL_TRANSIT,0.6834079416268719,0,,False
a5404a-0-6242bb5de41d,UNKNOWN,HOLDING_LOCAL,0.6478478380844656,0,,False
a1e7d6-0-86ec56373a8b,UNKNOWN,DEPARTURE,0.7959392282238222,0,,False
a2b433-0-a564acf4172b,UNKNOWN,FINAL_APPROACH,0.32874180695727045,0,,False
ab94ab-0-04140d6774c2,UNKNOWN,HOLDING_LOCAL,0.18753992437039518,0,,False
a8371a-0-4fb826afd009,UNKNOWN,GROUND_LOCAL,0.6603555432510618,0,,False
a24a3d-0-3ae9173d98ba,UNKNOWN,HOLDING_LOCAL,0.23939276771991252,0,,False
ac956e-0-15073546bc7b,UNKNOWN,TERMINAL_ARRIVAL,1.0057133432569174,-1,,False
a9e737-0-16d4ce82dda6,UNKNOWN,HOLDING_LOCAL,0.5334770924641876,0,,False
a55d6a-0-9adc02992f09,UNKNOWN,FINAL_APPROACH,0.4181141916946501,0,,False
a6c1dc-0-08cc8e43341e,UNKNOWN,LOW_LEVEL_TRANSIT,0.4054767605791787,0,,False
a8a91e-0-57c4ff2b9f33,UNKNOWN,LOW_LEVEL_TRANSIT,0.11959232968138803,0,,False
a64f85-0-f38acfe518ef,UNKNOWN,FINAL_APPROACH,0.2885462521319969,0,,False
a88f1b-0-97049d6907a4,UNKNOWN,FINAL_APPROACH,0.4670306905322243,0,,False
a69530-0-6b0f75077b19,UNKNOWN,HOLDING_LOCAL,1.0572132374206842,-1,,False
a27ca5-0-247cd8951668,UNKNOWN,HOLDING_LOCAL,0.26542278104240485,0,,False
a552fd-0-88240cb60e8c,UNKNOWN,FINAL_APPROACH,0.4446692801224722,0,,False
abf602-0-0c54bb0bffe1,UNKNOWN,FINAL_APPROACH,0.5117686543711939,0,,False
aae516-0-8ead3a20bb0b,UNKNOWN,FINAL_APPROACH,0.9326314097441037,0,,False
ac32d3-0-858f723ed7f5,UNKNOWN,LOW_LEVEL_TRANSIT,0.4075815486521648,0,,False
ac69e0-0-430ddb42177d,UNKNOWN,FINAL_APPROACH,0.5141514731318438,0,,False
a6c60d-0-c924e7f38ac2,UNKNOWN,LOW_LEVEL_TRANSIT,0.21438855773942608,0,,False
a6e342-0-7d19a04e389f,UNKNOWN,GROUND_LOCAL,0.7008092962280553,0,,False
a1bcfd-0-53167342a11b,UNKNOWN,LOW_LEVEL_TRANSIT,0.31668571419986724,0,,False
aa7bea-0-ff5e25592d44,UNKNOWN,LOW_LEVEL_TRANSIT,0.2527975418332802,0,,False
a31d75-0-ad4e27a3e096,UNKNOWN,FINAL_APPROACH,0.3103710933228482,0,,False
a80f63-0-9d02f0aa689a,UNKNOWN,FINAL_APPROACH,0.49591320413054985,0,,False
a37912-0-2a90e29a4fbc,UNKNOWN,LOW_LEVEL_TRANSIT,0.18164552121685046,0,,False
ab913d-0-c96e5342df24,UNKNOWN,LOW_LEVEL_TRANSIT,0.535885590562373,0,,False
a5fb91-0-2de18291aa89,UNKNOWN,LOW_LEVEL_TRANSIT,0.8518103565348316,0,,False
a736a7-0-59d46eb24b10,UNKNOWN,FINAL_APPROACH,0.27035360999325897,0,,False
a46391-0-d47c96c696c4,UNKNOWN,HOLDING_LOCAL,0.29588677170444355,0,,False
ac4b9a-0-e27fd5b640d2,UNKNOWN,FINAL_APPROACH,0.4797279135640659,0,,False
ac6f41-0-4edab5eb7e4d,UNKNOWN,FINAL_APPROACH,0.4122996791007077,0,,False
a84f0e-0-728aa0c847ce,UNKNOWN,HOLDING_LOCAL,0.5932053977561247,0,,False
aa8bc4-0-dfaa7c8f3656,UNKNOWN,HOLDING_LOCAL,0.47544345856654563,0,,False
ac69e0-0-132a42744b86,UNKNOWN,GROUND_LOCAL,0.2814173432461471,0,,False
ab3ef7-0-7f1f5d512720,UNKNOWN,FINAL_APPROACH,0.4919805481748066,0,,False
a9bc8a-0-dc6eafb7aec0,UNKNOWN,FINAL_APPROACH,0.8502191326280902,0,,False
abe1c2-0-14fe9af3d88c,UNKNOWN,LOW_LEVEL_TRANSIT,0.18797419287613235,0,,False
acc95d-0-31b751d00939,UNKNOWN,HOLDING_LOCAL,0.28501748814998534,0,,False
a1e15a-0-bd8cee90356f,UNKNOWN,FINAL_APPROACH,0.3892692283425741,0,,False
4851b0-0-25f352139cc8,UNKNOWN,TERMINAL_ARRIVAL,0.45792662559058617,0,,False
a89efc-0-f2564753c5f6,UNKNOWN,FINAL_APPROACH,0.2707832195421711,0,,False
a95fe6-0-a0323bbc5370,UNKNOWN,HOLDING_LOCAL,0.22248005529473502,0,,False
aae516-0-517efde02317,UNKNOWN,FINAL_APPROACH,0.3727515706982833,0,,False
a94af1-0-24dd00d6e544,UNKNOWN,FINAL_APPROACH,0.31377817102314776,0,,False
a0a597-0-534d40d0e114,UNKNOWN,FINAL_APPROACH,0.3669260350925106,0,,False
a0a127-0-70f19b27918a,UNKNOWN,ENROUTE_DESCENT,0.2812643523720212,0,,False
a95fe6-0-abf399b409a0,UNKNOWN,HOLDING_LOCAL,0.39353365541161234,0,,False
a2c54e-0-ebd3268d7692,UNKNOWN,HOLDING_LOCAL,0.4839064077402376,0,,False
acf69b-0-a1d7e9c9da41,UNKNOWN,LOW_LEVEL_TRANSIT,0.4143237661072656,0,,False
a2e847-0-7fcd9e3a9a88,UNKNOWN,LOW_LEVEL_TRANSIT,0.21724119664645436,0,,False
a6778d-0-1b9b9d87fd30,UNKNOWN,HOLDING_LOCAL,0.3160199810012459,0,,False
a83742-0-b059d76e2ea0,UNKNOWN,GROUND_LOCAL,0.37068658991708314,0,,False
aa988a-0-5fe940586042,UNKNOWN,LOW_LEVEL_TRANSIT,0.27571188240124433,0,,False
a7f9bd-0-470028eea945,UNKNOWN,LOW_LEVEL_TRANSIT,0.10441793944495785,0,,False
a2e3cb-0-aa6b18f27389,UNKNOWN,LOW_LEVEL_TRANSIT,0.7322119702587763,0,,False
a3a9b6-0-3bdfe9755f84,UNKNOWN,LOW_LEVEL_TRANSIT,0.5470105420681539,0,,False
a24d26-0-8347ded29ffa,UNKNOWN,LOW_LEVEL_TRANSIT,0.4259541706867646,0,,False
a4bbcb-0-d6b93dd94a08,UNKNOWN,FINAL_APPROACH,0.31587529342829074,0,,False
a62cc9-0-d0c0f73c12aa,UNKNOWN,LOW_LEVEL_TRANSIT,0.3112046988942172,0,,False
a968f8-0-3d631dfa1a8c,UNKNOWN,ENROUTE_CLIMB,0.46217329302199,0,,False
a86bb2-0-fb8eadd31427,UNKNOWN,HOLDING_LOCAL,0.3031929452107063,0,,False
ab3f0d-0-f39fd97b91f8,UNKNOWN,HOLDING_LOCAL,0.5570595596646702,0,,False
ab42d3-0-d5a2b7f19e81,UNKNOWN,FINAL_APPROACH,0.5193758650249983,0,,False
a95fe6-0-417f3a8617ea,UNKNOWN,FINAL_APPROACH,0.34463821696080177,0,,False
ab4994-0-1d51a2d816ef,UNKNOWN,FINAL_APPROACH,0.6969784731973234,0,,False
a6778d-0-6bcec9ee1508,UNKNOWN,FINAL_APPROACH,0.3099579334463394,0,,False
a52717-0-dbacbd4ab6be,UNKNOWN,FINAL_APPROACH,0.7635157234155014,0,,False
a9ea63-0-da10b3bced4a,UNKNOWN,LOW_LEVEL_TRANSIT,0.5380285349502753,0,,False
a42f04-0-1d80f835357e,UNKNOWN,GROUND_LOCAL,0.22943153639967587,0,,False
a1c75a-0-515eb75df500,UNKNOWN,HOLDING_LOCAL,0.44526246409808745,0,,False
ac2bb8-0-f05b33344447,UNKNOWN,ENROUTE_DESCENT,0.5124044897376574,0,,False
a65426-0-47f08ad70123,UNKNOWN,GROUND_LOCAL,0.2041818361812131,0,,False
a9bc8a-0-2210b99cb9f5,UNKNOWN,HOLDING_LOCAL,0.25968245220013403,0,,False
a1fb14-0-6abf40ce6e74,UNKNOWN,HOLDING_LOCAL,0.28700634943592396,0,,False
a8d73b-0-730afc2d9d3f,UNKNOWN,FINAL_APPROACH,0.5897900409026855,0,,False
a01b04-0-045e51d71b0b,UNKNOWN,FINAL_APPROACH,0.38940307674212987,0,,False
a76884-0-a6d2c49d4689,UNKNOWN,FINAL_APPROACH,0.35377642531695797,0,,False
aa056b-0-7edf88330b86,UNKNOWN,DEPARTURE,0.7716335232115336,0,,False
a9dffd-0-d4ed0d84c339,UNKNOWN,LOW_LEVEL_TRANSIT,1.0150850697239087,-1,,False
adc8fc-0-15a2f13cf694,UNKNOWN,HOLDING_LOCAL,0.36717157388246946,0,,False
a9fb29-0-f88fef800f85,UNKNOWN,HOLDING_LOCAL,0.6078747693042797,0,,False
a2dd23-0-b1169f317834,UNKNOWN,FINAL_APPROACH,0.3477522380997836,0,,False
a7d4f4-0-789450c8fb30,UNKNOWN,FINAL_APPROACH,0.26622564761999556,0,,False
ace31a-0-df88d6a0db90,UNKNOWN,FINAL_APPROACH,0.5668025563597379,0,,False
a16177-0-f347b151df06,UNKNOWN,HOLDING_LOCAL,0.27840774607087637,0,,False
a92465-0-9e44c72407a3,UNKNOWN,DEPARTURE,0.8711492708648542,0,,False
a5918f-0-5faa2fde7b3b,UNKNOWN,DEPARTURE,0.6947881765001389,0,,False
aabd54-0-65088a8495b6,UNKNOWN,GROUND_LOCAL,0.4958261453411863,0,,False
a84f0e-0-eff0f21e11b0,UNKNOWN,FINAL_APPROACH,0.33848240437202093,0,,False
a6759c-0-097785f3688d,UNKNOWN,HOLDING_LOCAL,0.7417279057197737,0,,False
a9973d-0-d1ab74679ee6,UNKNOWN,FINAL_APPROACH,0.4104050313643012,0,,False
a5d762-0-cfa284b7280e,UNKNOWN,HOLDING_LOCAL,0.2142245316088601,0,,False
a60cf5-0-47b68c52af27,UNKNOWN,LOW_LEVEL_TRANSIT,0.4965142697535739,0,,False
a1c8cd-0-d9e7a4789e8f,UNKNOWN,LOW_LEVEL_TRANSIT,0.8870870259486745,0,,False
a6e342-0-0d0b7dba5e32,UNKNOWN,FINAL_APPROACH,0.24148758253182978,0,,False
a87e4f-0-7901293528be,UNKNOWN,HOLDING_LOCAL,0.5188983078964136,0,,False
a95fe6-0-b9dfec297b9b,UNKNOWN,LOW_LEVEL_TRANSIT,0.3374009887100229,0,,False
a10b68-0-64a64c12783d,UNKNOWN,HOLDING_LOCAL,0.41650137201699394,0,,False
a50fe7-0-b02479d7fb86,UNKNOWN,FINAL_APPROACH,0.23512293959576738,0,,False
ad07ae-0-622d48c2cc1a,UNKNOWN,LOW_LEVEL_TRANSIT,0.3472891968385393,0,,False
a88f1b-0-971346fd56ff,UNKNOWN,FINAL_APPROACH,0.4127590049872291,0,,False
a6b227-0-af96b63248ff,UNKNOWN,HOLDING_LOCAL,0.5806016782764053,0,,False
a1bcfd-0-a5fbfa3ad444,UNKNOWN,DEPARTURE,0.853926704228942,0,,False
a9aabb-0-bf457badbb77,UNKNOWN,LOW_LEVEL_TRANSIT,0.4583966129622589,0,,False
a0f3b0-0-882158468957,UNKNOWN,HOLDING_LOCAL,1.004270822746874,-1,,False
ac9a61-0-1b33affa402c,UNKNOWN,FINAL_APPROACH,0.49284197605901464,0,,False
aa3c64-0-365d6ceba8ab,UNKNOWN,FINAL_APPROACH,0.2947129318955152,0,,False
a20f24-0-543ac4a80d1e,UNKNOWN,LOW_LEVEL_TRANSIT,0.6292038442656416,0,,False
ab3ef7-0-d25b56c3f730,UNKNOWN,HOLDING_LOCAL,0.6039090523848317,0,,False
a52a3b-0-f22f0c434a99,UNKNOWN,FINAL_APPROACH,0.5092031208943143,0,,False
ac6a40-0-5a426773f7c0,UNKNOWN,DEPARTURE,0.6772060003478841,0,,False
a552fd-0-3cc44cda7522,UNKNOWN,FINAL_APPROACH,0.31264527790091856,0,,False
adf080-0-c370e3186fa1,UNKNOWN,DEPARTURE,0.7702547500053184,0,,False
a027d5-0-578c7b90c1d2,UNKNOWN,FINAL_APPROACH,0.20574881693077032,0,,False
a8d8a6-0-295770e58427,UNKNOWN,FINAL_APPROACH,0.25221976756571696,0,,False
a6e07f-0-171eacd1be30,UNKNOWN,FINAL_APPROACH,0.27560952576468184,0,,False
ab9126-0-5f06183ea834,UNKNOWN,FINAL_APPROACH,0.5729077738549466,0,,False
a915e5-0-6f9e08172148,UNKNOWN,FINAL_APPROACH,0.3685954651456223,0,,False
a27ca5-0-8bf9e19954c4,UNKNOWN,HOLDING_LOCAL,0.25648435567084327,0,,False
a2d880-0-ed2030ccbde1,UNKNOWN,FINAL_APPROACH,0.5800795202239262,0,,False
a26c93-0-ce572704c0b0,UNKNOWN,FINAL_APPROACH,0.34966912460029914,0,,False
a9bc8a-0-5e867612bce4,UNKNOWN,FINAL_APPROACH,0.2888584139305211,0,,False
a55d6a-0-227f5728760f,UNKNOWN,GROUND_LOCAL,0.5760556964966751,0,,False
ab38a1-0-7b5cbe2860a2,UNKNOWN,TERMINAL_ARRIVAL,0.42983574383234874,0,,False
a60cf5-0-8d5ae7612901,UNKNOWN,FINAL_APPROACH,0.5968700625072779,0,,False
ac508c-0-a7aeb37659a0,UNKNOWN,FINAL_APPROACH,0.28553700077281186,0,,False
a9ead7-0-7aa74d51696a,UNKNOWN,FINAL_APPROACH,0.6766358837129689,0,,False
ab6d9e-0-31e2ab8fb150,UNKNOWN,GROUND_LOCAL,0.3799275794044677,0,,False
a417bd-0-408b138e126b,UNKNOWN,HOLDING_LOCAL,0.6437699199518562,0,,False
a80f63-0-a06fc768ae77,UNKNOWN,FINAL_APPROACH,0.4616110024676717,0,,False
a80f63-0-7c656abfd90a,UNKNOWN,HOLDING_LOCAL,0.7318166736344158,0,,False
a52717-0-13162165fe77,UNKNOWN,FINAL_APPROACH,0.3533451160784366,0,,False
a18178-0-42aaef09870f,UNKNOWN,HOLDING_LOCAL,0.47999990025803474,0,,False
a557ad-0-65072864cda9,UNKNOWN,LOW_LEVEL_TRANSIT,0.38036348918551904,0,,False
a82258-0-50b1943bec94,UNKNOWN,LOW_LEVEL_TRANSIT,0.4147825822732828,0,,False
ac0110-0-c165dcd79165,UNKNOWN,HOLDING_LOCAL,0.36662976230433914,0,,False
a27ca5-0-e52f72976aaa,UNKNOWN,LOW_LEVEL_TRANSIT,0.9442679218826017,0,,False
ac6d28-0-87b13f697eee,UNKNOWN,GROUND_LOCAL,0.49816624561402306,0,,False
a915e5-0-4c446c9535fc,UNKNOWN,HOLDING_LOCAL,0.33604196916273377,0,,False
aac255-0-feed7e0ab6b9,UNKNOWN,LOW_LEVEL_TRANSIT,0.6350666085389267,0,,False
a9d842-0-97d77fea03bd,UNKNOWN,FINAL_APPROACH,0.44062487777137244,0,,False
a6778d-0-9febf656c9c3,UNKNOWN,FINAL_APPROACH,0.3516566595293417,0,,False
a8e729-0-dad64661d362,UNKNOWN,GROUND_LOCAL,0.5877732977480976,0,,False
ac7113-0-d1c2cd9662a6,UNKNOWN,FINAL_APPROACH,0.5684777212344663,0,,False
a1d07d-0-670c12e1f77b,UNKNOWN,FINAL_APPROACH,0.26969191994066855,0,,False
aa8b0c-0-f57bbc997a17,UNKNOWN,LOW_LEVEL_TRANSIT,0.12288621528831672,0,,False
aca057-0-d79fb32c0bc7,UNKNOWN,FINAL_APPROACH,0.2935350323347178,0,,False
a4e4d8-0-c3f2bbb20f2d,UNKNOWN,LOW_LEVEL_TRANSIT,0.6509055276314955,0,,False
a67040-0-17f303d9d583,UNKNOWN,HOLDING_LOCAL,1.1131403182200679,-1,,False
a9d9cf-0-d5e9b91a283a,UNKNOWN,FINAL_APPROACH,0.4354490756329132,0,,False
a99e27-0-a5988a1fb399,UNKNOWN,HOLDING_LOCAL,1.0149593224139482,-1,,False
a71ec8-0-755fc05f35b9,UNKNOWN,LOW_LEVEL_TRANSIT,0.22092153410642207,0,,False
a52615-0-8da01aa5e4fe,UNKNOWN,GROUND_LOCAL,0.5020930601374622,0,,False
a1c8dc-0-2d770c691be6,UNKNOWN,FINAL_APPROACH,0.39872773193868255,0,,False
adc8fc-0-5460bbcc93c1,UNKNOWN,GROUND_LOCAL,0.27190163531575734,0,,False
aca548-0-6972721da2fa,UNKNOWN,FINAL_APPROACH,0.16263923458131785,0,,False
a27ca5-0-a96cbef0e321,UNKNOWN,FINAL_APPROACH,0.29631603026715153,0,,False
ad6717-0-8a195533a62d,UNKNOWN,FINAL_APPROACH,0.5434132284555154,0,,False
ab599b-0-3a72f5313452,UNKNOWN,DEPARTURE,0.5634512770233784,0,,False
a80f63-0-c5e82bb4064f,UNKNOWN,FINAL_APPROACH,0.2528418160824341,0,,False
a51179-0-a44b54903a61,UNKNOWN,FINAL_APPROACH,0.4028761488092018,0,,False
a55914-0-cd97040c268a,UNKNOWN,HOLDING_LOCAL,0.7817553134603468,0,,False
a70b8c-0-e6bfc6d86f6f,UNKNOWN,FINAL_APPROACH,0.457428313264848,0,,False
ac24dc-0-e500e71f1aff,UNKNOWN,LOW_LEVEL_TRANSIT,0.27806004896094977,0,,False
a515ec-0-52477c1bcdb0,UNKNOWN,HOLDING_LOCAL,0.2312306986811333,0,,False
a87e4f-0-066ae3f10fc6,UNKNOWN,LOW_LEVEL_TRANSIT,0.5293712591076425,0,,False
a4de64-0-06d73971cddb,UNKNOWN,LOW_LEVEL_TRANSIT,0.7566510145518067,0,,False
ace31a-0-2723da95f45b,UNKNOWN,FINAL_APPROACH,0.24858566525515496,0,,False
a5a8c3-0-0065fb8fe5e2,UNKNOWN,FINAL_APPROACH,0.6982068127950593,0,,False
a1c8cd-0-04d7e97ef2e6,UNKNOWN,HOLDING_LOCAL,0.8747422354454553,0,,False
aad9f2-0-631550e950e6,UNKNOWN,FINAL_APPROACH,0.23755750970354045,0,,False
a4940c-0-bcc36074a5f2,UNKNOWN,HOLDING_LOCAL,0.6283787453474121,0,,False
a68562-0-4a027328d4ca,UNKNOWN,FINAL_APPROACH,0.4822859164895554,0,,False
aca548-0-5888148520bd,UNKNOWN,HOLDING_LOCAL,0.459841723050597,0,,False
a9973d-0-e2132fe4609b,UNKNOWN,LOW_LEVEL_TRANSIT,0.13306310673329227,0,,False
a71e04-0-75a02e2de205,UNKNOWN,FINAL_APPROACH,0.44985841498777535,0,,False
a989e5-0-c5f3872de925,UNKNOWN,FINAL_APPROACH,0.5406214384944652,0,,False
a191bf-0-71970373d8ef,UNKNOWN,LOW_LEVEL_TRANSIT,0.4409996093918541,0,,False
a95795-0-e7b99fd5714f,UNKNOWN,HOLDING_LOCAL,1.0226844616291693,-1,,False
a2e310-0-834062fa7c21,UNKNOWN,FINAL_APPROACH,0.31993422248518216,0,,False
a4eaf7-0-1c1dc53e344a,UNKNOWN,FINAL_APPROACH,0.3601881675713209,0,,False
ac119d-0-a3409f098aac,UNKNOWN,FINAL_APPROACH,0.20661394195112473,0,,False
a2815c-0-549fba257638,UNKNOWN,LOW_LEVEL_TRANSIT,0.5987364552073559,0,,False
a6c868-0-c71c26388fad,UNKNOWN,LOW_LEVEL_TRANSIT,0.7745120924223797,0,,False
aa6477-0-80340752df4e,UNKNOWN,FINAL_APPROACH,0.5351494205299605,0,,False
a727ea-0-ce21674bc8a7,UNKNOWN,LOW_LEVEL_TRANSIT,0.3036355461668939,0,,False
a97c9a-0-b76ce6690026,UNKNOWN,HOLDING_LOCAL,0.31310089083741305,0,,False
a64f85-0-6f0e9e5d51e0,UNKNOWN,HOLDING_LOCAL,0.5554062829073938,0,,False
ade547-0-164ab0d16cb7,UNKNOWN,FINAL_APPROACH,0.4734377847055839,0,,False
a05d05-0-55e2e75db275,UNKNOWN,FINAL_APPROACH,0.14409217715850897,0,,False
a80f63-0-97f42fce176e,UNKNOWN,HOLDING_LOCAL,0.948985904135759,0,,False
a1bc9f-0-d92bd91fe631,UNKNOWN,LOW_LEVEL_TRANSIT,1.0752302680334072,-1,,False
a205c9-0-39ca69847914,UNKNOWN,FINAL_APPROACH,0.48201055703312445,0,,False
acf735-0-a5c1b80297e8,UNKNOWN,LOW_LEVEL_TRANSIT,0.27714930347888855,0,,False
a40168-0-c220a27e9480,UNKNOWN,FINAL_APPROACH,0.4450598271921657,0,,False
aca548-0-ceb69adfed6c,UNKNOWN,HOLDING_LOCAL,0.5549049244633081,0,,False
ab1122-0-cf3cad6b48f7,UNKNOWN,ENROUTE_CLIMB,0.5600453047109192,0,,False
a5d762-0-897d48bee200,UNKNOWN,FINAL_APPROACH,0.39233515906279504,0,,False
a9d9cf-0-adb065eefb0c,UNKNOWN,FINAL_APPROACH,0.4713656103629281,0,,False
a6c60d-0-5d4ec40e0a09,UNKNOWN,FINAL_APPROACH,0.3784368175299374,0,,False
a035d8-0-6568b333e12c,UNKNOWN,LOW_LEVEL_TRANSIT,0.3112340327998479,0,,False
a9ead7-0-de98cb96c0c7,UNKNOWN,FINAL_APPROACH,0.38010068862054036,0,,False
~2c1a58-0-5f8518b69246,UNKNOWN,FINAL_APPROACH,0.7621885943805692,0,,False
a8d8a6-0-6b9ae7c220fa,UNKNOWN,FINAL_APPROACH,0.32589268382412395,0,,False
a03a33-0-637b4ec82917,UNKNOWN,FINAL_APPROACH,0.470881305000397,0,,False
a51a76-0-b34c69476d31,UNKNOWN,DEPARTURE,0.5605466828883354,0,,False
~2c2b49-0-1dcea2594002,UNKNOWN,HOLDING_LOCAL,0.6717190369126794,0,,False
a4bbde-0-ba31dfc96292,UNKNOWN,LOW_LEVEL_TRANSIT,0.35472522537350926,0,,False
ab181c-0-d8c974e293f8,UNKNOWN,FINAL_APPROACH,0.5011726532137265,0,,False
a549d6-0-ec2b20d47ad4,UNKNOWN,LOW_LEVEL_TRANSIT,0.37163054440812227,0,,False
a0f44c-0-4294c670cf74,UNKNOWN,FINAL_APPROACH,0.45355709405403727,0,,False
a6fc80-0-346ad2a82693,UNKNOWN,GROUND_LOCAL,0.8175026382197823,0,,False
adc7bd-0-642ff7d7fe25,UNKNOWN,GROUND_LOCAL,0.3608080885459237,0,,False
a9c7e8-0-283182c4681f,UNKNOWN,FINAL_APPROACH,0.3055700381391561,0,,False
a002cb-0-ef737515f196,UNKNOWN,DEPARTURE,0.5340239449896519,0,,False
a6778d-0-97c73daa581a,UNKNOWN,FINAL_APPROACH,0.2996707743222147,0,,False
aa01b5-0-5c59312ecd46,UNKNOWN,FINAL_APPROACH,0.3031867804243963,0,,False
a437c0-0-2cf5cdf3b590,UNKNOWN,TERMINAL_ARRIVAL,0.31660534590649403,0,,False
aabd54-0-29942e657713,UNKNOWN,GROUND_LOCAL,0.32139254231821335,0,,False
a69e14-0-50e7a1f4a69c,UNKNOWN,HOLDING_LOCAL,0.3168713558139946,0,,False
a2dd23-0-b084bd7c7743,UNKNOWN,FINAL_APPROACH,0.43702300300384556,0,,False
a3c7b6-0-c81eb632ba81,UNKNOWN,FINAL_APPROACH,0.2566007604409672,0,,False
a65426-0-a0d1314a313f,UNKNOWN,GROUND_LOCAL,0.6549877941989848,0,,False
acf735-0-c4637e0c21fc,UNKNOWN,GROUND_LOCAL,0.648538451280652,0,,False
ace31a-0-ae837af260b1,UNKNOWN,HOLDING_LOCAL,0.2451644220254994,0,,False
a37c00-0-a96663c375f9,UNKNOWN,HOLDING_LOCAL,0.32245723216372835,0,,False
a95fe6-0-5471b209bf93,UNKNOWN,HOLDING_LOCAL,0.39636131711057104,0,,False
a6a977-0-9d1e5c535880,UNKNOWN,LOW_LEVEL_TRANSIT,0.8157168096977698,0,,False
a2a1fc-0-1c9d53efa08a,UNKNOWN,LOW_LEVEL_TRANSIT,0.24858787516732272,0,,False
a94af1-0-4bca58282cd9,UNKNOWN,GROUND_LOCAL,0.30862375000267,0,,False
a3c647-0-a3115784e096,UNKNOWN,LOW_LEVEL_TRANSIT,0.1758288485508901,0,,False
a94af1-0-e49a2d3455de,UNKNOWN,HOLDING_LOCAL,0.4920761037364159,0,,False
ab3ef7-0-6968761ccd8e,UNKNOWN,GROUND_LOCAL,0.6593808206798351,0,,False
aabe70-0-375e9d0816a4,UNKNOWN,HOLDING_LOCAL,0.40872114362167083,0,,False
aa056b-0-fa579c84bb40,UNKNOWN,LOW_LEVEL_TRANSIT,0.3403082694482568,0,,False
a1c021-0-3744bcd4cd52,UNKNOWN,FINAL_APPROACH,0.25439125142640245,0,,False
a9bc8a-0-ffa5e890023e,UNKNOWN,GROUND_LOCAL,0.6289262924327026,0,,False
ac4ab5-0-06c129d51ec0,UNKNOWN,FINAL_APPROACH,0.43877280463781004,0,,False
a27ca5-0-ccd6739e048a,UNKNOWN,HOLDING_LOCAL,0.49789351736364773,0,,False
ab286b-0-523456e58f19,UNKNOWN,FINAL_APPROACH,0.2616292591834259,0,,False
a1bcfd-0-7375b128e6dd,UNKNOWN,HOLDING_LOCAL,0.37981682781938025,0,,False
a21546-0-1d2329e9c88a,UNKNOWN,LOW_LEVEL_TRANSIT,0.2837780703697419,0,,False
a01b04-0-bd75f57d2364,UNKNOWN,FINAL_APPROACH,0.5667831336093224,0,,False
a07528-0-da6bd4f15f29,UNKNOWN,FINAL_APPROACH,0.26412860651480013,0,,False
adf69a-0-8f792f102f2a,UNKNOWN,FINAL_APPROACH,0.25772552264797244,0,,False
ad6717-0-9c0564926fbb,UNKNOWN,FINAL_APPROACH,0.38412954613696304,0,,False
ab181c-0-48d349605c2e,UNKNOWN,LOW_LEVEL_TRANSIT,0.30817974559623096,0,,False
a18178-0-f05e7230920e,UNKNOWN,FINAL_APPROACH,0.42113446896061435,0,,False
a46e28-0-bb3ab4f14536,UNKNOWN,HOLDING_LOCAL,0.37277416720143736,0,,False
a04c4e-0-72aea66548cf,UNKNOWN,LOW_LEVEL_TRANSIT,0.4332603526685408,0,,False
aa4501-0-bd93b722b8e5,UNKNOWN,FINAL_APPROACH,0.32230582816893494,0,,False
a5a365-0-342f94b7b8fe,UNKNOWN,FINAL_APPROACH,0.4877933388410774,0,,False
aa988a-0-dc62ada71c71,UNKNOWN,LOW_LEVEL_TRANSIT,0.6816758429475034,0,,False
a029ef-0-622b1202a573,UNKNOWN,DEPARTURE,0.48841699961442714,0,,False
a0b44c-0-8f387fe41201,UNKNOWN,HOLDING_LOCAL,0.5639625346034897,0,,False
a5404a-0-e1fd5cb343af,UNKNOWN,HOLDING_LOCAL,0.6685320724509466,0,,False
ac0646-0-f33bc1d1e037,UNKNOWN,LOW_LEVEL_TRANSIT,0.2828014114886356,0,,False
a989e5-0-348c3c013dd9,UNKNOWN,FINAL_APPROACH,0.5298385853093468,0,,False
a4e342-0-99229a9d6807,UNKNOWN,FINAL_APPROACH,0.6428206479094297,0,,False
ab7cd3-0-ee658d5ab83a,UNKNOWN,LOW_LEVEL_TRANSIT,0.7048055746426297,0,,False
a8d8a6-0-60909f0303b6,UNKNOWN,HOLDING_LOCAL,0.3485043991934535,0,,False
a6fc80-0-64b293292faf,UNKNOWN,FINAL_APPROACH,0.5051720981196649,0,,False
aa340b-0-f1bde9fd72f0,UNKNOWN,FINAL_APPROACH,0.6016419945264668,0,,False
a03368-0-800f0be6430b,UNKNOWN,LOW_LEVEL_TRANSIT,0.18633602332769816,0,,False
a6e342-0-7ca121143283,UNKNOWN,FINAL_APPROACH,0.25796427587394705,0,,False
a1c75a-0-05ab138a6c42,UNKNOWN,HOLDING_LOCAL,0.4022143132191785,0,,False
acd43b-0-ae6205c55164,UNKNOWN,FINAL_APPROACH,0.2565554773947153,0,,False
a27ca5-0-1f71a4e222dd,UNKNOWN,HOLDING_LOCAL,0.22723123394468164,0,,False
a34d29-0-e4396069ae3e,UNKNOWN,FINAL_APPROACH,0.3544306539802988,0,,False
a218ed-0-fdb0a2cef37b,UNKNOWN,DEPARTURE,0.4977591840975133,0,,False
a69e14-0-ffc11d2e7a8e,UNKNOWN,LOW_LEVEL_TRANSIT,0.6928853844302193,0,,False
a82258-0-24de5050331f,UNKNOWN,FINAL_APPROACH,0.20039231856310272,0,,False
a1c75a-0-87bf9bf3b20a,UNKNOWN,FINAL_APPROACH,0.2805087487687367,0,,False
c02e91-0-dd5fad9e3fc4,UNKNOWN,LOW_LEVEL_TRANSIT,0.3695467676837505,0,,False
a01507-0-2dbad2bdf1fe,UNKNOWN,ENROUTE_DESCENT,0.6652481746138926,0,,False
a2dd23-0-d6dd34e7ee47,UNKNOWN,HOLDING_LOCAL,0.5245204434205937,0,,False
a8e729-0-1f9b27efa625,UNKNOWN,HOLDING_LOCAL,0.6331995796490295,0,,False
a75c48-0-367ef02124cb,UNKNOWN,HOLDING_LOCAL,0.37020351029143833,0,,False
a46918-0-7b1f1011b41e,UNKNOWN,FINAL_APPROACH,0.46481584454100994,0,,False
ada7b7-0-a7d476f006fc,UNKNOWN,LOW_LEVEL_TRANSIT,0.2427229132792331,0,,False
a68541-0-e06b560c2335,UNKNOWN,FINAL_APPROACH,0.17288364708485976,0,,False
a070d6-0-800f0e343628,UNKNOWN,FINAL_APPROACH,0.47401574483628167,0,,False
a01b04-0-f6fd1f0251b1,UNKNOWN,FINAL_APPROACH,0.5382546565843888,0,,False
a53cf6-0-e1501da26945,UNKNOWN,FINAL_APPROACH,0.38953099422160703,0,,False
a5fb91-0-a3be06ef50db,UNKNOWN,HOLDING_LOCAL,0.6268785904985019,0,,False
a8d8a6-0-2c3ff95fc04c,UNKNOWN,FINAL_APPROACH,0.19049609225625544,0,,False
a3aca6-0-929601df44f5,UNKNOWN,HOLDING_LOCAL,0.743349659673244,0,,False
a74660-0-46986164c485,UNKNOWN,FINAL_APPROACH,0.3266426562454142,0,,False
a88380-0-52b621447664,UNKNOWN,HOLDING_LOCAL,0.24561291106574676,0,,False
a515ec-0-6d1c1173ef25,UNKNOWN,FINAL_APPROACH,0.8530575545351059,0,,False
ae56c6-0-52046423c0e3,UNKNOWN,HOLDING_LOCAL,0.5890126836768679,0,,False
acfb5c-0-e75710f3c8aa,UNKNOWN,LOW_LEVEL_TRANSIT,0.35144868483527264,0,,False
ace31a-0-dc72679480b2,UNKNOWN,HOLDING_LOCAL,0.7774029496511805,0,,False
a4c708-0-1da6c9c7977d,UNKNOWN,FINAL_APPROACH,0.7190110679195306,0,,False
a719c9-0-bcac6595b551,UNKNOWN,HOLDING_LOCAL,0.525379215198691,0,,False
a69e94-0-d9f06dced378,UNKNOWN,LOW_LEVEL_TRANSIT,0.2893142884497982,0,,False
a52d10-0-2c92b4d10eba,UNKNOWN,HOLDING_LOCAL,0.36646868056107396,0,,False
a02d0f-0-fbec937ef4b8,UNKNOWN,FINAL_APPROACH,0.30168413825608364,0,,False
a67040-0-363c1753d8b4,UNKNOWN,FINAL_APPROACH,0.33517434013112246,0,,False
a26a05-0-a91d7c512c2e,UNKNOWN,FINAL_APPROACH,0.20213404669991897,0,,False
a75c48-0-071260b74b84,UNKNOWN,HOLDING_LOCAL,0.48365983083971953,0,,False
a80538-0-3df65ee09d55,UNKNOWN,LOW_LEVEL_TRANSIT,0.21701484407105723,0,,False
a4e342-0-b53ea95bee88,UNKNOWN,FINAL_APPROACH,0.5403587526500528,0,,False
a88bed-0-68c9fa3998cc,UNKNOWN,HOLDING_LOCAL,0.49470707377577616,0,,False
add847-0-e8ea56be3ed7,UNKNOWN,FINAL_APPROACH,0.16305751624613912,0,,False
aaffed-0-da972f3b8611,UNKNOWN,FINAL_APPROACH,0.4968890195629819,0,,False
a27ca5-0-8e1db37609f9,UNKNOWN,LOW_LEVEL_TRANSIT,0.38374124514710356,0,,False
a80f63-0-2d25ad3732ac,UNKNOWN,FINAL_APPROACH,0.5583849871917907,0,,False
a95fe6-0-0511cefcb8c0,UNKNOWN,HOLDING_LOCAL,0.5443795658361642,0,,False
a027d5-0-b96c58f89309,UNKNOWN,HOLDING_LOCAL,0.28062137943022253,0,,False
a4e342-0-ef0f6ccd9939,UNKNOWN,LOW_LEVEL_TRANSIT,0.5784145539081185,0,,False
a95fe6-0-1436721903f7,UNKNOWN,FINAL_APPROACH,0.6324444274501861,0,,False
a515ec-0-244ca5c56be5,UNKNOWN,HOLDING_LOCAL,0.34009725031790466,0,,False
a2dd23-0-cf08cb35b9b5,UNKNOWN,FINAL_APPROACH,0.29876316816911286,0,,False
a2e3cb-0-485d79f389bc,UNKNOWN,FINAL_APPROACH,0.3897163602549638,0,,False
a4c7ad-0-de3b64854467,UNKNOWN,FINAL_APPROACH,0.3093099359666278,0,,False
abe4f6-0-a208e1ead927,UNKNOWN,GROUND_LOCAL,0.3580106600034947,0,,False
a31271-0-30f147365510,UNKNOWN,LOW_LEVEL_TRANSIT,0.2759584073327912,0,,False
a7eca2-0-144d2ed0b009,UNKNOWN,GROUND_LOCAL,0.40016818271888,0,,False
a4e2c4-0-86297ddef03d,UNKNOWN,FINAL_APPROACH,0.6692759271577718,0,,False
a32ddd-0-2bd3f8b22a88,UNKNOWN,LOW_LEVEL_TRANSIT,0.4100218947928616,0,,False
a65426-0-ae73e9c2740b,UNKNOWN,GROUND_LOCAL,0.4357685722256345,0,,False
ada7a4-0-058243ad75b3,UNKNOWN,FINAL_APPROACH,0.2521950547664033,0,,False
abd26b-0-802ebe60f079,UNKNOWN,ENROUTE_CLIMB,0.3488835790853122,0,,False
a02a0d-0-cbcc801b3f4c,UNKNOWN,HOLDING_LOCAL,0.47462686932214504,0,,False
ac1c7a-0-7413031407af,UNKNOWN,FINAL_APPROACH,0.3030848365606206,0,,False
a06408-0-849de39bf48d,UNKNOWN,FINAL_APPROACH,0.6745295769391367,0,,False
a8d5db-0-c32adfca9d13,UNKNOWN,TERMINAL_ARRIVAL,0.703058490497687,0,,False
ac6a40-0-9e8023b2b6c4,UNKNOWN,FINAL_APPROACH,0.5825238109645671,0,,False
a298b2-0-bb8bce7e3fa3,UNKNOWN,LOW_LEVEL_TRANSIT,0.20132216472710662,0,,False
a7e023-0-6e96b17d2fdb,UNKNOWN,HOLDING_LOCAL,1.014251850574118,-1,,False
a074d2-0-a56fdf029540,UNKNOWN,HOLDING_LOCAL,0.4968393641564431,0,,False
a95fe6-0-1adaf8963612,UNKNOWN,FINAL_APPROACH,0.28191208720327743,0,,False
a05dc5-0-502928f8fb75,UNKNOWN,FINAL_APPROACH,0.7102493090337334,0,,False
a915e5-0-54cd73997f46,UNKNOWN,HOLDING_LOCAL,0.4855286628250952,0,,False
a916df-0-8d8158d6ef03,UNKNOWN,FINAL_APPROACH,0.6163842646406423,0,,False
a13325-0-4477edf060a8,UNKNOWN,FINAL_APPROACH,0.36787488781860345,0,,False
a9bc8a-0-b308939fe9ab,UNKNOWN,FINAL_APPROACH,0.31798588354269447,0,,False
a6e342-0-b108966f50da,UNKNOWN,HOLDING_LOCAL,0.4194155854264617,0,,False
a36713-0-c0b99f979f05,UNKNOWN,FINAL_APPROACH,0.21800727903437095,0,,False
acbb63-0-98f76e86877a,UNKNOWN,FINAL_APPROACH,0.2785842551245194,0,,False
a1253b-0-c2067f225377,UNKNOWN,DEPARTURE,0.30503637350752755,0,,False
ab94ab-0-a34d46312a4b,UNKNOWN,FINAL_APPROACH,0.28542778701268046,0,,False
a070d6-0-d00738cde5de,UNKNOWN,FINAL_APPROACH,0.5010000007754616,0,,False
a80136-0-ea9a0b9711a5,UNKNOWN,FINAL_APPROACH,0.6825907740188277,0,,False
a19c2d-0-6f5ac665b146,UNKNOWN,FINAL_APPROACH,0.2285540740232056,0,,False
a33c71-0-b4a3d7ac5828,UNKNOWN,FINAL_APPROACH,0.5697894557413622,0,,False
ada7b7-0-5f85771d2042,UNKNOWN,LOW_LEVEL_TRANSIT,0.2698665909336156,0,,False
a95fe6-0-100b6eb55909,UNKNOWN,LOW_LEVEL_TRANSIT,0.2550574877000531,0,,False
a0095e-0-deafacf0dec4,UNKNOWN,LOW_LEVEL_TRANSIT,0.7513866897459563,0,,False
a719c9-0-faeb868c7a21,UNKNOWN,LOW_LEVEL_TRANSIT,0.35672491040105486,0,,False
a94450-0-1c65d925ba5b,UNKNOWN,HOLDING_LOCAL,0.41621143711614833,0,,False
a5f6d0-0-603e9a547a55,UNKNOWN,FINAL_APPROACH,0.7184465955687953,0,,False
a52717-0-2cc46a7bddcb,UNKNOWN,HOLDING_LOCAL,0.367738833300352,0,,False
a80f63-0-5c1cd8de4f47,UNKNOWN,FINAL_APPROACH,0.3149705810129346,0,,False
aac255-0-9d86107727af,UNKNOWN,HOLDING_LOCAL,0.6225802299703085,0,,False
a9edfc-0-ea9fff621893,UNKNOWN,HOLDING_LOCAL,0.3358726611199688,0,,True
a816ca-0-1d0f45b4e0cd,UNKNOWN,TERMINAL_ARRIVAL,0.26138749532939426,0,,False
a4c708-0-495d990df2c1,UNKNOWN,FINAL_APPROACH,0.9158483115953862,0,,False
a27ca5-0-356738c963e0,UNKNOWN,FINAL_APPROACH,0.25120976704001924,0,,False
acbb63-0-d735623c7984,UNKNOWN,LOW_LEVEL_TRANSIT,0.09473026446361668,0,,False
a27ca5-0-6ce9342a69f1,UNKNOWN,FINAL_APPROACH,0.628557193029821,0,,False
a0f3b0-0-bb4a2bc7ae94,UNKNOWN,FINAL_APPROACH,0.5109854138491827,0,,False
a80dcc-0-7d13abf48632,UNKNOWN,FINAL_APPROACH,0.335258114359897,0,,False
a027d5-0-44b3cd9b1a13,UNKNOWN,FINAL_APPROACH,0.21153686989527512,0,,False
acaad4-0-d04ab14cc4ac,UNKNOWN,LOW_LEVEL_TRANSIT,0.48786254999675316,0,,False
a63793-0-8f09c10ce047,UNKNOWN,FINAL_APPROACH,0.4553549048746763,0,,False
a52d10-0-254d79276847,UNKNOWN,FINAL_APPROACH,0.31550608042162576,0,,False
a989e5-0-4eb3bf259e47,UNKNOWN,FINAL_APPROACH,0.7648639653744507,0,,False
a45c62-0-f36a8feccc13,UNKNOWN,FINAL_APPROACH,0.305976859033141,0,,False
adc8fc-0-026fac8050ab,UNKNOWN,FINAL_APPROACH,0.26725097408907306,0,,False
a88f1b-0-744afdbdc135,UNKNOWN,FINAL_APPROACH,0.44501085718691685,0,,False
a1f375-0-7f68e3ae12f6,UNKNOWN,HOLDING_LOCAL,0.4874444695269497,0,,False
a40168-0-4b9a39992af3,UNKNOWN,FINAL_APPROACH,0.4692858734843611,0,,False
a9a02b-0-1c1c3cb252db,UNKNOWN,GROUND_LOCAL,0.4218021721583745,0,,False
aaf449-0-642a198dac5d,UNKNOWN,HOLDING_LOCAL,0.4229728302811823,0,,False
a26c9f-0-40743d7b45ff,UNKNOWN,HOLDING_LOCAL,0.6842134645569049,0,,False
a85902-0-6de943738d30,UNKNOWN,FINAL_APPROACH,0.9825589064016671,0,,False
ab02b2-0-5cce381af621,UNKNOWN,FINAL_APPROACH,0.3812798334115935,0,,False
ad0bc5-0-05bcb708d0e1,UNKNOWN,LOW_LEVEL_TRANSIT,0.17808327455806164,0,,False
a6de4c-0-f781b2a056fc,UNKNOWN,LOW_LEVEL_TRANSIT,0.4448775329816851,0,,False
a6ca4b-0-ac8573271014,UNKNOWN,FINAL_APPROACH,0.6932566470209789,0,,False
a89efc-0-0ff6e3259e19,UNKNOWN,FINAL_APPROACH,0.24967851225527316,0,,False
a33e4f-0-25931b29a303,UNKNOWN,FINAL_APPROACH,0.28055203173833543,0,,False
ade4be-0-81d9d81a4cff,UNKNOWN,LOW_LEVEL_TRANSIT,0.8458673609609766,0,,False
a19190-0-7cf901e9faad,UNKNOWN,LOW_LEVEL_TRANSIT,0.3890547698823187,0,,False
a6778d-0-fc95779e5d83,UNKNOWN,HOLDING_LOCAL,0.3704825135114063,0,,False
a082a6-0-2c7ce67781be,UNKNOWN,HOLDING_LOCAL,0.5802988042809798,0,,False
a53cf6-0-19488e6de663,UNKNOWN,HOLDING_LOCAL,0.7405795179635861,0,,False
ab3967-0-c6d5e89d70c8,UNKNOWN,FINAL_APPROACH,0.5610324653098465,0,,False
a01ebe-0-290c8627f49e,UNKNOWN,FINAL_APPROACH,0.3633823220092066,0,,False
a05d05-0-74edcaac7440,UNKNOWN,HOLDING_LOCAL,0.4054437093682595,0,,False
aae516-0-dd8fc2d6a809,UNKNOWN,LOW_LEVEL_TRANSIT,0.36045730533642706,0,,False
a8163d-0-acedeb4bb3ba,UNKNOWN,LOW_LEVEL_TRANSIT,0.36694846227443145,0,,False
a2d880-0-87ceb63b7cec,UNKNOWN,LOW_LEVEL_TRANSIT,0.3223023586374439,0,,False
a13408-0-36e8b0596eb2,UNKNOWN,FINAL_APPROACH,0.24550966034854177,0,,False
a54d34-0-d466d6e898ba,UNKNOWN,FINAL_APPROACH,0.23158066091308618,0,,False
a88f1b-0-03473de98071,UNKNOWN,FINAL_APPROACH,0.27525110380138645,0,,False
a82258-0-301f2a9dd332,UNKNOWN,HOLDING_LOCAL,0.18568744633153525,0,,False
acf735-0-ce16c67eb56b,UNKNOWN,FINAL_APPROACH,0.49307038419869154,0,,False
ae511e-0-f7a82dd7d597,UNKNOWN,FINAL_APPROACH,0.5654479007893489,0,,False
a52d10-0-6fcdc77ef332,UNKNOWN,FINAL_APPROACH,0.5395068070611484,0,,False
a62cc9-0-db587cb5c0cb,UNKNOWN,FINAL_APPROACH,0.36527791398740767,0,,False
a67040-0-fc5e1429ecbd,UNKNOWN,FINAL_APPROACH,0.463838227478719,0,,False
a6977f-0-0494f43c70fa,UNKNOWN,HOLDING_LOCAL,0.5182338974924681,0,,False
a58833-0-659b676dddc1,UNKNOWN,FINAL_APPROACH,0.6368996908950119,0,,False
~2c05d9-0-01dd42dfae44,UNKNOWN,LOW_LEVEL_TRANSIT,0.6016222733766422,0,,False
a6e9cd-0-6d4fc821d3b9,UNKNOWN,FINAL_APPROACH,0.3486678514470934,0,,False
a52615-0-74e7355c95de,UNKNOWN,FINAL_APPROACH,0.33353661865459716,0,,False
a82258-0-816bbb04303e,UNKNOWN,HOLDING_LOCAL,0.35932929191833307,0,,False
a03b33-0-b58a748e5d66,UNKNOWN,LOW_LEVEL_TRANSIT,0.465628893361593,0,,False
a18178-0-c233a085dadf,UNKNOWN,LOW_LEVEL_TRANSIT,0.7667342051489342,0,,False
a69e14-0-1acd287cc1b7,UNKNOWN,FINAL_APPROACH,0.24994307515941752,0,,False
a191bf-0-72d09deb9f7a,UNKNOWN,FINAL_APPROACH,0.7093306661213916,0,,False
a55d6a-0-dfe962a98a54,UNKNOWN,FINAL_APPROACH,0.3341620182577271,0,,False
ac3110-0-2db28495a664,UNKNOWN,FINAL_APPROACH,0.46688951767966586,0,,False
a8d8a6-0-d4edd92d66bb,UNKNOWN,GROUND_LOCAL,0.6697493644859277,0,,False
a4940c-0-d2b5e6a4ef4d,UNKNOWN,HOLDING_LOCAL,0.4715077506616764,0,,False
a02a0d-0-15cbeac87c51,UNKNOWN,HOLDING_LOCAL,0.4437915078819257,0,,False
a95fe6-0-bb7b25ec4a6b,UNKNOWN,HOLDING_LOCAL,0.4153951678036623,0,,False
a86bb2-0-3f85c6159344,UNKNOWN,FINAL_APPROACH,0.3893450141229563,0,,False
a19c2d-0-4500ed96fdfb,UNKNOWN,LOW_LEVEL_TRANSIT,0.4914194451122646,0,,False
a9bc8a-0-3991dbd3a30e,UNKNOWN,LOW_LEVEL_TRANSIT,0.2846066333524322,0,,False
a27ca5-0-fce6b33bb14f,UNKNOWN,HOLDING_LOCAL,0.28685726256508925,0,,False
a52dc1-0-c6265c1aaca8,UNKNOWN,HOLDING_LOCAL,0.547691291688747,0,,False
a4c7b9-0-72f76c52cb34,UNKNOWN,FINAL_APPROACH,0.6731053404006643,0,,False
a992f3-0-2ad827ccd8db,UNKNOWN,FINAL_APPROACH,0.44229687625037756,0,,False
